ISO-10303-21;
HEADER;
FILE_DESCRIPTION (( 'STEP AP214' ),
    '1' );
FILE_NAME ('32-Lead LFCSP_cp_32_11.STEP',
    '2023-12-28T06:47:52',
    ( '' ),
    ( '' ),
    'SwSTEP 2.0',
    'SolidWorks 2021',
    '' );
FILE_SCHEMA (( 'AUTOMOTIVE_DESIGN' ));
ENDSEC;

DATA;
#1 = DIRECTION ( 'NONE',  ( -0.000000000000000000, -1.000000000000000000, -0.000000000000000000 ) ) ;
#2 = ORIENTED_EDGE ( 'NONE', *, *, #4114, .F. ) ;
#3 = ADVANCED_FACE ( 'NONE', ( #8772 ), #2003, .T. ) ;
#4 = VERTEX_POINT ( 'NONE', #3653 ) ;
#5 = DIRECTION ( 'NONE',  ( 0.000000000000000000, 1.000000000000000000, 0.000000000000000000 ) ) ;
#6 = EDGE_CURVE ( 'NONE', #9193, #8197, #5358, .T. ) ;
#7 = ORIENTED_EDGE ( 'NONE', *, *, #6515, .F. ) ;
#8 = DIRECTION ( 'NONE',  ( 0.000000000000000000, -0.000000000000000000, -1.000000000000000000 ) ) ;
#9 = VECTOR ( 'NONE', #647, 1000.000000000000000 ) ;
#10 = ORIENTED_EDGE ( 'NONE', *, *, #8681, .F. ) ;
#11 = LINE ( 'NONE', #1725, #1328 ) ;
#12 = DIRECTION ( 'NONE',  ( 1.000000000000000000, 0.000000000000000000, -1.521687259628770718E-15 ) ) ;
#13 = CYLINDRICAL_SURFACE ( 'NONE', #10803, 0.1150000000000001993 ) ;
#14 = CARTESIAN_POINT ( 'NONE',  ( -1.749999999999999112, 0.2000000000000000111, 2.215000000000001190 ) ) ;
#15 = ORIENTED_EDGE ( 'NONE', *, *, #8917, .T. ) ;
#16 = EDGE_CURVE ( 'NONE', #5412, #2931, #9567, .T. ) ;
#17 = VECTOR ( 'NONE', #5437, 1000.000000000000000 ) ;
#18 = ORIENTED_EDGE ( 'NONE', *, *, #1798, .F. ) ;
#19 = DIRECTION ( 'NONE',  ( 0.000000000000000000, 1.000000000000000000, -0.000000000000000000 ) ) ;
#20 = ORIENTED_EDGE ( 'NONE', *, *, #784, .F. ) ;
#21 = LINE ( 'NONE', #895, #5506 ) ;
#22 = CARTESIAN_POINT ( 'NONE',  ( -2.500000000000002220, 0.000000000000000000, -0.3650000000000001021 ) ) ;
#23 = PLANE ( 'NONE',  #8536 ) ;
#24 = AXIS2_PLACEMENT_3D ( 'NONE', #5033, #7524, #3382 ) ;
#25 = CARTESIAN_POINT ( 'NONE',  ( 1.250000000000000888, 0.6614108798023734526, 2.215000000000001190 ) ) ;
#26 = CIRCLE ( 'NONE', #10616, 0.1150000000000000883 ) ;
#27 = FACE_OUTER_BOUND ( 'NONE', #7608, .T. ) ;
#28 = ORIENTED_EDGE ( 'NONE', *, *, #3410, .T. ) ;
#29 = VECTOR ( 'NONE', #759, 1000.000000000000000 ) ;
#30 = CIRCLE ( 'NONE', #8654, 0.1150000000000002964 ) ;
#31 = AXIS2_PLACEMENT_3D ( 'NONE', #4320, #2574, #128 ) ;
#32 = DIRECTION ( 'NONE',  ( 0.000000000000000000, -1.000000000000000000, 0.000000000000000000 ) ) ;
#33 = CARTESIAN_POINT ( 'NONE',  ( -0.6349999999999992317, 0.1999999999999999833, 2.215000000000001190 ) ) ;
#34 = ADVANCED_FACE ( 'NONE', ( #492 ), #6410, .F. ) ;
#35 = DIRECTION ( 'NONE',  ( 0.000000000000000000, 1.000000000000000000, 0.000000000000000000 ) ) ;
#36 = AXIS2_PLACEMENT_3D ( 'NONE', #1339, #7094, #6894 ) ;
#37 = PRESENTATION_STYLE_ASSIGNMENT (( #4390 ) ) ;
#38 = ORIENTED_EDGE ( 'NONE', *, *, #10880, .F. ) ;
#39 = VECTOR ( 'NONE', #107, 1000.000000000000000 ) ;
#40 = CARTESIAN_POINT ( 'NONE',  ( 0.6350000000000005640, 0.1999999999999999833, 2.215000000000001190 ) ) ;
#41 = CARTESIAN_POINT ( 'NONE',  ( -1.635000000000000231, 0.1999999999999996503, 1.635000000000000897 ) ) ;
#42 = DIRECTION ( 'NONE',  ( 7.608436298143888101E-16, -0.000000000000000000, 1.000000000000000000 ) ) ;
#43 = ADVANCED_FACE ( 'NONE', ( #332 ), #3705, .T. ) ;
#44 = AXIS2_PLACEMENT_3D ( 'NONE', #10534, #1240, #3797 ) ;
#45 = ORIENTED_EDGE ( 'NONE', *, *, #6859, .T. ) ;
#46 = CIRCLE ( 'NONE', #2872, 0.1150000000000002964 ) ;
#47 = VECTOR ( 'NONE', #7845, 1000.000000000000000 ) ;
#48 = ORIENTED_EDGE ( 'NONE', *, *, #7270, .T. ) ;
#49 = VECTOR ( 'NONE', #5538, 1000.000000000000000 ) ;
#50 = CARTESIAN_POINT ( 'NONE',  ( 2.215000000000000746, 0.6614108798023753399, -1.134999999999999343 ) ) ;
#51 = EDGE_LOOP ( 'NONE', ( #3189, #6699, #3187, #10524 ) ) ;
#52 = ORIENTED_EDGE ( 'NONE', *, *, #4451, .F. ) ;
#53 = VECTOR ( 'NONE', #2951, 1000.000000000000000 ) ;
#54 = EDGE_CURVE ( 'NONE', #8774, #1706, #6256, .T. ) ;
#55 = FACE_OUTER_BOUND ( 'NONE', #4111, .T. ) ;
#56 = MECHANICAL_DESIGN_GEOMETRIC_PRESENTATION_REPRESENTATION (  '', ( #4809 ), #4284 ) ;
#57 = AXIS2_PLACEMENT_3D ( 'NONE', #7732, #2716, #161 ) ;
#58 = LINE ( 'NONE', #4351, #8908 ) ;
#59 = LINE ( 'NONE', #986, #5429 ) ;
#60 =( LENGTH_UNIT ( ) NAMED_UNIT ( * ) SI_UNIT ( .MILLI., .METRE. ) );
#61 = CARTESIAN_POINT ( 'NONE',  ( -1.249999999999999112, 0.1999999999999999833, 2.100000000000000977 ) ) ;
#62 = VECTOR ( 'NONE', #3430, 1000.000000000000000 ) ;
#63 = CARTESIAN_POINT ( 'NONE',  ( -1.749999999999999778, 0.000000000000000000, 1.635000000000000897 ) ) ;
#64 = AXIS2_PLACEMENT_3D ( 'NONE', #7816, #2743, #296 ) ;
#65 = CARTESIAN_POINT ( 'NONE',  ( 2.499999999999999556, 0.9999999999999991118, 2.499999999999998668 ) ) ;
#66 = AXIS2_PLACEMENT_3D ( 'NONE', #5343, #317, #3690 ) ;
#67 = ORIENTED_EDGE ( 'NONE', *, *, #7649, .T. ) ;
#68 = CYLINDRICAL_SURFACE ( 'NONE', #7118, 0.1150000000000000883 ) ;
#69 = ORIENTED_EDGE ( 'NONE', *, *, #3549, .T. ) ;
#70 = ORIENTED_EDGE ( 'NONE', *, *, #8277, .F. ) ;
#71 = EDGE_CURVE ( 'NONE', #2270, #8004, #3983, .T. ) ;
#72 = VERTEX_POINT ( 'NONE', #540 ) ;
#73 = LINE ( 'NONE', #1555, #6585 ) ;
#74 = CARTESIAN_POINT ( 'NONE',  ( -2.500000000000002220, 0.6614108798023753399, -1.865000000000000213 ) ) ;
#75 = DIRECTION ( 'NONE',  ( -0.000000000000000000, -1.000000000000000000, -0.000000000000000000 ) ) ;
#76 = COLOUR_RGB ( '',0.7921568627450980005, 0.8196078431372548767, 0.9333333333333333481 ) ;
#77 = CARTESIAN_POINT ( 'NONE',  ( 1.365000000000000879, 0.000000000000000000, 2.215000000000001190 ) ) ;
#78 = DIRECTION ( 'NONE',  ( 0.000000000000000000, 0.000000000000000000, -1.000000000000000000 ) ) ;
#79 = EDGE_CURVE ( 'NONE', #1677, #6138, #2980, .T. ) ;
#80 = CARTESIAN_POINT ( 'NONE',  ( 1.635000000000000675, 0.2000000000000000111, 2.215000000000001190 ) ) ;
#81 = PRESENTATION_LAYER_ASSIGNMENT (  '', '', ( #4829 ) ) ;
#82 = VERTEX_POINT ( 'NONE', #9161 ) ;
#83 = VECTOR ( 'NONE', #3556, 1000.000000000000000 ) ;
#84 = EDGE_LOOP ( 'NONE', ( #2164, #9154, #8715, #6637 ) ) ;
#85 = CARTESIAN_POINT ( 'NONE',  ( -2.500000000000000444, 0.05000000000000000278, 2.499999999999999556 ) ) ;
#86 = ORIENTED_EDGE ( 'NONE', *, *, #1341, .T. ) ;
#87 = LINE ( 'NONE', #9185, #10279 ) ;
#88 = ADVANCED_FACE ( 'NONE', ( #707 ), #3193, .F. ) ;
#89 = FACE_OUTER_BOUND ( 'NONE', #9949, .T. ) ;
#90 = CARTESIAN_POINT ( 'NONE',  ( -1.134999999999999343, 0.1999999999999999833, -2.215000000000001190 ) ) ;
#91 = CARTESIAN_POINT ( 'NONE',  ( 1.865000000000000879, 0.000000000000000000, 2.500000000000001332 ) ) ;
#92 = DIRECTION ( 'NONE',  ( 1.000000000000000000, -0.000000000000000000, 7.608436298143875282E-16 ) ) ;
#93 = ORIENTED_EDGE ( 'NONE', *, *, #8625, .T. ) ;
#94 = EDGE_CURVE ( 'NONE', #7296, #8970, #7508, .T. ) ;
#95 = EDGE_CURVE ( 'NONE', #2650, #1861, #9831, .T. ) ;
#96 = LINE ( 'NONE', #8424, #6220 ) ;
#97 = LINE ( 'NONE', #2641, #6050 ) ;
#98 = CARTESIAN_POINT ( 'NONE',  ( -0.1349999999999990652, 0.2000000000000000111, 2.215000000000001190 ) ) ;
#99 = CARTESIAN_POINT ( 'NONE',  ( -1.749999999999999112, 0.2000000000000000111, 2.215000000000001190 ) ) ;
#100 = CARTESIAN_POINT ( 'NONE',  ( -2.500000000000001332, 0.04999999999999969746, 1.365000000000000435 ) ) ;
#101 = FILL_AREA_STYLE ('',( #857 ) ) ;
#102 = VECTOR ( 'NONE', #4369, 1000.000000000000000 ) ;
#103 = DIRECTION ( 'NONE',  ( -1.000000000000000000, 0.000000000000000000, -0.000000000000000000 ) ) ;
#104 = EDGE_LOOP ( 'NONE', ( #5805, #3355, #3255, #2277 ) ) ;
#105 = VECTOR ( 'NONE', #3928, 1000.000000000000000 ) ;
#106 = VECTOR ( 'NONE', #3829, 1000.000000000000000 ) ;
#107 = DIRECTION ( 'NONE',  ( -1.000000000000000000, -0.000000000000000000, -1.521687259628770718E-15 ) ) ;
#108 = ADVANCED_FACE ( 'NONE', ( #7294 ), #1540, .T. ) ;
#109 = ORIENTED_EDGE ( 'NONE', *, *, #7045, .T. ) ;
#110 = CYLINDRICAL_SURFACE ( 'NONE', #9048, 0.1150000000000000883 ) ;
#111 = CARTESIAN_POINT ( 'NONE',  ( 2.500000000000002220, 0.04999999999999969746, -0.3650000000000001021 ) ) ;
#112 = DIRECTION ( 'NONE',  ( -0.000000000000000000, -0.000000000000000000, 1.000000000000000000 ) ) ;
#113 = DIRECTION ( 'NONE',  ( -0.000000000000000000, -1.000000000000000000, -0.000000000000000000 ) ) ;
#114 = DIRECTION ( 'NONE',  ( 0.000000000000000000, 1.000000000000000000, 0.000000000000000000 ) ) ;
#115 = DIRECTION ( 'NONE',  ( 0.000000000000000000, 1.000000000000000000, 0.000000000000000000 ) ) ;
#116 = EDGE_CURVE ( 'NONE', #4793, #5434, #3259, .T. ) ;
#117 = EDGE_CURVE ( 'NONE', #8063, #8690, #1655, .T. ) ;
#118 = EDGE_LOOP ( 'NONE', ( #1371, #10448, #4376, #7207 ) ) ;
#119 = FACE_OUTER_BOUND ( 'NONE', #8506, .T. ) ;
#120 = ADVANCED_FACE ( 'NONE', ( #3313 ), #2322, .T. ) ;
#121 = ORIENTED_EDGE ( 'NONE', *, *, #4812, .T. ) ;
#122 = LINE ( 'NONE', #5919, #1997 ) ;
#123 = ORIENTED_EDGE ( 'NONE', *, *, #1129, .T. ) ;
#124 = EDGE_LOOP ( 'NONE', ( #5774, #2456, #6028, #6766 ) ) ;
#125 = DIRECTION ( 'NONE',  ( -1.000000000000000000, 0.000000000000000000, -3.771137991253918417E-15 ) ) ;
#126 = PLANE ( 'NONE',  #3632 ) ;
#127 = DIRECTION ( 'NONE',  ( -0.000000000000000000, -1.000000000000000000, 0.000000000000000000 ) ) ;
#128 = DIRECTION ( 'NONE',  ( 0.000000000000000000, 0.000000000000000000, -1.000000000000000000 ) ) ;
#129 = FACE_OUTER_BOUND ( 'NONE', #7583, .T. ) ;
#130 = VERTEX_POINT ( 'NONE', #5017 ) ;
#131 = CIRCLE ( 'NONE', #10014, 0.1150000000000000883 ) ;
#132 = EDGE_CURVE ( 'NONE', #9878, #9436, #768, .T. ) ;
#133 = ORIENTED_EDGE ( 'NONE', *, *, #1251, .T. ) ;
#134 = CARTESIAN_POINT ( 'NONE',  ( -0.1349999999999990652, 0.6614108798023734526, 2.215000000000001190 ) ) ;
#135 = VERTEX_POINT ( 'NONE', #2269 ) ;
#136 = CARTESIAN_POINT ( 'NONE',  ( 0.8650000000000007683, 0.04999999999999969746, 2.500000000000001332 ) ) ;
#137 = CARTESIAN_POINT ( 'NONE',  ( -2.500000000000002220, 0.1999999999999999833, -1.865000000000000213 ) ) ;
#138 = DIRECTION ( 'NONE',  ( -0.000000000000000000, -1.000000000000000000, -0.000000000000000000 ) ) ;
#139 = VECTOR ( 'NONE', #6463, 1000.000000000000000 ) ;
#140 = FACE_OUTER_BOUND ( 'NONE', #7134, .T. ) ;
#141 = ORIENTED_EDGE ( 'NONE', *, *, #1315, .F. ) ;
#142 = CARTESIAN_POINT ( 'NONE',  ( -1.365000000000001101, 0.05000000000000000278, -1.038551554696641764E-15 ) ) ;
#143 = VERTEX_POINT ( 'NONE', #6508 ) ;
#144 = ORIENTED_EDGE ( 'NONE', *, *, #991, .T. ) ;
#145 = EDGE_CURVE ( 'NONE', #5214, #8150, #6625, .T. ) ;
#146 = LINE ( 'NONE', #6840, #5668 ) ;
#147 = CARTESIAN_POINT ( 'NONE',  ( -1.634999999999999343, 0.000000000000000000, -2.500000000000001332 ) ) ;
#148 = CARTESIAN_POINT ( 'NONE',  ( -2.215000000000000746, 0.1999999999999999833, 1.250000000000000222 ) ) ;
#149 = LINE ( 'NONE', #10537, #2562 ) ;
#150 = PLANE ( 'NONE',  #8576 ) ;
#151 = CARTESIAN_POINT ( 'NONE',  ( 0.6350000000000007860, 0.000000000000000000, 2.500000000000001332 ) ) ;
#152 = LINE ( 'NONE', #2702, #9195 ) ;
#153 = VERTEX_POINT ( 'NONE', #8333 ) ;
#154 = CLOSED_SHELL ( 'NONE', ( #4851, #6229, #3177, #3765, #7158, #181 ) ) ;
#155 = CARTESIAN_POINT ( 'NONE',  ( -1.749999999999999334, 0.2000000000000000111, -2.215000000000001190 ) ) ;
#156 = ORIENTED_EDGE ( 'NONE', *, *, #5273, .T. ) ;
#157 = FILL_AREA_STYLE_COLOUR ( '', #2191 ) ;
#158 = DIRECTION ( 'NONE',  ( -1.000000000000000000, 0.000000000000000000, 0.000000000000000000 ) ) ;
#159 = CARTESIAN_POINT ( 'NONE',  ( 0.8650000000000007683, 0.6614108798023734526, -2.215000000000001190 ) ) ;
#160 = CARTESIAN_POINT ( 'NONE',  ( -1.134999999999999343, 0.000000000000000000, 2.215000000000001190 ) ) ;
#161 = DIRECTION ( 'NONE',  ( -7.608436298143888101E-16, 0.000000000000000000, -1.000000000000000000 ) ) ;
#162 = CARTESIAN_POINT ( 'NONE',  ( -0.7499999999999991118, 0.6614108798023734526, 2.215000000000001190 ) ) ;
#163 = CARTESIAN_POINT ( 'NONE',  ( 0.7500000000000008882, 0.1999999999999999833, 2.215000000000001190 ) ) ;
#164 = EDGE_CURVE ( 'NONE', #6500, #1086, #9053, .T. ) ;
#165 = ORIENTED_EDGE ( 'NONE', *, *, #1649, .F. ) ;
#166 = CARTESIAN_POINT ( 'NONE',  ( -0.2499999999999991396, 0.2000000000000000111, 2.215000000000001190 ) ) ;
#167 = ORIENTED_EDGE ( 'NONE', *, *, #4196, .T. ) ;
#168 = ORIENTED_EDGE ( 'NONE', *, *, #5471, .T. ) ;
#169 = SURFACE_STYLE_USAGE ( .BOTH. , #9395 ) ;
#170 = EDGE_LOOP ( 'NONE', ( #2106, #10799, #2567, #6764 ) ) ;
#171 =( LENGTH_UNIT ( ) NAMED_UNIT ( * ) SI_UNIT ( .MILLI., .METRE. ) );
#172 = VERTEX_POINT ( 'NONE', #10049 ) ;
#173 = LINE ( 'NONE', #686, #1362 ) ;
#174 = CARTESIAN_POINT ( 'NONE',  ( -2.500000000000001332, 0.04999999999999969746, -1.634999999999999565 ) ) ;
#175 = ADVANCED_FACE ( 'NONE', ( #4147 ), #1487, .T. ) ;
#176 = CARTESIAN_POINT ( 'NONE',  ( 2.215000000000000746, 0.1999999999999999833, -0.6349999999999992317 ) ) ;
#177 = DIRECTION ( 'NONE',  ( 0.000000000000000000, 1.000000000000000000, 0.000000000000000000 ) ) ;
#178 = CARTESIAN_POINT ( 'NONE',  ( -0.2499999999999991396, 0.2000000000000000111, 2.100000000000000977 ) ) ;
#179 = EDGE_CURVE ( 'NONE', #8675, #7326, #9221, .T. ) ;
#180 = VERTEX_POINT ( 'NONE', #8170 ) ;
#181 = ADVANCED_FACE ( 'NONE', ( #607 ), #10723, .F. ) ;
#182 = ORIENTED_EDGE ( 'NONE', *, *, #5551, .F. ) ;
#183 = LINE ( 'NONE', #960, #593 ) ;
#184 = VERTEX_POINT ( 'NONE', #6903 ) ;
#185 = CARTESIAN_POINT ( 'NONE',  ( -2.500000000000002220, 0.1999999999999999833, 0.6349999999999998979 ) ) ;
#186 = DIRECTION ( 'NONE',  ( 0.000000000000000000, -0.000000000000000000, 1.000000000000000000 ) ) ;
#187 = EDGE_CURVE ( 'NONE', #7368, #4045, #6131, .T. ) ;
#188 = DIRECTION ( 'NONE',  ( 7.608436298143875282E-16, 0.000000000000000000, -1.000000000000000000 ) ) ;
#189 = CARTESIAN_POINT ( 'NONE',  ( -0.3649999999999992140, 0.2000000000000000111, -2.500000000000001332 ) ) ;
#190 = LINE ( 'NONE', #4430, #1270 ) ;
#191 = ADVANCED_FACE ( 'NONE', ( #9324 ), #934, .F. ) ;
#192 = CARTESIAN_POINT ( 'NONE',  ( -0.3649999999999992140, 0.2000000000000000111, 2.500000000000001332 ) ) ;
#193 = VERTEX_POINT ( 'NONE', #10946 ) ;
#194 = LINE ( 'NONE', #3568, #3754 ) ;
#195 = AXIS2_PLACEMENT_3D ( 'NONE', #4380, #7587, #2527 ) ;
#196 = DIRECTION ( 'NONE',  ( 0.000000000000000000, -1.000000000000000000, 0.000000000000000000 ) ) ;
#197 = DIRECTION ( 'NONE',  ( -1.000000000000000000, 0.000000000000000000, 0.000000000000000000 ) ) ;
#198 = ADVANCED_FACE ( 'NONE', ( #4241 ), #5232, .F. ) ;
#199 = CARTESIAN_POINT ( 'NONE',  ( -0.3649999999999992140, 0.000000000000000000, -2.500000000000001332 ) ) ;
#200 = AXIS2_PLACEMENT_3D ( 'NONE', #1872, #1033, #4392 ) ;
#201 = EDGE_CURVE ( 'NONE', #6366, #8653, #3476, .T. ) ;
#202 = ADVANCED_FACE ( 'NONE', ( #1822 ), #1759, .F. ) ;
#203 = PLANE ( 'NONE',  #3019 ) ;
#204 = CIRCLE ( 'NONE', #10801, 0.1150000000000001993 ) ;
#205 = ORIENTED_EDGE ( 'NONE', *, *, #3647, .T. ) ;
#206 = AXIS2_PLACEMENT_3D ( 'NONE', #8191, #9005, #5588 ) ;
#207 = CIRCLE ( 'NONE', #4966, 0.1150000000000001993 ) ;
#208 = VERTEX_POINT ( 'NONE', #111 ) ;
#209 = LINE ( 'NONE', #3584, #4994 ) ;
#210 = CARTESIAN_POINT ( 'NONE',  ( -1.864999999999999325, 0.1999999999999999833, 2.500000000000001332 ) ) ;
#211 = CARTESIAN_POINT ( 'NONE',  ( -1.364999999999999547, 0.04999999999999999584, 2.215000000000001190 ) ) ;
#212 = DIRECTION ( 'NONE',  ( -1.000000000000000000, 0.000000000000000000, -1.521687259628770718E-15 ) ) ;
#213 = EDGE_CURVE ( 'NONE', #1394, #5091, #4192, .T. ) ;
#214 = VECTOR ( 'NONE', #8100, 1000.000000000000000 ) ;
#215 = DIRECTION ( 'NONE',  ( 0.000000000000000000, -1.000000000000000000, 0.000000000000000000 ) ) ;
#216 = CARTESIAN_POINT ( 'NONE',  ( 2.215000000000000746, 0.1999999999999999833, 1.365000000000000657 ) ) ;
#217 = AXIS2_PLACEMENT_3D ( 'NONE', #4482, #177, #6924 ) ;
#218 = AXIS2_PLACEMENT_3D ( 'NONE', #8281, #6081, #6857 ) ;
#219 = EDGE_LOOP ( 'NONE', ( #5855, #536, #3284, #1903 ) ) ;
#220 = DIRECTION ( 'NONE',  ( 0.000000000000000000, -1.000000000000000000, 0.000000000000000000 ) ) ;
#221 = CIRCLE ( 'NONE', #7111, 0.1150000000000001993 ) ;
#222 = EDGE_CURVE ( 'NONE', #3716, #5899, #5182, .T. ) ;
#223 = CIRCLE ( 'NONE', #1634, 0.1150000000000000883 ) ;
#224 = VERTEX_POINT ( 'NONE', #8391 ) ;
#225 = DIRECTION ( 'NONE',  ( 0.000000000000000000, 0.000000000000000000, -1.000000000000000000 ) ) ;
#226 = ORIENTED_EDGE ( 'NONE', *, *, #2971, .T. ) ;
#227 = ORIENTED_EDGE ( 'NONE', *, *, #9007, .T. ) ;
#228 = FILL_AREA_STYLE_COLOUR ( '', #1105 ) ;
#229 = VECTOR ( 'NONE', #2593, 1000.000000000000000 ) ;
#230 = VERTEX_POINT ( 'NONE', #5961 ) ;
#231 = EDGE_LOOP ( 'NONE', ( #10333, #7235, #9928, #3393 ) ) ;
#232 = CARTESIAN_POINT ( 'NONE',  ( 2.500000000000001332, 0.6614108798023753399, 1.365000000000000435 ) ) ;
#233 = DIRECTION ( 'NONE',  ( 7.608436298143888101E-16, 0.000000000000000000, -1.000000000000000000 ) ) ;
#234 = DIRECTION ( 'NONE',  ( -0.000000000000000000, -1.000000000000000000, -0.000000000000000000 ) ) ;
#235 = DIRECTION ( 'NONE',  ( 0.000000000000000000, 0.000000000000000000, -1.000000000000000000 ) ) ;
#236 = CARTESIAN_POINT ( 'NONE',  ( -1.749999999999999112, 0.000000000000000000, 2.215000000000001190 ) ) ;
#237 = VERTEX_POINT ( 'NONE', #10328 ) ;
#238 = EDGE_CURVE ( 'NONE', #4747, #1266, #6853, .T. ) ;
#239 = EDGE_LOOP ( 'NONE', ( #2224, #10866, #10284, #9027 ) ) ;
#240 = MECHANICAL_DESIGN_GEOMETRIC_PRESENTATION_REPRESENTATION (  '', ( #10838 ), #4647 ) ;
#241 = DIRECTION ( 'NONE',  ( 5.656706986880909574E-15, 0.000000000000000000, -1.000000000000000000 ) ) ;
#242 = VERTEX_POINT ( 'NONE', #2762 ) ;
#243 = EDGE_CURVE ( 'NONE', #10570, #4281, #10218, .T. ) ;
#244 = DIRECTION ( 'NONE',  ( -0.000000000000000000, -1.000000000000000000, -0.000000000000000000 ) ) ;
#245 = VECTOR ( 'NONE', #2581, 1000.000000000000000 ) ;
#246 = CARTESIAN_POINT ( 'NONE',  ( 2.215000000000000746, 0.1999999999999999833, 0.1349999999999988431 ) ) ;
#247 = FACE_OUTER_BOUND ( 'NONE', #1381, .T. ) ;
#248 = DIRECTION ( 'NONE',  ( 0.000000000000000000, 0.000000000000000000, 1.000000000000000000 ) ) ;
#249 = DIRECTION ( 'NONE',  ( -1.000000000000000000, 0.000000000000000000, 0.000000000000000000 ) ) ;
#250 = CARTESIAN_POINT ( 'NONE',  ( -1.634999999999999343, 0.1999999999999999833, 2.215000000000001190 ) ) ;
#251 = ORIENTED_EDGE ( 'NONE', *, *, #9505, .F. ) ;
#252 = CIRCLE ( 'NONE', #6602, 0.1150000000000000883 ) ;
#253 = EDGE_CURVE ( 'NONE', #2104, #790, #1881, .T. ) ;
#254 = EDGE_CURVE ( 'NONE', #2604, #1839, #817, .T. ) ;
#255 = VERTEX_POINT ( 'NONE', #984 ) ;
#256 = FACE_OUTER_BOUND ( 'NONE', #9230, .T. ) ;
#257 = CARTESIAN_POINT ( 'NONE',  ( -1.634999999999999343, 5.149747468305832854, -1.749999999999998890 ) ) ;
#258 = DIRECTION ( 'NONE',  ( 0.000000000000000000, -0.000000000000000000, 1.000000000000000000 ) ) ;
#259 = FILL_AREA_STYLE ('',( #10422 ) ) ;
#260 = CARTESIAN_POINT ( 'NONE',  ( -1.864999999999999325, 0.2000000000000000111, -2.500000000000001332 ) ) ;
#261 = CARTESIAN_POINT ( 'NONE',  ( -1.749999999999999334, 0.2000000000000000111, -1.078077673019053995 ) ) ;
#262 = ORIENTED_EDGE ( 'NONE', *, *, #9599, .F. ) ;
#263 = EDGE_CURVE ( 'NONE', #10842, #836, #58, .T. ) ;
#264 = EDGE_CURVE ( 'NONE', #9251, #734, #2606, .T. ) ;
#265 = DIRECTION ( 'NONE',  ( -1.000000000000000000, 0.000000000000000000, 7.608436298143875282E-16 ) ) ;
#266 = DIRECTION ( 'NONE',  ( -0.000000000000000000, -1.000000000000000000, -0.000000000000000000 ) ) ;
#267 = DIRECTION ( 'NONE',  ( 0.000000000000000000, -1.000000000000000000, 0.000000000000000000 ) ) ;
#268 = DIRECTION ( 'NONE',  ( 0.000000000000000000, -1.000000000000000000, 0.000000000000000000 ) ) ;
#269 = LINE ( 'NONE', #8806, #4404 ) ;
#270 = FACE_OUTER_BOUND ( 'NONE', #10876, .T. ) ;
#271 = ORIENTED_EDGE ( 'NONE', *, *, #10032, .T. ) ;
#272 = DIRECTION ( 'NONE',  ( 3.771137991253918417E-15, 0.000000000000000000, -1.000000000000000000 ) ) ;
#273 = DIRECTION ( 'NONE',  ( 0.000000000000000000, -1.000000000000000000, 0.000000000000000000 ) ) ;
#274 = AXIS2_PLACEMENT_3D ( 'NONE', #2096, #10547, #2146 ) ;
#275 = CIRCLE ( 'NONE', #8909, 0.1150000000000000883 ) ;
#276 = ORIENTED_EDGE ( 'NONE', *, *, #10738, .T. ) ;
#277 = VERTEX_POINT ( 'NONE', #7728 ) ;
#278 = DIRECTION ( 'NONE',  ( 0.000000000000000000, 0.000000000000000000, -1.000000000000000000 ) ) ;
#279 = ORIENTED_EDGE ( 'NONE', *, *, #9597, .F. ) ;
#280 =( LENGTH_UNIT ( ) NAMED_UNIT ( * ) SI_UNIT ( .MILLI., .METRE. ) );
#281 = ORIENTED_EDGE ( 'NONE', *, *, #7148, .F. ) ;
#282 = CIRCLE ( 'NONE', #2230, 0.1150000000000002964 ) ;
#283 = EDGE_CURVE ( 'NONE', #10842, #5840, #5069, .T. ) ;
#284 = CARTESIAN_POINT ( 'NONE',  ( -1.134999999999999343, 0.000000000000000000, -2.215000000000001190 ) ) ;
#285 = DIRECTION ( 'NONE',  ( 0.000000000000000000, 1.000000000000000000, 0.000000000000000000 ) ) ;
#286 = FACE_OUTER_BOUND ( 'NONE', #2676, .T. ) ;
#287 = DIRECTION ( 'NONE',  ( 7.608436298143888101E-16, 0.000000000000000000, -1.000000000000000000 ) ) ;
#288 = CARTESIAN_POINT ( 'NONE',  ( 1.750000000000000888, 0.2000000000000000111, 2.100000000000000977 ) ) ;
#289 = ORIENTED_EDGE ( 'NONE', *, *, #9652, .T. ) ;
#290 = ORIENTED_EDGE ( 'NONE', *, *, #4843, .F. ) ;
#291 = VERTEX_POINT ( 'NONE', #5905 ) ;
#292 = CARTESIAN_POINT ( 'NONE',  ( -2.500000000000002220, 0.6614108798023753399, -0.3650000000000001021 ) ) ;
#293 = ORIENTED_EDGE ( 'NONE', *, *, #8094, .F. ) ;
#294 = CARTESIAN_POINT ( 'NONE',  ( 2.215000000000000746, 0.1999999999999999833, 1.365000000000000657 ) ) ;
#295 = CARTESIAN_POINT ( 'NONE',  ( -2.215000000000000746, 0.1999999999999999833, -0.7499999999999997780 ) ) ;
#296 = DIRECTION ( 'NONE',  ( 0.000000000000000000, 0.000000000000000000, 1.000000000000000000 ) ) ;
#297 = CARTESIAN_POINT ( 'NONE',  ( 1.865000000000000879, 0.6614108798023734526, 2.500000000000001332 ) ) ;
#298 = CARTESIAN_POINT ( 'NONE',  ( 2.499999999999999556, 0.2000000000000005107, 0.6349999999999988987 ) ) ;
#299 = AXIS2_PLACEMENT_3D ( 'NONE', #6002, #7602, #5010 ) ;
#300 = CARTESIAN_POINT ( 'NONE',  ( -2.215000000000000746, 0.1999999999999999833, 0.6350000000000000089 ) ) ;
#301 = ORIENTED_EDGE ( 'NONE', *, *, #10802, .F. ) ;
#302 = EDGE_CURVE ( 'NONE', #8889, #9726, #3585, .T. ) ;
#303 = ORIENTED_EDGE ( 'NONE', *, *, #6292, .T. ) ;
#304 = VECTOR ( 'NONE', #1517, 1000.000000000000000 ) ;
#305 = CARTESIAN_POINT ( 'NONE',  ( -2.215000000000000746, 0.000000000000000000, -0.1349999999999992595 ) ) ;
#306 = LINE ( 'NONE', #6170, #5123 ) ;
#307 = CARTESIAN_POINT ( 'NONE',  ( 1.365000000000000657, 0.2000000000000000111, -2.215000000000001190 ) ) ;
#308 = CARTESIAN_POINT ( 'NONE',  ( 2.500000000000001332, 0.1999999999999999833, 1.365000000000000435 ) ) ;
#309 = VERTEX_POINT ( 'NONE', #1709 ) ;
#310 = CARTESIAN_POINT ( 'NONE',  ( 2.500000000000002220, 0.1999999999999999833, -0.3650000000000001021 ) ) ;
#311 = EDGE_CURVE ( 'NONE', #9932, #5356, #867, .T. ) ;
#312 = LINE ( 'NONE', #1922, #10794 ) ;
#313 = ADVANCED_FACE ( 'NONE', ( #5284 ), #6297, .T. ) ;
#314 = VERTEX_POINT ( 'NONE', #3811 ) ;
#315 = ADVANCED_FACE ( 'NONE', ( #1207 ), #7173, .F. ) ;
#316 = DIRECTION ( 'NONE',  ( 0.000000000000000000, 1.000000000000000000, 0.000000000000000000 ) ) ;
#317 = DIRECTION ( 'NONE',  ( 0.000000000000000000, -0.000000000000000000, 1.000000000000000000 ) ) ;
#318 = CARTESIAN_POINT ( 'NONE',  ( -0.8649999999999992140, 0.1999999999999999833, 2.500000000000001332 ) ) ;
#319 = FACE_OUTER_BOUND ( 'NONE', #2054, .T. ) ;
#320 = ADVANCED_FACE ( 'NONE', ( #7941 ), #10593, .F. ) ;
#321 = PLANE ( 'NONE',  #6763 ) ;
#322 = ORIENTED_EDGE ( 'NONE', *, *, #1260, .F. ) ;
#323 = CARTESIAN_POINT ( 'NONE',  ( 2.500000000000002220, 0.1999999999999999833, -1.865000000000000213 ) ) ;
#324 = EDGE_LOOP ( 'NONE', ( #4918, #443, #6318, #10467, #6458, #7129, #3291, #2773, #5413, #2721, #5202, #6976, #2758, #3782, #9347, #5519, #7824, #6198, #6070, #942, #10200, #669, #4922, #6965, #5787, #4208, #3655, #10615, #9492, #9897, #9243, #6006, #7950, #7359, #2319, #9130, #4573, #8744, #604, #7737, #4683, #7, #10280, #1161, #20, #5295, #4212, #3243, #2848, #5994, #3152, #7419, #6702, #4119, #5526, #2251, #9638, #8810, #8765, #8343, #3702, #3940, #9553, #10161, #10855, #3022, #3731, #1229, #3349, #6794, #1940, #1282, #740, #1702, #605, #5516, #10482, #6629, #383, #6576, #7457, #3228, #2317, #8068, #655, #8421, #6797, #8753, #5299, #5012, #3993, #7982, #10286, #5080, #4145, #7754, #7034, #2631, #4956, #3883, #7854, #3131, #281, #3694, #1496, #543, #10928, #7227, #10565, #7052, #860, #2312, #440, #4032, #5876, #7812, #5622, #10243, #3871, #6305, #2372, #9916, #849, #1951, #2401, #2426, #10878, #9168, #9815, #8029, #2280, #5116, #2350, #4989, #8621, #967, #10095, #9779, #1384, #9102 ) ) ;
#325 = LINE ( 'NONE', #3593, #3050 ) ;
#326 = EDGE_CURVE ( 'NONE', #8523, #4839, #2924, .T. ) ;
#327 = ORIENTED_EDGE ( 'NONE', *, *, #10738, .F. ) ;
#328 = LINE ( 'NONE', #6969, #3203 ) ;
#329 = ORIENTED_EDGE ( 'NONE', *, *, #3846, .T. ) ;
#330 = EDGE_LOOP ( 'NONE', ( #501, #5825, #3142, #4424 ) ) ;
#331 = CARTESIAN_POINT ( 'NONE',  ( 2.500000000000001332, 0.000000000000000000, -1.634999999999999565 ) ) ;
#332 = FACE_OUTER_BOUND ( 'NONE', #6776, .T. ) ;
#333 = SURFACE_STYLE_FILL_AREA ( #9399 ) ;
#334 = EDGE_LOOP ( 'NONE', ( #3240, #5025, #9970, #5313 ) ) ;
#335 = DIRECTION ( 'NONE',  ( 0.000000000000000000, 0.000000000000000000, -1.000000000000000000 ) ) ;
#336 = FACE_OUTER_BOUND ( 'NONE', #1573, .T. ) ;
#337 = CLOSED_SHELL ( 'NONE', ( #9827, #10002, #10491, #4697, #3573, #1353 ) ) ;
#338 = CARTESIAN_POINT ( 'NONE',  ( -2.500000000000001332, 0.1999999999999999833, -0.6349999999999994538 ) ) ;
#339 = CARTESIAN_POINT ( 'NONE',  ( -2.500000000000002220, 0.04999999999999969746, -1.865000000000000213 ) ) ;
#340 = CARTESIAN_POINT ( 'NONE',  ( 2.500000000000001332, 0.04999999999999969746, -0.6349999999999994538 ) ) ;
#341 = VERTEX_POINT ( 'NONE', #7009 ) ;
#342 = ORIENTED_EDGE ( 'NONE', *, *, #4555, .T. ) ;
#343 = ORIENTED_EDGE ( 'NONE', *, *, #2315, .F. ) ;
#344 = CARTESIAN_POINT ( 'NONE',  ( 1.635000000000000897, 0.000000000000000000, -2.500000000000001332 ) ) ;
#345 = ORIENTED_EDGE ( 'NONE', *, *, #2707, .T. ) ;
#346 = CARTESIAN_POINT ( 'NONE',  ( 0.6349999999999988987, 0.05000000000000000278, -4.831357049321360533E-16 ) ) ;
#347 = DIRECTION ( 'NONE',  ( -1.000000000000000000, 0.000000000000000000, 7.608436298143875282E-16 ) ) ;
#348 = LINE ( 'NONE', #9471, #4459 ) ;
#349 = CARTESIAN_POINT ( 'NONE',  ( -2.500000000000001332, 0.1999999999999999833, -1.634999999999999565 ) ) ;
#350 = CARTESIAN_POINT ( 'NONE',  ( 2.215000000000000746, 0.6614108798023753399, -1.134999999999999343 ) ) ;
#351 = EDGE_CURVE ( 'NONE', #5614, #6887, #8870, .T. ) ;
#352 = CARTESIAN_POINT ( 'NONE',  ( -1.749999999999999112, 0.2000000000000000111, 2.100000000000000977 ) ) ;
#353 = LINE ( 'NONE', #5212, #7449 ) ;
#354 = MECHANICAL_DESIGN_GEOMETRIC_PRESENTATION_REPRESENTATION (  '', ( #5105 ), #3892 ) ;
#355 = EDGE_CURVE ( 'NONE', #4761, #10237, #1984, .T. ) ;
#356 = ORIENTED_EDGE ( 'NONE', *, *, #6930, .T. ) ;
#357 = CARTESIAN_POINT ( 'NONE',  ( 2.215000000000000746, 0.000000000000000000, 0.3650000000000007683 ) ) ;
#358 = DIRECTION ( 'NONE',  ( -1.000000000000000000, 0.000000000000000000, 0.000000000000000000 ) ) ;
#359 = DIRECTION ( 'NONE',  ( -7.608436298143875282E-16, 0.000000000000000000, -1.000000000000000000 ) ) ;
#360 = LINE ( 'NONE', #10487, #8235 ) ;
#361 = AXIS2_PLACEMENT_3D ( 'NONE', #6845, #4947, #9265 ) ;
#362 = DIRECTION ( 'NONE',  ( 0.000000000000000000, 1.000000000000000000, 0.000000000000000000 ) ) ;
#363 = CARTESIAN_POINT ( 'NONE',  ( -1.635000000000000231, 0.000000000000000000, 1.750000000000000666 ) ) ;
#364 = ORIENTED_EDGE ( 'NONE', *, *, #8773, .T. ) ;
#365 = VECTOR ( 'NONE', #6263, 1000.000000000000000 ) ;
#366 = EDGE_CURVE ( 'NONE', #5803, #2617, #7999, .T. ) ;
#367 = FACE_OUTER_BOUND ( 'NONE', #8568, .T. ) ;
#368 = DIRECTION ( 'NONE',  ( -1.000000000000000000, 0.000000000000000000, -1.521687259628770718E-15 ) ) ;
#369 = CIRCLE ( 'NONE', #1417, 0.2219545058705515161 ) ;
#370 = LINE ( 'NONE', #6396, #5560 ) ;
#371 = ADVANCED_FACE ( 'NONE', ( #2974 ), #9711, .T. ) ;
#372 = CARTESIAN_POINT ( 'NONE',  ( 2.500000000000001332, 0.6614108798023753399, 1.865000000000000657 ) ) ;
#373 = CARTESIAN_POINT ( 'NONE',  ( 2.500000000000001332, 0.000000000000000000, 1.865000000000000657 ) ) ;
#374 = ORIENTED_EDGE ( 'NONE', *, *, #2189, .T. ) ;
#375 = PLANE ( 'NONE',  #9029 ) ;
#376 = AXIS2_PLACEMENT_3D ( 'NONE', #2458, #10129, #785 ) ;
#377 = AXIS2_PLACEMENT_3D ( 'NONE', #7050, #5490, #6289 ) ;
#378 = VERTEX_POINT ( 'NONE', #8639 ) ;
#379 = AXIS2_PLACEMENT_3D ( 'NONE', #5319, #2744, #4496 ) ;
#380 = CIRCLE ( 'NONE', #7968, 0.1150000000000000883 ) ;
#381 = VECTOR ( 'NONE', #2241, 1000.000000000000000 ) ;
#382 = ADVANCED_FACE ( 'NONE', ( #3751 ), #3691, .T. ) ;
#383 = ORIENTED_EDGE ( 'NONE', *, *, #164, .F. ) ;
#384 = LINE ( 'NONE', #2105, #5165 ) ;
#385 = ORIENTED_EDGE ( 'NONE', *, *, #243, .T. ) ;
#386 = ORIENTED_EDGE ( 'NONE', *, *, #7371, .T. ) ;
#387 = AXIS2_PLACEMENT_3D ( 'NONE', #5101, #3407, #8581 ) ;
#388 = VECTOR ( 'NONE', #786, 1000.000000000000000 ) ;
#389 = ORIENTED_EDGE ( 'NONE', *, *, #5798, .F. ) ;
#390 = ORIENTED_EDGE ( 'NONE', *, *, #10018, .T. ) ;
#391 = CARTESIAN_POINT ( 'NONE',  ( 2.215000000000000746, 0.6614108798023753399, -0.1349999999999992595 ) ) ;
#392 = LINE ( 'NONE', #2731, #5744 ) ;
#393 = ADVANCED_FACE ( 'NONE', ( #4674 ), #10380, .T. ) ;
#394 = VECTOR ( 'NONE', #5239, 1000.000000000000000 ) ;
#395 = CARTESIAN_POINT ( 'NONE',  ( 0.1350000000000005640, 0.6614108798023734526, -2.215000000000001190 ) ) ;
#396 = VECTOR ( 'NONE', #8304, 1000.000000000000000 ) ;
#397 = DIRECTION ( 'NONE',  ( 0.000000000000000000, -0.000000000000000000, -1.000000000000000000 ) ) ;
#398 = ORIENTED_EDGE ( 'NONE', *, *, #496, .T. ) ;
#399 = ORIENTED_EDGE ( 'NONE', *, *, #5561, .F. ) ;
#400 = VECTOR ( 'NONE', #10366, 1000.000000000000000 ) ;
#401 = VECTOR ( 'NONE', #1846, 1000.000000000000000 ) ;
#402 = VECTOR ( 'NONE', #9042, 1000.000000000000000 ) ;
#403 = AXIS2_PLACEMENT_3D ( 'NONE', #5050, #5992, #2472 ) ;
#404 = EDGE_CURVE ( 'NONE', #4500, #5918, #10432, .T. ) ;
#405 = ORIENTED_EDGE ( 'NONE', *, *, #366, .F. ) ;
#406 = FACE_OUTER_BOUND ( 'NONE', #7403, .T. ) ;
#407 = EDGE_CURVE ( 'NONE', #765, #5918, #370, .T. ) ;
#408 = VERTEX_POINT ( 'NONE', #3861 ) ;
#409 = DIRECTION ( 'NONE',  ( -1.000000000000000000, 0.000000000000000000, -1.521687259628770718E-15 ) ) ;
#410 = DIRECTION ( 'NONE',  ( -1.000000000000000000, 0.000000000000000000, -1.521687259628770718E-15 ) ) ;
#411 = CARTESIAN_POINT ( 'NONE',  ( -2.500000000000001332, 0.9999999999999991118, -2.500000000000000888 ) ) ;
#412 = DIRECTION ( 'NONE',  ( 0.000000000000000000, 0.000000000000000000, -1.000000000000000000 ) ) ;
#413 = CARTESIAN_POINT ( 'NONE',  ( 1.865000000000000879, 0.000000000000000000, -2.500000000000001332 ) ) ;
#414 = VECTOR ( 'NONE', #1834, 1000.000000000000000 ) ;
#415 = DIRECTION ( 'NONE',  ( 0.000000000000000000, 0.000000000000000000, -1.000000000000000000 ) ) ;
#416 = AXIS2_PLACEMENT_3D ( 'NONE', #8113, #5570, #3038 ) ;
#417 = COLOUR_RGB ( '',0.7921568627450980005, 0.8196078431372548767, 0.9333333333333333481 ) ;
#418 = EDGE_CURVE ( 'NONE', #1783, #6613, #10343, .T. ) ;
#419 = ORIENTED_EDGE ( 'NONE', *, *, #1976, .F. ) ;
#420 = DIRECTION ( 'NONE',  ( -3.771137991253918417E-15, 0.000000000000000000, 1.000000000000000000 ) ) ;
#421 = DIRECTION ( 'NONE',  ( 1.000000000000000000, -0.000000000000000000, 7.608436298143876268E-16 ) ) ;
#422 = DIRECTION ( 'NONE',  ( 1.000000000000000000, -0.000000000000000000, -0.000000000000000000 ) ) ;
#423 = CARTESIAN_POINT ( 'NONE',  ( -0.3649999999999992140, 0.6614108798023734526, -2.500000000000001332 ) ) ;
#424 = ADVANCED_FACE ( 'NONE', ( #7840 ), #6243, .F. ) ;
#425 = LINE ( 'NONE', #6950, #3198 ) ;
#426 = AXIS2_PLACEMENT_3D ( 'NONE', #4755, #4597, #8190 ) ;
#427 = DIRECTION ( 'NONE',  ( -7.608436298143888101E-16, 0.000000000000000000, -1.000000000000000000 ) ) ;
#428 = VECTOR ( 'NONE', #10242, 1000.000000000000000 ) ;
#429 = ORIENTED_EDGE ( 'NONE', *, *, #1663, .F. ) ;
#430 = VECTOR ( 'NONE', #10075, 1000.000000000000000 ) ;
#431 = FACE_OUTER_BOUND ( 'NONE', #5711, .T. ) ;
#432 = DIRECTION ( 'NONE',  ( -3.771137991253918417E-15, 0.000000000000000000, -1.000000000000000000 ) ) ;
#433 = CARTESIAN_POINT ( 'NONE',  ( -8.635575198393279931E-16, 0.05000000000000000278, -1.134999999999997566 ) ) ;
#434 = CARTESIAN_POINT ( 'NONE',  ( -0.3649999999999994360, 0.000000000000000000, -2.215000000000001190 ) ) ;
#435 = ORIENTED_EDGE ( 'NONE', *, *, #1009, .F. ) ;
#436 = DIRECTION ( 'NONE',  ( 0.000000000000000000, 1.000000000000000000, 0.000000000000000000 ) ) ;
#437 = ORIENTED_EDGE ( 'NONE', *, *, #9211, .T. ) ;
#438 = ORIENTED_EDGE ( 'NONE', *, *, #9697, .T. ) ;
#439 = EDGE_CURVE ( 'NONE', #153, #1488, #1149, .T. ) ;
#440 = ORIENTED_EDGE ( 'NONE', *, *, #10539, .F. ) ;
#441 = DIRECTION ( 'NONE',  ( -1.000000000000000000, 0.000000000000000000, -0.000000000000000000 ) ) ;
#442 = EDGE_LOOP ( 'NONE', ( #3372, #6813, #390, #7469 ) ) ;
#443 = ORIENTED_EDGE ( 'NONE', *, *, #2911, .F. ) ;
#444 = FILL_AREA_STYLE_COLOUR ( '', #3231 ) ;
#445 = ORIENTED_EDGE ( 'NONE', *, *, #4233, .F. ) ;
#446 = ORIENTED_EDGE ( 'NONE', *, *, #5230, .T. ) ;
#447 = LINE ( 'NONE', #8660, #8588 ) ;
#448 = LINE ( 'NONE', #1055, #3279 ) ;
#449 = CYLINDRICAL_SURFACE ( 'NONE', #5496, 0.1150000000000000883 ) ;
#450 = DIRECTION ( 'NONE',  ( 0.000000000000000000, -0.000000000000000000, 1.000000000000000000 ) ) ;
#451 = AXIS2_PLACEMENT_3D ( 'NONE', #5924, #5976, #8353 ) ;
#452 = EDGE_CURVE ( 'NONE', #4239, #4747, #4945, .T. ) ;
#453 = ADVANCED_FACE ( 'NONE', ( #8214 ), #592, .F. ) ;
#454 = EDGE_CURVE ( 'NONE', #9722, #4151, #4166, .T. ) ;
#455 = VECTOR ( 'NONE', #7279, 1000.000000000000000 ) ;
#456 = AXIS2_PLACEMENT_3D ( 'NONE', #10670, #9056, #1544 ) ;
#457 = EDGE_LOOP ( 'NONE', ( #4474, #2442, #3677, #9337 ) ) ;
#458 = PLANE ( 'NONE',  #9778 ) ;
#459 = ORIENTED_EDGE ( 'NONE', *, *, #10577, .F. ) ;
#460 = CARTESIAN_POINT ( 'NONE',  ( -1.364999999999999547, 0.2000000000000000111, -2.215000000000001190 ) ) ;
#461 = CARTESIAN_POINT ( 'NONE',  ( 2.215000000000000746, 0.1999999999999999833, 1.634999999999998899 ) ) ;
#462 = DIRECTION ( 'NONE',  ( 0.000000000000000000, -1.000000000000000000, 0.000000000000000000 ) ) ;
#463 = LINE ( 'NONE', #9127, #4965 ) ;
#464 = CYLINDRICAL_SURFACE ( 'NONE', #5138, 0.1150000000000001993 ) ;
#465 = FACE_OUTER_BOUND ( 'NONE', #7430, .T. ) ;
#466 = EDGE_CURVE ( 'NONE', #1576, #5368, #282, .T. ) ;
#467 = ORIENTED_EDGE ( 'NONE', *, *, #583, .F. ) ;
#468 = LINE ( 'NONE', #3524, #381 ) ;
#469 = LINE ( 'NONE', #2297, #4454 ) ;
#470 = DIRECTION ( 'NONE',  ( 0.000000000000000000, 0.000000000000000000, -1.000000000000000000 ) ) ;
#471 = CARTESIAN_POINT ( 'NONE',  ( 2.215000000000000746, 0.6614108798023753399, 1.865000000000000879 ) ) ;
#472 = VECTOR ( 'NONE', #3913, 1000.000000000000000 ) ;
#473 = CARTESIAN_POINT ( 'NONE',  ( -1.800000000000001155, 1.000000000000000000, -2.050000000000000711 ) ) ;
#474 = DIRECTION ( 'NONE',  ( -1.521687259628770718E-15, 0.000000000000000000, 1.000000000000000000 ) ) ;
#475 = ORIENTED_EDGE ( 'NONE', *, *, #7231, .T. ) ;
#476 = VECTOR ( 'NONE', #6667, 1000.000000000000000 ) ;
#477 = EDGE_CURVE ( 'NONE', #522, #4761, #9819, .T. ) ;
#478 = CARTESIAN_POINT ( 'NONE',  ( -2.215000000000000746, 0.6614108798023753399, -1.134999999999999343 ) ) ;
#479 = CARTESIAN_POINT ( 'NONE',  ( 1.135000000000000675, 0.04999999999999999584, 2.215000000000001190 ) ) ;
#480 = DIRECTION ( 'NONE',  ( -0.000000000000000000, -1.000000000000000000, -0.000000000000000000 ) ) ;
#481 = CARTESIAN_POINT ( 'NONE',  ( -2.215000000000000746, 0.6614108798023753399, -0.3649999999999998801 ) ) ;
#482 = DIRECTION ( 'NONE',  ( 0.000000000000000000, -0.000000000000000000, 1.000000000000000000 ) ) ;
#483 = VERTEX_POINT ( 'NONE', #4726 ) ;
#484 = DIRECTION ( 'NONE',  ( 1.000000000000000000, 0.000000000000000000, -3.771137991253918417E-15 ) ) ;
#485 = EDGE_CURVE ( 'NONE', #5507, #8560, #10766, .T. ) ;
#486 = ORIENTED_EDGE ( 'NONE', *, *, #3218, .T. ) ;
#487 = EDGE_LOOP ( 'NONE', ( #5406, #2416, #1590, #10177 ) ) ;
#488 = DIRECTION ( 'NONE',  ( -7.608436298143888101E-16, 0.000000000000000000, 1.000000000000000000 ) ) ;
#489 = ORIENTED_EDGE ( 'NONE', *, *, #6129, .T. ) ;
#490 = VERTEX_POINT ( 'NONE', #1580 ) ;
#491 = FILL_AREA_STYLE_COLOUR ( '', #1469 ) ;
#492 = FACE_OUTER_BOUND ( 'NONE', #9892, .T. ) ;
#493 = ORIENTED_EDGE ( 'NONE', *, *, #10552, .T. ) ;
#494 = PLANE ( 'NONE',  #9487 ) ;
#495 = CARTESIAN_POINT ( 'NONE',  ( -1.800000000000001155, 1.000000000000000000, -2.050000000000000711 ) ) ;
#496 = EDGE_CURVE ( 'NONE', #5931, #2618, #5726, .T. ) ;
#497 = CARTESIAN_POINT ( 'NONE',  ( -0.2499999999999993616, 0.1999999999999999833, -2.215000000000001190 ) ) ;
#498 = DIRECTION ( 'NONE',  ( 1.521687259628770718E-15, 0.000000000000000000, 1.000000000000000000 ) ) ;
#499 = ORIENTED_EDGE ( 'NONE', *, *, #5721, .T. ) ;
#500 = ORIENTED_EDGE ( 'NONE', *, *, #4502, .F. ) ;
#501 = ORIENTED_EDGE ( 'NONE', *, *, #7876, .T. ) ;
#502 = EDGE_CURVE ( 'NONE', #4323, #8889, #1528, .T. ) ;
#503 = VERTEX_POINT ( 'NONE', #8157 ) ;
#504 = CLOSED_SHELL ( 'NONE', ( #3433, #7195, #2080, #10692, #919, #512 ) ) ;
#505 = DIRECTION ( 'NONE',  ( -0.000000000000000000, -1.000000000000000000, -0.000000000000000000 ) ) ;
#506 = ORIENTED_EDGE ( 'NONE', *, *, #9925, .F. ) ;
#507 = CARTESIAN_POINT ( 'NONE',  ( 1.250000000000000666, 0.2000000000000000111, -2.215000000000001190 ) ) ;
#508 = LINE ( 'NONE', #4753, #6984 ) ;
#509 = EDGE_CURVE ( 'NONE', #761, #3539, #8102, .T. ) ;
#510 = PLANE ( 'NONE',  #426 ) ;
#511 = CARTESIAN_POINT ( 'NONE',  ( 2.500000000000002220, 0.1999999999999999833, 0.6349999999999998979 ) ) ;
#512 = ADVANCED_FACE ( 'NONE', ( #2207 ), #4846, .T. ) ;
#513 = CARTESIAN_POINT ( 'NONE',  ( -1.134999999999999343, 0.000000000000000000, -2.215000000000001190 ) ) ;
#514 = VERTEX_POINT ( 'NONE', #7440 ) ;
#515 = EDGE_CURVE ( 'NONE', #801, #5091, #6668, .T. ) ;
#516 = CARTESIAN_POINT ( 'NONE',  ( -2.215000000000000746, 0.05000000000000002359, 0.8650000000000007683 ) ) ;
#517 = CARTESIAN_POINT ( 'NONE',  ( -1.800000000000001155, 1.000000000000000000, -1.550000000000000711 ) ) ;
#518 = CARTESIAN_POINT ( 'NONE',  ( 2.215000000000000746, 0.1999999999999999833, -1.134999999999999343 ) ) ;
#519 = DIRECTION ( 'NONE',  ( 0.000000000000000000, -0.000000000000000000, 1.000000000000000000 ) ) ;
#520 = CARTESIAN_POINT ( 'NONE',  ( 1.750000000000000222, 0.1999999999999996503, 1.635000000000001119 ) ) ;
#521 = CARTESIAN_POINT ( 'NONE',  ( -2.215000000000000746, 0.6614108798023753399, -1.134999999999999343 ) ) ;
#522 = VERTEX_POINT ( 'NONE', #3127 ) ;
#523 = PRESENTATION_LAYER_ASSIGNMENT (  '', '', ( #9539 ) ) ;
#524 = EDGE_CURVE ( 'NONE', #6349, #1620, #2590, .T. ) ;
#525 = LINE ( 'NONE', #3909, #7272 ) ;
#526 = CYLINDRICAL_SURFACE ( 'NONE', #5944, 0.1150000000000001993 ) ;
#527 = EDGE_CURVE ( 'NONE', #5749, #5326, #2431, .T. ) ;
#528 = CARTESIAN_POINT ( 'NONE',  ( 0.2500000000000008882, 0.2000000000000000111, 2.215000000000001190 ) ) ;
#529 = DIRECTION ( 'NONE',  ( 0.000000000000000000, -1.000000000000000000, 0.000000000000000000 ) ) ;
#530 =( NAMED_UNIT ( * ) SI_UNIT ( $, .STERADIAN. ) SOLID_ANGLE_UNIT ( ) );
#531 = ORIENTED_EDGE ( 'NONE', *, *, #2025, .F. ) ;
#532 = FACE_OUTER_BOUND ( 'NONE', #4083, .T. ) ;
#533 = AXIS2_PLACEMENT_3D ( 'NONE', #9537, #5486, #1969 ) ;
#534 = ORIENTED_EDGE ( 'NONE', *, *, #1879, .F. ) ;
#535 = FACE_OUTER_BOUND ( 'NONE', #9184, .T. ) ;
#536 = ORIENTED_EDGE ( 'NONE', *, *, #9179, .F. ) ;
#537 = EDGE_CURVE ( 'NONE', #6642, #5297, #755, .T. ) ;
#538 = EDGE_LOOP ( 'NONE', ( #2987, #1471, #7325, #8296 ) ) ;
#539 = LINE ( 'NONE', #7394, #2017 ) ;
#540 = CARTESIAN_POINT ( 'NONE',  ( -1.364999999999999547, 0.000000000000000000, 2.215000000000001190 ) ) ;
#541 =( NAMED_UNIT ( * ) PLANE_ANGLE_UNIT ( ) SI_UNIT ( $, .RADIAN. ) );
#542 = VECTOR ( 'NONE', #9461, 1000.000000000000000 ) ;
#543 = ORIENTED_EDGE ( 'NONE', *, *, #5173, .F. ) ;
#544 = CARTESIAN_POINT ( 'NONE',  ( -2.215000000000000746, 0.6614108798023753399, 0.3650000000000007683 ) ) ;
#545 = CARTESIAN_POINT ( 'NONE',  ( 1.250000000000000666, 0.1999999999999999833, -2.215000000000001190 ) ) ;
#546 = AXIS2_PLACEMENT_3D ( 'NONE', #8632, #10423, #3802 ) ;
#547 = CARTESIAN_POINT ( 'NONE',  ( 1.750000000000000888, 0.04999999999999999584, 2.215000000000001190 ) ) ;
#548 = DIRECTION ( 'NONE',  ( 0.000000000000000000, 0.000000000000000000, 1.000000000000000000 ) ) ;
#549 = EDGE_CURVE ( 'NONE', #1839, #277, #1359, .T. ) ;
#550 = CIRCLE ( 'NONE', #1254, 0.1150000000000000883 ) ;
#551 = EDGE_LOOP ( 'NONE', ( #10721, #6686, #1794, #10903 ) ) ;
#552 = VERTEX_POINT ( 'NONE', #10653 ) ;
#553 = VECTOR ( 'NONE', #6394, 1000.000000000000000 ) ;
#554 = ORIENTED_EDGE ( 'NONE', *, *, #6054, .T. ) ;
#555 = AXIS2_PLACEMENT_3D ( 'NONE', #7525, #10913, #9178 ) ;
#556 = ORIENTED_EDGE ( 'NONE', *, *, #617, .T. ) ;
#557 = SURFACE_STYLE_USAGE ( .BOTH. , #2337 ) ;
#558 = VECTOR ( 'NONE', #6203, 1000.000000000000000 ) ;
#559 = CIRCLE ( 'NONE', #6224, 0.1150000000000001993 ) ;
#560 = ORIENTED_EDGE ( 'NONE', *, *, #8134, .T. ) ;
#561 = DIRECTION ( 'NONE',  ( -0.000000000000000000, -1.000000000000000000, -0.000000000000000000 ) ) ;
#562 = DIRECTION ( 'NONE',  ( 0.000000000000000000, 1.000000000000000000, -0.000000000000000000 ) ) ;
#563 = CARTESIAN_POINT ( 'NONE',  ( -0.8649999999999992140, 0.2000000000000000111, 2.500000000000001332 ) ) ;
#564 = CARTESIAN_POINT ( 'NONE',  ( -0.1349999999999992595, 0.000000000000000000, 2.500000000000001332 ) ) ;
#565 = FACE_OUTER_BOUND ( 'NONE', #7507, .T. ) ;
#566 = AXIS2_PLACEMENT_3D ( 'NONE', #8041, #1396, #8198 ) ;
#567 = FACE_OUTER_BOUND ( 'NONE', #8817, .T. ) ;
#568 = AXIS2_PLACEMENT_3D ( 'NONE', #497, #4691, #7399 ) ;
#569 = ADVANCED_FACE ( 'NONE', ( #1476 ), #6449, .F. ) ;
#570 = AXIS2_PLACEMENT_3D ( 'NONE', #162, #6015, #938 ) ;
#571 = VECTOR ( 'NONE', #2587, 1000.000000000000000 ) ;
#572 = EDGE_CURVE ( 'NONE', #1833, #9722, #9870, .T. ) ;
#573 = ORIENTED_EDGE ( 'NONE', *, *, #9823, .T. ) ;
#574 = VECTOR ( 'NONE', #409, 1000.000000000000000 ) ;
#575 = CARTESIAN_POINT ( 'NONE',  ( 2.215000000000000746, 0.1999999999999999833, 1.865000000000000879 ) ) ;
#576 = PRODUCT_DEFINITION_FORMATION_WITH_SPECIFIED_SOURCE ( 'ANY', '', #5549, .NOT_KNOWN. ) ;
#577 = DIRECTION ( 'NONE',  ( -1.000000000000000000, 0.000000000000000000, 0.000000000000000000 ) ) ;
#578 = DIRECTION ( 'NONE',  ( -0.000000000000000000, -1.000000000000000000, -0.000000000000000000 ) ) ;
#579 = CARTESIAN_POINT ( 'NONE',  ( 0.2500000000000006661, 0.000000000000000000, -2.215000000000001190 ) ) ;
#580 = AXIS2_PLACEMENT_3D ( 'NONE', #6861, #5, #3374 ) ;
#581 = CARTESIAN_POINT ( 'NONE',  ( 2.215000000000000746, 0.000000000000000000, -0.6349999999999992317 ) ) ;
#582 = CARTESIAN_POINT ( 'NONE',  ( -2.500000000000002220, 0.6614108798023753399, -1.365000000000000213 ) ) ;
#583 = EDGE_CURVE ( 'NONE', #10560, #3766, #6990, .T. ) ;
#584 = PRESENTATION_LAYER_ASSIGNMENT (  '', '', ( #7997 ) ) ;
#585 = ADVANCED_FACE ( 'NONE', ( #5056 ), #1910, .F. ) ;
#586 = PRESENTATION_LAYER_ASSIGNMENT (  '', '', ( #4649 ) ) ;
#587 = ORIENTED_EDGE ( 'NONE', *, *, #2423, .T. ) ;
#588 = EDGE_LOOP ( 'NONE', ( #6954, #4152, #1412, #4749 ) ) ;
#589 = FACE_OUTER_BOUND ( 'NONE', #6376, .T. ) ;
#590 =( GEOMETRIC_REPRESENTATION_CONTEXT ( 3 ) GLOBAL_UNCERTAINTY_ASSIGNED_CONTEXT ( ( #4340 ) ) GLOBAL_UNIT_ASSIGNED_CONTEXT ( ( #8658, #2059, #9630 ) ) REPRESENTATION_CONTEXT ( 'NONE', 'WORKASPACE' ) );
#591 = DIRECTION ( 'NONE',  ( 1.000000000000000000, 0.000000000000000000, 1.326241189584715283E-16 ) ) ;
#592 = CYLINDRICAL_SURFACE ( 'NONE', #8045, 0.1150000000000000883 ) ;
#593 = VECTOR ( 'NONE', #6768, 1000.000000000000000 ) ;
#594 = CARTESIAN_POINT ( 'NONE',  ( 0.2500000000000008882, 0.2000000000000000111, 2.215000000000001190 ) ) ;
#595 = PRESENTATION_STYLE_ASSIGNMENT (( #4676 ) ) ;
#596 = ORIENTED_EDGE ( 'NONE', *, *, #3521, .F. ) ;
#597 = CARTESIAN_POINT ( 'NONE',  ( -1.134999999999999343, 0.2000000000000005107, 2.499999999999999112 ) ) ;
#598 = EDGE_CURVE ( 'NONE', #3611, #10712, #8340, .T. ) ;
#599 = PRESENTATION_LAYER_ASSIGNMENT (  '', '', ( #951 ) ) ;
#600 = VERTEX_POINT ( 'NONE', #6217 ) ;
#601 = EDGE_CURVE ( 'NONE', #5297, #2270, #10826, .T. ) ;
#602 = ORIENTED_EDGE ( 'NONE', *, *, #6665, .T. ) ;
#603 = LINE ( 'NONE', #5616, #8496 ) ;
#604 = ORIENTED_EDGE ( 'NONE', *, *, #7033, .F. ) ;
#605 = ORIENTED_EDGE ( 'NONE', *, *, #6118, .F. ) ;
#606 = DIRECTION ( 'NONE',  ( 0.000000000000000000, -1.000000000000000000, 0.000000000000000000 ) ) ;
#607 = FACE_OUTER_BOUND ( 'NONE', #7739, .T. ) ;
#608 = FILL_AREA_STYLE_COLOUR ( '', #3594 ) ;
#609 = ORIENTED_EDGE ( 'NONE', *, *, #10701, .F. ) ;
#610 = CARTESIAN_POINT ( 'NONE',  ( -0.1349999999999992595, 0.6614108798023734526, -2.500000000000001332 ) ) ;
#611 = SURFACE_STYLE_USAGE ( .BOTH. , #2219 ) ;
#612 = LINE ( 'NONE', #8825, #7978 ) ;
#613 = CARTESIAN_POINT ( 'NONE',  ( 2.500000000000002220, 0.6614108798023753399, -1.365000000000000213 ) ) ;
#614 = ORIENTED_EDGE ( 'NONE', *, *, #9972, .T. ) ;
#615 = VERTEX_POINT ( 'NONE', #8618 ) ;
#616 = VERTEX_POINT ( 'NONE', #7601 ) ;
#617 = EDGE_CURVE ( 'NONE', #10772, #3072, #8377, .T. ) ;
#618 = ORIENTED_EDGE ( 'NONE', *, *, #5741, .T. ) ;
#619 = SURFACE_SIDE_STYLE ('',( #10680 ) ) ;
#620 = ORIENTED_EDGE ( 'NONE', *, *, #485, .F. ) ;
#621 = LINE ( 'NONE', #5475, #2354 ) ;
#622 = VECTOR ( 'NONE', #4426, 1000.000000000000000 ) ;
#623 = LINE ( 'NONE', #3056, #976 ) ;
#624 = CARTESIAN_POINT ( 'NONE',  ( 0.8650000000000007683, 0.2000000000000000111, -2.215000000000001190 ) ) ;
#625 = CARTESIAN_POINT ( 'NONE',  ( -0.7499999999999991118, 0.1999999999999999833, 2.100000000000000977 ) ) ;
#626 = CARTESIAN_POINT ( 'NONE',  ( 2.500000000000001332, 0.6614108798023753399, 0.8650000000000005462 ) ) ;
#627 = CYLINDRICAL_SURFACE ( 'NONE', #3213, 0.1150000000000000883 ) ;
#628 = AXIS2_PLACEMENT_3D ( 'NONE', #9883, #2494, #5843 ) ;
#629 = ORIENTED_EDGE ( 'NONE', *, *, #5113, .T. ) ;
#630 = CARTESIAN_POINT ( 'NONE',  ( -2.500000000000002220, 0.000000000000000000, 0.1349999999999999256 ) ) ;
#631 = ORIENTED_EDGE ( 'NONE', *, *, #5365, .F. ) ;
#632 = CARTESIAN_POINT ( 'NONE',  ( 2.215000000000000746, 0.000000000000000000, -0.8650000000000012124 ) ) ;
#633 = DIRECTION ( 'NONE',  ( 0.000000000000000000, -1.000000000000000000, 0.000000000000000000 ) ) ;
#634 = CARTESIAN_POINT ( 'NONE',  ( -1.634999999999999343, 0.000000000000000000, -1.749999999999998890 ) ) ;
#635 = CARTESIAN_POINT ( 'NONE',  ( 2.215000000000000746, 0.000000000000000000, -1.634999999999999343 ) ) ;
#636 = LINE ( 'NONE', #4014, #4431 ) ;
#637 = ADVANCED_FACE ( 'NONE', ( #6108 ), #4550, .F. ) ;
#638 = LINE ( 'NONE', #7377, #2316 ) ;
#639 = ORIENTED_EDGE ( 'NONE', *, *, #9783, .T. ) ;
#640 = EDGE_LOOP ( 'NONE', ( #5785, #4939, #7102, #8700 ) ) ;
#641 = ORIENTED_EDGE ( 'NONE', *, *, #132, .F. ) ;
#642 = FACE_OUTER_BOUND ( 'NONE', #7169, .T. ) ;
#643 = EDGE_CURVE ( 'NONE', #7340, #9258, #1464, .T. ) ;
#644 = FACE_OUTER_BOUND ( 'NONE', #4850, .T. ) ;
#645 = DIRECTION ( 'NONE',  ( 0.000000000000000000, 1.000000000000000000, 0.000000000000000000 ) ) ;
#646 = DIRECTION ( 'NONE',  ( 0.000000000000000000, 0.000000000000000000, -1.000000000000000000 ) ) ;
#647 = DIRECTION ( 'NONE',  ( 0.000000000000000000, 0.000000000000000000, -1.000000000000000000 ) ) ;
#648 = PLANE ( 'NONE',  #9934 ) ;
#649 = ADVANCED_FACE ( 'NONE', ( #247 ), #2480, .F. ) ;
#650 = AXIS2_PLACEMENT_3D ( 'NONE', #2696, #2853, #6892 ) ;
#651 = ORIENTED_EDGE ( 'NONE', *, *, #3500, .T. ) ;
#652 = ORIENTED_EDGE ( 'NONE', *, *, #8755, .T. ) ;
#653 = DIRECTION ( 'NONE',  ( 7.608436298143875282E-16, 0.000000000000000000, -1.000000000000000000 ) ) ;
#654 = ORIENTED_EDGE ( 'NONE', *, *, #6548, .F. ) ;
#655 = ORIENTED_EDGE ( 'NONE', *, *, #5161, .F. ) ;
#656 = EDGE_CURVE ( 'NONE', #5434, #9825, #348, .T. ) ;
#657 = AXIS2_PLACEMENT_3D ( 'NONE', #8278, #4960, #3932 ) ;
#658 = CARTESIAN_POINT ( 'NONE',  ( 1.027138900249404896E-16, 0.05000000000000000278, -0.1349999999999975941 ) ) ;
#659 = LINE ( 'NONE', #544, #7020 ) ;
#660 = DIRECTION ( 'NONE',  ( 7.608436298143888101E-16, 0.000000000000000000, -1.000000000000000000 ) ) ;
#661 = EDGE_CURVE ( 'NONE', #2107, #7704, #7550, .T. ) ;
#662 = CARTESIAN_POINT ( 'NONE',  ( 0.3650000000000007683, 0.2000000000000000111, -2.215000000000001190 ) ) ;
#663 = VERTEX_POINT ( 'NONE', #6160 ) ;
#664 = ORIENTED_EDGE ( 'NONE', *, *, #3893, .T. ) ;
#665 = AXIS2_PLACEMENT_3D ( 'NONE', #3363, #4399, #8489 ) ;
#666 = ORIENTED_EDGE ( 'NONE', *, *, #5227, .T. ) ;
#667 = VERTEX_POINT ( 'NONE', #10935 ) ;
#668 = CARTESIAN_POINT ( 'NONE',  ( 2.215000000000000746, 0.6614108798023753399, -1.365000000000001101 ) ) ;
#669 = ORIENTED_EDGE ( 'NONE', *, *, #179, .F. ) ;
#670 = FACE_OUTER_BOUND ( 'NONE', #10664, .T. ) ;
#671 = DIRECTION ( 'NONE',  ( 0.000000000000000000, -1.000000000000000000, 0.000000000000000000 ) ) ;
#672 = CARTESIAN_POINT ( 'NONE',  ( -1.749999999999999112, 0.2000000000000000111, 2.100000000000000977 ) ) ;
#673 = LINE ( 'NONE', #4055, #4265 ) ;
#674 = EDGE_CURVE ( 'NONE', #7844, #552, #10359, .T. ) ;
#675 = CARTESIAN_POINT ( 'NONE',  ( -0.2499999999999991396, 0.2000000000000000111, 2.215000000000001190 ) ) ;
#676 = CARTESIAN_POINT ( 'NONE',  ( 2.215000000000000746, 0.1999999999999999833, -0.2500000000000008882 ) ) ;
#677 = EDGE_LOOP ( 'NONE', ( #2227, #7305, #5986, #2491, #8530 ) ) ;
#678 = EDGE_CURVE ( 'NONE', #5422, #193, #4428, .T. ) ;
#679 = CLOSED_SHELL ( 'NONE', ( #3185, #10725, #9150, #8796, #7064, #7810, #9435 ) ) ;
#680 = EDGE_LOOP ( 'NONE', ( #713, #1051, #9092, #8217 ) ) ;
#681 = CARTESIAN_POINT ( 'NONE',  ( -1.364999999999999325, 0.04999999999999969746, 2.500000000000001332 ) ) ;
#682 = EDGE_CURVE ( 'NONE', #10060, #769, #3618, .T. ) ;
#683 = VERTEX_POINT ( 'NONE', #1959 ) ;
#684 = CARTESIAN_POINT ( 'NONE',  ( 1.365000000000000657, 0.6614108798023734526, 2.215000000000001190 ) ) ;
#685 = DIRECTION ( 'NONE',  ( 7.608436298143888101E-16, 0.000000000000000000, -1.000000000000000000 ) ) ;
#686 = CARTESIAN_POINT ( 'NONE',  ( -0.8650000000000012124, 0.05000000000000000278, 6.581297397894472605E-16 ) ) ;
#687 = CARTESIAN_POINT ( 'NONE',  ( 0.1350000000000005640, 0.04999999999999999584, 2.215000000000001190 ) ) ;
#688 = PLANE ( 'NONE',  #10438 ) ;
#689 = DIRECTION ( 'NONE',  ( 0.000000000000000000, 0.000000000000000000, 1.000000000000000000 ) ) ;
#690 = VERTEX_POINT ( 'NONE', #5829 ) ;
#691 = EDGE_LOOP ( 'NONE', ( #6612, #3882, #3458, #4967 ) ) ;
#692 = EDGE_CURVE ( 'NONE', #2061, #4504, #2026, .T. ) ;
#693 = PLANE ( 'NONE',  #8320 ) ;
#694 = UNCERTAINTY_MEASURE_WITH_UNIT (LENGTH_MEASURE( 1.000000000000000082E-05 ), #1670, 'distance_accuracy_value', 'NONE');
#695 = CYLINDRICAL_SURFACE ( 'NONE', #10714, 0.1150000000000000883 ) ;
#696 = DIRECTION ( 'NONE',  ( 0.000000000000000000, -0.000000000000000000, 1.000000000000000000 ) ) ;
#697 = DIRECTION ( 'NONE',  ( 3.771137991253918417E-15, -0.000000000000000000, 1.000000000000000000 ) ) ;
#698 = CARTESIAN_POINT ( 'NONE',  ( -0.8649999999999992140, 0.000000000000000000, -2.500000000000001332 ) ) ;
#699 = EDGE_CURVE ( 'NONE', #6887, #4165, #7869, .T. ) ;
#700 = ORIENTED_EDGE ( 'NONE', *, *, #3557, .T. ) ;
#701 = VERTEX_POINT ( 'NONE', #7039 ) ;
#702 = CARTESIAN_POINT ( 'NONE',  ( 1.365000000000000657, 0.000000000000000000, 2.215000000000001190 ) ) ;
#703 = EDGE_CURVE ( 'NONE', #8635, #6267, #8737, .T. ) ;
#704 = ORIENTED_EDGE ( 'NONE', *, *, #4178, .F. ) ;
#705 = ORIENTED_EDGE ( 'NONE', *, *, #7330, .F. ) ;
#706 = DIRECTION ( 'NONE',  ( -3.771137991253918417E-15, 0.000000000000000000, 1.000000000000000000 ) ) ;
#707 = FACE_OUTER_BOUND ( 'NONE', #3460, .T. ) ;
#708 = CARTESIAN_POINT ( 'NONE',  ( 2.215000000000000746, 0.6614108798023753399, -1.750000000000000888 ) ) ;
#709 = AXIS2_PLACEMENT_3D ( 'NONE', #9316, #6670, #10041 ) ;
#710 = DIRECTION ( 'NONE',  ( 7.608436298143888101E-16, -0.000000000000000000, 1.000000000000000000 ) ) ;
#711 = CARTESIAN_POINT ( 'NONE',  ( -1.134999999999999343, 0.6614108798023734526, -2.215000000000001190 ) ) ;
#712 = VERTEX_POINT ( 'NONE', #5895 ) ;
#713 = ORIENTED_EDGE ( 'NONE', *, *, #4654, .F. ) ;
#714 = EDGE_CURVE ( 'NONE', #6879, #8898, #1697, .T. ) ;
#715 = VERTEX_POINT ( 'NONE', #9645 ) ;
#716 = AXIS2_PLACEMENT_3D ( 'NONE', #7163, #8913, #1300 ) ;
#717 = EDGE_LOOP ( 'NONE', ( #1888, #7951, #2500, #9449 ) ) ;
#718 = CARTESIAN_POINT ( 'NONE',  ( -2.215000000000000746, 0.6614108798023753399, -1.864999999999999991 ) ) ;
#719 = ORIENTED_EDGE ( 'NONE', *, *, #4064, .F. ) ;
#720 = LINE ( 'NONE', #8450, #5162 ) ;
#721 = PLANE ( 'NONE',  #10879 ) ;
#722 = AXIS2_PLACEMENT_3D ( 'NONE', #6623, #9997, #2434 ) ;
#723 = CARTESIAN_POINT ( 'NONE',  ( 2.500000000000002220, 0.04999999999999969746, 0.6349999999999998979 ) ) ;
#724 = CARTESIAN_POINT ( 'NONE',  ( 1.365000000000000657, 0.1999999999999999833, -2.215000000000001190 ) ) ;
#725 = FACE_OUTER_BOUND ( 'NONE', #1296, .T. ) ;
#726 = VERTEX_POINT ( 'NONE', #9845 ) ;
#727 = ORIENTED_EDGE ( 'NONE', *, *, #7945, .F. ) ;
#728 = VECTOR ( 'NONE', #3120, 1000.000000000000000 ) ;
#729 = EDGE_CURVE ( 'NONE', #781, #1567, #2074, .T. ) ;
#730 = AXIS2_PLACEMENT_3D ( 'NONE', #1115, #2830, #4586 ) ;
#731 = AXIS2_PLACEMENT_3D ( 'NONE', #10184, #9292, #5979 ) ;
#732 = EDGE_CURVE ( 'NONE', #4545, #8947, #3104, .T. ) ;
#733 = VECTOR ( 'NONE', #9826, 1000.000000000000000 ) ;
#734 = VERTEX_POINT ( 'NONE', #8904 ) ;
#735 = CARTESIAN_POINT ( 'NONE',  ( 2.215000000000000746, 0.05000000000000002359, 1.749999999999999112 ) ) ;
#736 = ORIENTED_EDGE ( 'NONE', *, *, #5455, .T. ) ;
#737 = DIRECTION ( 'NONE',  ( -0.000000000000000000, -1.000000000000000000, -0.000000000000000000 ) ) ;
#738 = DIRECTION ( 'NONE',  ( 0.000000000000000000, -0.000000000000000000, 1.000000000000000000 ) ) ;
#739 = CARTESIAN_POINT ( 'NONE',  ( 2.215000000000000746, 0.05000000000000002359, -1.750000000000000888 ) ) ;
#740 = ORIENTED_EDGE ( 'NONE', *, *, #10837, .F. ) ;
#741 = AXIS2_PLACEMENT_3D ( 'NONE', #547, #3831, #1430 ) ;
#742 = DIRECTION ( 'NONE',  ( 0.000000000000000000, 1.000000000000000000, 0.000000000000000000 ) ) ;
#743 = VECTOR ( 'NONE', #3879, 1000.000000000000000 ) ;
#744 = AXIS2_PLACEMENT_3D ( 'NONE', #5431, #3954, #7977 ) ;
#745 = FACE_OUTER_BOUND ( 'NONE', #6111, .T. ) ;
#746 = ORIENTED_EDGE ( 'NONE', *, *, #3830, .F. ) ;
#747 = ORIENTED_EDGE ( 'NONE', *, *, #8812, .F. ) ;
#748 = VECTOR ( 'NONE', #2839, 1000.000000000000000 ) ;
#749 = ORIENTED_EDGE ( 'NONE', *, *, #6895, .T. ) ;
#750 = VECTOR ( 'NONE', #1748, 1000.000000000000000 ) ;
#751 = EDGE_CURVE ( 'NONE', #7946, #7502, #2287, .T. ) ;
#752 = LINE ( 'NONE', #6616, #553 ) ;
#753 = LINE ( 'NONE', #2430, #2077 ) ;
#754 = ORIENTED_EDGE ( 'NONE', *, *, #7576, .F. ) ;
#755 = LINE ( 'NONE', #4135, #5213 ) ;
#756 = CARTESIAN_POINT ( 'NONE',  ( -1.364999999999999325, 0.000000000000000000, -2.500000000000001332 ) ) ;
#757 = CARTESIAN_POINT ( 'NONE',  ( -1.364999999999999547, 0.2000000000000000111, 2.215000000000001190 ) ) ;
#758 = VECTOR ( 'NONE', #4257, 1000.000000000000000 ) ;
#759 = DIRECTION ( 'NONE',  ( -0.000000000000000000, -1.000000000000000000, -0.000000000000000000 ) ) ;
#760 = VERTEX_POINT ( 'NONE', #8032 ) ;
#761 = VERTEX_POINT ( 'NONE', #10473 ) ;
#762 =( GEOMETRIC_REPRESENTATION_CONTEXT ( 3 ) GLOBAL_UNCERTAINTY_ASSIGNED_CONTEXT ( ( #911 ) ) GLOBAL_UNIT_ASSIGNED_CONTEXT ( ( #8171, #541, #4738 ) ) REPRESENTATION_CONTEXT ( 'NONE', 'WORKASPACE' ) );
#763 = ORIENTED_EDGE ( 'NONE', *, *, #8981, .F. ) ;
#764 = CARTESIAN_POINT ( 'NONE',  ( 0.2500000000000008882, 0.2000000000000000111, 2.215000000000001190 ) ) ;
#765 = VERTEX_POINT ( 'NONE', #1337 ) ;
#766 = VERTEX_POINT ( 'NONE', #9004 ) ;
#767 = FILL_AREA_STYLE ('',( #157 ) ) ;
#768 = LINE ( 'NONE', #5681, #6288 ) ;
#769 = VERTEX_POINT ( 'NONE', #3951 ) ;
#770 = DIRECTION ( 'NONE',  ( 1.000000000000000000, 0.000000000000000000, -7.608436298143876268E-16 ) ) ;
#771 = DIRECTION ( 'NONE',  ( 1.000000000000000000, -0.000000000000000000, 7.608436298143875282E-16 ) ) ;
#772 = FACE_OUTER_BOUND ( 'NONE', #10114, .T. ) ;
#773 = VECTOR ( 'NONE', #3738, 1000.000000000000000 ) ;
#774 = VERTEX_POINT ( 'NONE', #4705 ) ;
#775 = VERTEX_POINT ( 'NONE', #1445 ) ;
#776 = AXIS2_PLACEMENT_3D ( 'NONE', #8459, #2119, #10523 ) ;
#777 = ORIENTED_EDGE ( 'NONE', *, *, #5233, .F. ) ;
#778 = CYLINDRICAL_SURFACE ( 'NONE', #1462, 0.1150000000000001993 ) ;
#779 = ORIENTED_EDGE ( 'NONE', *, *, #9925, .T. ) ;
#780 = PRESENTATION_STYLE_ASSIGNMENT (( #557 ) ) ;
#781 = VERTEX_POINT ( 'NONE', #6369 ) ;
#782 = LINE ( 'NONE', #3441, #8206 ) ;
#783 = EDGE_CURVE ( 'NONE', #2400, #4545, #8084, .T. ) ;
#784 = EDGE_CURVE ( 'NONE', #4165, #8884, #6325, .T. ) ;
#785 = DIRECTION ( 'NONE',  ( 0.000000000000000000, 0.000000000000000000, -1.000000000000000000 ) ) ;
#786 = DIRECTION ( 'NONE',  ( 1.000000000000000000, 0.000000000000000000, -7.608436298143876268E-16 ) ) ;
#787 = CARTESIAN_POINT ( 'NONE',  ( -2.500000000000001332, 0.1999999999999999833, -0.1349999999999994815 ) ) ;
#788 = ORIENTED_EDGE ( 'NONE', *, *, #9228, .T. ) ;
#789 = EDGE_CURVE ( 'NONE', #1633, #3611, #2236, .T. ) ;
#790 = VERTEX_POINT ( 'NONE', #10685 ) ;
#791 = LINE ( 'NONE', #6701, #8361 ) ;
#792 = ORIENTED_EDGE ( 'NONE', *, *, #7883, .T. ) ;
#793 = CARTESIAN_POINT ( 'NONE',  ( 2.500000000000001332, 0.1999999999999999833, -1.134999999999999565 ) ) ;
#794 = CARTESIAN_POINT ( 'NONE',  ( -1.749999999999999334, 0.2000000000000000111, -2.215000000000001190 ) ) ;
#795 = ADVANCED_FACE ( 'NONE', ( #4820 ), #510, .F. ) ;
#796 = DIRECTION ( 'NONE',  ( 1.000000000000000000, 0.000000000000000000, 0.000000000000000000 ) ) ;
#797 = DIRECTION ( 'NONE',  ( 0.000000000000000000, -0.000000000000000000, 1.000000000000000000 ) ) ;
#798 = EDGE_CURVE ( 'NONE', #2727, #712, #2185, .T. ) ;
#799 = CARTESIAN_POINT ( 'NONE',  ( -2.500000000000001332, 0.1999999999999999833, -0.6349999999999994538 ) ) ;
#800 = ORIENTED_EDGE ( 'NONE', *, *, #4492, .T. ) ;
#801 = VERTEX_POINT ( 'NONE', #3889 ) ;
#802 = AXIS2_PLACEMENT_3D ( 'NONE', #8785, #1233, #4596 ) ;
#803 = VERTEX_POINT ( 'NONE', #624 ) ;
#804 = AXIS2_PLACEMENT_3D ( 'NONE', #9549, #9771, #4463 ) ;
#805 = CARTESIAN_POINT ( 'NONE',  ( 1.865000000000000879, 0.04999999999999999584, 2.215000000000001190 ) ) ;
#806 = DIRECTION ( 'NONE',  ( 0.000000000000000000, 0.000000000000000000, -1.000000000000000000 ) ) ;
#807 = DIRECTION ( 'NONE',  ( 0.000000000000000000, 0.000000000000000000, 1.000000000000000000 ) ) ;
#808 = CARTESIAN_POINT ( 'NONE',  ( -1.634999999999999343, 0.1999999999999999833, -2.215000000000001190 ) ) ;
#809 = DIRECTION ( 'NONE',  ( 1.000000000000000000, -0.000000000000000000, 7.608436298143875282E-16 ) ) ;
#810 = CARTESIAN_POINT ( 'NONE',  ( 1.635000000000000675, 0.2000000000000000111, 2.215000000000001190 ) ) ;
#811 = ORIENTED_EDGE ( 'NONE', *, *, #4988, .F. ) ;
#812 = ADVANCED_FACE ( 'NONE', ( #9691 ), #7092, .T. ) ;
#813 = DIRECTION ( 'NONE',  ( 0.000000000000000000, 1.000000000000000000, -0.000000000000000000 ) ) ;
#814 = VERTEX_POINT ( 'NONE', #6276 ) ;
#815 = ORIENTED_EDGE ( 'NONE', *, *, #4650, .F. ) ;
#816 = CARTESIAN_POINT ( 'NONE',  ( -0.1349999999999992595, 0.2000000000000000111, -2.215000000000001190 ) ) ;
#817 = LINE ( 'NONE', #3527, #9982 ) ;
#818 = VERTEX_POINT ( 'NONE', #2953 ) ;
#819 = CARTESIAN_POINT ( 'NONE',  ( -2.215000000000000746, 0.000000000000000000, -1.364999999999999991 ) ) ;
#820 = CARTESIAN_POINT ( 'NONE',  ( -2.215000000000000746, 0.000000000000000000, -1.134999999999999343 ) ) ;
#821 = AXIS2_PLACEMENT_3D ( 'NONE', #4727, #5222, #4291 ) ;
#822 = CARTESIAN_POINT ( 'NONE',  ( 0.6350000000000007860, 0.2000000000000000111, 2.500000000000001332 ) ) ;
#823 = ORIENTED_EDGE ( 'NONE', *, *, #8180, .T. ) ;
#824 = ORIENTED_EDGE ( 'NONE', *, *, #3523, .T. ) ;
#825 = LINE ( 'NONE', #5917, #3945 ) ;
#826 = ORIENTED_EDGE ( 'NONE', *, *, #5670, .F. ) ;
#827 = ORIENTED_EDGE ( 'NONE', *, *, #1798, .T. ) ;
#828 = EDGE_CURVE ( 'NONE', #10917, #3646, #5587, .T. ) ;
#829 = EDGE_LOOP ( 'NONE', ( #9450, #2673, #9623, #4953 ) ) ;
#830 = DIRECTION ( 'NONE',  ( 0.000000000000000000, 0.000000000000000000, 1.000000000000000000 ) ) ;
#831 = CARTESIAN_POINT ( 'NONE',  ( -1.249999999999999112, 0.2000000000000000111, 2.100000000000000977 ) ) ;
#832 = DIRECTION ( 'NONE',  ( 0.000000000000000000, -0.000000000000000000, 1.000000000000000000 ) ) ;
#833 = CARTESIAN_POINT ( 'NONE',  ( -1.634999999999999343, 0.2000000000000000111, 2.500000000000001332 ) ) ;
#834 = DIRECTION ( 'NONE',  ( -1.000000000000000000, 0.000000000000000000, -0.000000000000000000 ) ) ;
#835 = VECTOR ( 'NONE', #7397, 1000.000000000000000 ) ;
#836 = VERTEX_POINT ( 'NONE', #411 ) ;
#837 = EDGE_CURVE ( 'NONE', #4839, #10136, #7935, .T. ) ;
#838 = EDGE_CURVE ( 'NONE', #2825, #1537, #5834, .T. ) ;
#839 = ORIENTED_EDGE ( 'NONE', *, *, #5836, .T. ) ;
#840 = CARTESIAN_POINT ( 'NONE',  ( -2.215000000000000746, 0.6614108798023753399, -0.6349999999999992317 ) ) ;
#841 = EDGE_LOOP ( 'NONE', ( #2385, #2738, #10354, #1063 ) ) ;
#842 = EDGE_CURVE ( 'NONE', #760, #8298, #2123, .T. ) ;
#843 = CARTESIAN_POINT ( 'NONE',  ( 0.6350000000000007860, 0.2000000000000000111, 2.500000000000001332 ) ) ;
#844 = CARTESIAN_POINT ( 'NONE',  ( 1.365000000000000657, 0.2000000000000000111, 2.215000000000001190 ) ) ;
#845 = CARTESIAN_POINT ( 'NONE',  ( -0.8649999999999992140, 0.2000000000000000111, -2.500000000000001332 ) ) ;
#846 = DIRECTION ( 'NONE',  ( -7.608436298143875282E-16, 0.000000000000000000, -1.000000000000000000 ) ) ;
#847 = ORIENTED_EDGE ( 'NONE', *, *, #8851, .T. ) ;
#848 = DIRECTION ( 'NONE',  ( 0.000000000000000000, -1.000000000000000000, 0.000000000000000000 ) ) ;
#849 = ORIENTED_EDGE ( 'NONE', *, *, #9350, .F. ) ;
#850 = EDGE_CURVE ( 'NONE', #8971, #3489, #3842, .T. ) ;
#851 = LINE ( 'NONE', #5826, #4264 ) ;
#852 = LINE ( 'NONE', #4226, #414 ) ;
#853 = CLOSED_SHELL ( 'NONE', ( #1531, #2898, #9534, #5636, #1901, #10819 ) ) ;
#854 = DIRECTION ( 'NONE',  ( 0.000000000000000000, -0.000000000000000000, 1.000000000000000000 ) ) ;
#855 = CARTESIAN_POINT ( 'NONE',  ( -2.215000000000000746, 0.6614108798023753399, 1.365000000000000657 ) ) ;
#856 = LINE ( 'NONE', #974, #7177 ) ;
#857 = FILL_AREA_STYLE_COLOUR ( '', #2134 ) ;
#858 = PLANE ( 'NONE',  #4249 ) ;
#859 = ORIENTED_EDGE ( 'NONE', *, *, #6588, .F. ) ;
#860 = ORIENTED_EDGE ( 'NONE', *, *, #850, .F. ) ;
#861 = ADVANCED_FACE ( 'NONE', ( #10063 ), #5755, .F. ) ;
#862 = ADVANCED_FACE ( 'NONE', ( #10861 ), #7475, .F. ) ;
#863 = CARTESIAN_POINT ( 'NONE',  ( -2.500000000000001332, 0.000000000000000000, 1.865000000000000657 ) ) ;
#864 = ORIENTED_EDGE ( 'NONE', *, *, #6210, .F. ) ;
#865 = ORIENTED_EDGE ( 'NONE', *, *, #8845, .T. ) ;
#866 = CARTESIAN_POINT ( 'NONE',  ( -0.6349999999999992317, 0.000000000000000000, -2.500000000000001332 ) ) ;
#867 = LINE ( 'NONE', #433, #3630 ) ;
#868 = VERTEX_POINT ( 'NONE', #6757 ) ;
#869 = DIRECTION ( 'NONE',  ( -0.000000000000000000, -0.000000000000000000, -1.000000000000000000 ) ) ;
#870 = LINE ( 'NONE', #5019, #9709 ) ;
#871 = DIRECTION ( 'NONE',  ( 0.000000000000000000, -1.000000000000000000, 0.000000000000000000 ) ) ;
#872 = FACE_OUTER_BOUND ( 'NONE', #2901, .T. ) ;
#873 = PLANE ( 'NONE',  #10816 ) ;
#874 = PRESENTATION_LAYER_ASSIGNMENT (  '', '', ( #5822 ) ) ;
#875 = EDGE_CURVE ( 'NONE', #180, #10623, #1504, .T. ) ;
#876 = ORIENTED_EDGE ( 'NONE', *, *, #9093, .T. ) ;
#877 = CARTESIAN_POINT ( 'NONE',  ( 0.2500000000000008882, 0.000000000000000000, 2.100000000000000977 ) ) ;
#878 = EDGE_LOOP ( 'NONE', ( #8219, #8819, #8360, #2281 ) ) ;
#879 =( LENGTH_UNIT ( ) NAMED_UNIT ( * ) SI_UNIT ( .MILLI., .METRE. ) );
#880 = VERTEX_POINT ( 'NONE', #723 ) ;
#881 = PRESENTATION_STYLE_ASSIGNMENT (( #3378 ) ) ;
#882 = EDGE_CURVE ( 'NONE', #4537, #5900, #8292, .T. ) ;
#883 = DIRECTION ( 'NONE',  ( -1.000000000000000000, -0.000000000000000000, -1.521687259628770718E-15 ) ) ;
#884 = PLANE ( 'NONE',  #2753 ) ;
#885 = PLANE ( 'NONE',  #9359 ) ;
#886 = CARTESIAN_POINT ( 'NONE',  ( -1.800000000000001155, 0.9000000000000000222, -1.550000000000000711 ) ) ;
#887 = LINE ( 'NONE', #3330, #3563 ) ;
#888 = ORIENTED_EDGE ( 'NONE', *, *, #71, .T. ) ;
#889 = EDGE_CURVE ( 'NONE', #7946, #2266, #4105, .T. ) ;
#890 = VECTOR ( 'NONE', #9755, 1000.000000000000000 ) ;
#891 = EDGE_LOOP ( 'NONE', ( #3676, #3487, #8359, #2403 ) ) ;
#892 = LINE ( 'NONE', #840, #4473 ) ;
#893 = AXIS2_PLACEMENT_3D ( 'NONE', #9861, #5653, #9023 ) ;
#894 = VERTEX_POINT ( 'NONE', #672 ) ;
#895 = CARTESIAN_POINT ( 'NONE',  ( 1.135000000000000897, 0.6614108798023734526, -2.500000000000001332 ) ) ;
#896 = CARTESIAN_POINT ( 'NONE',  ( 2.500000000000002220, 0.6614108798023753399, -1.365000000000000213 ) ) ;
#897 = LINE ( 'NONE', #8417, #958 ) ;
#898 = VECTOR ( 'NONE', #9126, 1000.000000000000000 ) ;
#899 = DIRECTION ( 'NONE',  ( 0.000000000000000000, 0.000000000000000000, 1.000000000000000000 ) ) ;
#900 = ADVANCED_FACE ( 'NONE', ( #4980 ), #2512, .F. ) ;
#901 = VECTOR ( 'NONE', #7214, 1000.000000000000000 ) ;
#902 = ORIENTED_EDGE ( 'NONE', *, *, #9007, .F. ) ;
#903 = DIRECTION ( 'NONE',  ( 0.000000000000000000, -1.000000000000000000, 0.000000000000000000 ) ) ;
#904 = EDGE_LOOP ( 'NONE', ( #2454, #6624, #1344, #356 ) ) ;
#905 = AXIS2_PLACEMENT_3D ( 'NONE', #5702, #2238, #10797 ) ;
#906 = EDGE_LOOP ( 'NONE', ( #4478, #10791, #2120, #3171, #5014 ) ) ;
#907 = VECTOR ( 'NONE', #10882, 1000.000000000000000 ) ;
#908 = VECTOR ( 'NONE', #9530, 1000.000000000000000 ) ;
#909 = CARTESIAN_POINT ( 'NONE',  ( 1.750000000000000222, 5.149747468305832854, -1.634999999999998899 ) ) ;
#910 = DIRECTION ( 'NONE',  ( 0.000000000000000000, -0.000000000000000000, 1.000000000000000000 ) ) ;
#911 = UNCERTAINTY_MEASURE_WITH_UNIT (LENGTH_MEASURE( 1.000000000000000082E-05 ), #8171, 'distance_accuracy_value', 'NONE');
#912 = CARTESIAN_POINT ( 'NONE',  ( 1.135000000000000897, 0.04999999999999969746, -2.500000000000001332 ) ) ;
#913 = VECTOR ( 'NONE', #10516, 1000.000000000000000 ) ;
#914 = DIRECTION ( 'NONE',  ( 0.000000000000000000, 1.000000000000000000, -0.000000000000000000 ) ) ;
#915 = ORIENTED_EDGE ( 'NONE', *, *, #7330, .T. ) ;
#916 = VECTOR ( 'NONE', #1679, 1000.000000000000000 ) ;
#917 = DIRECTION ( 'NONE',  ( 0.000000000000000000, 0.000000000000000000, -1.000000000000000000 ) ) ;
#918 =( NAMED_UNIT ( * ) SI_UNIT ( $, .STERADIAN. ) SOLID_ANGLE_UNIT ( ) );
#919 = ADVANCED_FACE ( 'NONE', ( #2407 ), #5866, .F. ) ;
#920 = EDGE_CURVE ( 'NONE', #255, #8197, #3016, .T. ) ;
#921 = DIRECTION ( 'NONE',  ( 0.000000000000000000, -1.000000000000000000, 0.000000000000000000 ) ) ;
#922 = VECTOR ( 'NONE', #1066, 1000.000000000000000 ) ;
#923 = VERTEX_POINT ( 'NONE', #1672 ) ;
#924 = AXIS2_PLACEMENT_3D ( 'NONE', #1712, #1930, #7843 ) ;
#925 = EDGE_CURVE ( 'NONE', #4068, #3565, #1558, .T. ) ;
#926 = AXIS2_PLACEMENT_3D ( 'NONE', #2209, #2150, #2313 ) ;
#927 = ORIENTED_EDGE ( 'NONE', *, *, #2764, .F. ) ;
#928 = AXIS2_PLACEMENT_3D ( 'NONE', #6280, #7042, #7759 ) ;
#929 = DIRECTION ( 'NONE',  ( -1.000000000000000000, 0.000000000000000000, -7.608436298143875282E-16 ) ) ;
#930 = ORIENTED_EDGE ( 'NONE', *, *, #9497, .T. ) ;
#931 =( GEOMETRIC_REPRESENTATION_CONTEXT ( 3 ) GLOBAL_UNCERTAINTY_ASSIGNED_CONTEXT ( ( #4443 ) ) GLOBAL_UNIT_ASSIGNED_CONTEXT ( ( #10740, #10682, #8186 ) ) REPRESENTATION_CONTEXT ( 'NONE', 'WORKASPACE' ) );
#932 = DIRECTION ( 'NONE',  ( -0.000000000000000000, -1.000000000000000000, -0.000000000000000000 ) ) ;
#933 = STYLED_ITEM ( 'NONE', ( #1838 ), #5873 ) ;
#934 = PLANE ( 'NONE',  #1510 ) ;
#935 = CARTESIAN_POINT ( 'NONE',  ( 2.500000000000002220, 0.000000000000000000, -0.3650000000000001021 ) ) ;
#936 = DIRECTION ( 'NONE',  ( 1.000000000000000000, 0.000000000000000000, -7.608436298143875282E-16 ) ) ;
#937 = VECTOR ( 'NONE', #4287, 1000.000000000000000 ) ;
#938 = DIRECTION ( 'NONE',  ( 0.000000000000000000, 0.000000000000000000, -1.000000000000000000 ) ) ;
#939 = VECTOR ( 'NONE', #8428, 1000.000000000000000 ) ;
#940 = DIRECTION ( 'NONE',  ( 0.000000000000000000, -1.000000000000000000, 0.000000000000000000 ) ) ;
#941 = ADVANCED_FACE ( 'NONE', ( #3220 ), #4161, .F. ) ;
#942 = ORIENTED_EDGE ( 'NONE', *, *, #3319, .F. ) ;
#943 = DIRECTION ( 'NONE',  ( 0.000000000000000000, -1.000000000000000000, 0.000000000000000000 ) ) ;
#944 = ORIENTED_EDGE ( 'NONE', *, *, #5733, .T. ) ;
#945 = DIRECTION ( 'NONE',  ( 0.000000000000000000, 0.000000000000000000, -1.000000000000000000 ) ) ;
#946 = ORIENTED_EDGE ( 'NONE', *, *, #8707, .T. ) ;
#947 = FILL_AREA_STYLE_COLOUR ( '', #8345 ) ;
#948 = EDGE_LOOP ( 'NONE', ( #1191, #5630, #5086, #5933 ) ) ;
#949 = DIRECTION ( 'NONE',  ( -1.000000000000000000, 0.000000000000000000, -7.608436298143875282E-16 ) ) ;
#950 = CARTESIAN_POINT ( 'NONE',  ( 1.135000000000000675, 0.04999999999999999584, -2.215000000000001190 ) ) ;
#951 = STYLED_ITEM ( 'NONE', ( #1143 ), #9694 ) ;
#952 = DIRECTION ( 'NONE',  ( 3.771137991253918417E-15, 0.000000000000000000, -1.000000000000000000 ) ) ;
#953 = CYLINDRICAL_SURFACE ( 'NONE', #31, 0.1150000000000000883 ) ;
#954 = DIRECTION ( 'NONE',  ( -0.000000000000000000, -1.000000000000000000, -0.000000000000000000 ) ) ;
#955 = CIRCLE ( 'NONE', #1305, 0.1150000000000000883 ) ;
#956 = ORIENTED_EDGE ( 'NONE', *, *, #213, .T. ) ;
#957 = EDGE_CURVE ( 'NONE', #663, #9087, #7609, .T. ) ;
#958 = VECTOR ( 'NONE', #7656, 1000.000000000000000 ) ;
#959 = EDGE_LOOP ( 'NONE', ( #6899, #9333, #276, #1508 ) ) ;
#960 = CARTESIAN_POINT ( 'NONE',  ( -1.864999999999999547, 0.6614108798023734526, -2.215000000000001190 ) ) ;
#961 = ORIENTED_EDGE ( 'NONE', *, *, #10089, .F. ) ;
#962 = PLANE ( 'NONE',  #1813 ) ;
#963 = PLANE ( 'NONE',  #8302 ) ;
#964 = DIRECTION ( 'NONE',  ( -0.000000000000000000, -0.000000000000000000, 1.000000000000000000 ) ) ;
#965 = DIRECTION ( 'NONE',  ( 0.000000000000000000, 0.000000000000000000, -1.000000000000000000 ) ) ;
#966 = DIRECTION ( 'NONE',  ( 0.000000000000000000, -1.000000000000000000, 0.000000000000000000 ) ) ;
#967 = ORIENTED_EDGE ( 'NONE', *, *, #2335, .F. ) ;
#968 = ORIENTED_EDGE ( 'NONE', *, *, #6261, .T. ) ;
#969 = CARTESIAN_POINT ( 'NONE',  ( -0.3649999999999994360, 0.1999999999999999833, 2.215000000000001190 ) ) ;
#970 = DIRECTION ( 'NONE',  ( 1.000000000000000000, -0.000000000000000000, -0.000000000000000000 ) ) ;
#971 = CARTESIAN_POINT ( 'NONE',  ( 1.250000000000000888, 0.1999999999999999833, 2.215000000000001190 ) ) ;
#972 = ADVANCED_FACE ( 'NONE', ( #5700 ), #7362, .F. ) ;
#973 = DIRECTION ( 'NONE',  ( 0.000000000000000000, -1.000000000000000000, 0.000000000000000000 ) ) ;
#974 = CARTESIAN_POINT ( 'NONE',  ( 2.215000000000000746, 0.6614108798023753399, 0.3650000000000007683 ) ) ;
#975 = CARTESIAN_POINT ( 'NONE',  ( 0.2500000000000008882, 0.6614108798023734526, 2.215000000000001190 ) ) ;
#976 = VECTOR ( 'NONE', #9002, 1000.000000000000000 ) ;
#977 = CARTESIAN_POINT ( 'NONE',  ( -2.215000000000000746, 0.000000000000000000, -0.7499999999999997780 ) ) ;
#978 = ORIENTED_EDGE ( 'NONE', *, *, #243, .F. ) ;
#979 = AXIS2_PLACEMENT_3D ( 'NONE', #4858, #10896, #7395 ) ;
#980 = COLOUR_RGB ( '',0.7921568627450980005, 0.8196078431372548767, 0.9333333333333333481 ) ;
#981 = EDGE_CURVE ( 'NONE', #8852, #1567, #4205, .T. ) ;
#982 = DIRECTION ( 'NONE',  ( 3.771137991253918417E-15, 0.000000000000000000, -1.000000000000000000 ) ) ;
#983 = EDGE_LOOP ( 'NONE', ( #7963, #5041, #7089, #3938 ) ) ;
#984 = CARTESIAN_POINT ( 'NONE',  ( -2.215000000000000746, 0.000000000000000000, 0.3650000000000007683 ) ) ;
#985 = EDGE_CURVE ( 'NONE', #3015, #341, #9071, .T. ) ;
#986 = CARTESIAN_POINT ( 'NONE',  ( -1.134999999999999343, 0.000000000000000000, -2.500000000000001332 ) ) ;
#987 = SURFACE_SIDE_STYLE ('',( #5184 ) ) ;
#988 = CARTESIAN_POINT ( 'NONE',  ( 2.499999999999999556, 0.9999999999999991118, -2.500000000000001332 ) ) ;
#989 = FACE_OUTER_BOUND ( 'NONE', #9142, .T. ) ;
#990 = LINE ( 'NONE', #3532, #10285 ) ;
#991 = EDGE_CURVE ( 'NONE', #868, #6267, #10437, .T. ) ;
#992 = EDGE_LOOP ( 'NONE', ( #5315, #2912, #7080, #8631 ) ) ;
#993 = LINE ( 'NONE', #9231, #4458 ) ;
#994 = VERTEX_POINT ( 'NONE', #8241 ) ;
#995 = ORIENTED_EDGE ( 'NONE', *, *, #8981, .T. ) ;
#996 = DIRECTION ( 'NONE',  ( 0.000000000000000000, 0.000000000000000000, -1.000000000000000000 ) ) ;
#997 = EDGE_CURVE ( 'NONE', #1124, #7196, #10795, .T. ) ;
#998 = VECTOR ( 'NONE', #4343, 1000.000000000000000 ) ;
#999 = ORIENTED_EDGE ( 'NONE', *, *, #9972, .F. ) ;
#1000 = DIRECTION ( 'NONE',  ( 0.000000000000000000, 0.000000000000000000, -1.000000000000000000 ) ) ;
#1001 = ORIENTED_EDGE ( 'NONE', *, *, #6207, .F. ) ;
#1002 = LINE ( 'NONE', #74, #10915 ) ;
#1003 = CARTESIAN_POINT ( 'NONE',  ( 0.6350000000000007860, 0.1999999999999999833, -2.500000000000001332 ) ) ;
#1004 = PLANE ( 'NONE',  #6725 ) ;
#1005 = CARTESIAN_POINT ( 'NONE',  ( 1.865000000000000879, 0.6614108798023734526, 2.500000000000001332 ) ) ;
#1006 = CARTESIAN_POINT ( 'NONE',  ( 0.2500000000000008882, 0.2000000000000000111, 2.100000000000000977 ) ) ;
#1007 = ORIENTED_EDGE ( 'NONE', *, *, #2854, .F. ) ;
#1008 = CIRCLE ( 'NONE', #2783, 0.1150000000000001993 ) ;
#1009 = EDGE_CURVE ( 'NONE', #5931, #7244, #4415, .T. ) ;
#1010 = VERTEX_POINT ( 'NONE', #1899 ) ;
#1011 = LINE ( 'NONE', #9413, #5009 ) ;
#1012 = EDGE_CURVE ( 'NONE', #8690, #7178, #2324, .T. ) ;
#1013 = ADVANCED_FACE ( 'NONE', ( #6872 ), #1113, .T. ) ;
#1014 = VERTEX_POINT ( 'NONE', #2733 ) ;
#1015 = DIRECTION ( 'NONE',  ( -0.000000000000000000, -1.000000000000000000, -0.000000000000000000 ) ) ;
#1016 = FACE_OUTER_BOUND ( 'NONE', #7022, .T. ) ;
#1017 = FACE_OUTER_BOUND ( 'NONE', #5238, .T. ) ;
#1018 = AXIS2_PLACEMENT_3D ( 'NONE', #10396, #7907, #4643 ) ;
#1019 = CARTESIAN_POINT ( 'NONE',  ( 2.215000000000000746, 0.6614108798023753399, -0.2500000000000008882 ) ) ;
#1020 = ORIENTED_EDGE ( 'NONE', *, *, #4414, .F. ) ;
#1021 = CARTESIAN_POINT ( 'NONE',  ( -2.500000000000000444, 0.9999999999999991118, 2.499999999999999556 ) ) ;
#1022 = EDGE_CURVE ( 'NONE', #6516, #10237, #2829, .T. ) ;
#1023 = VECTOR ( 'NONE', #2905, 1000.000000000000000 ) ;
#1024 = ORIENTED_EDGE ( 'NONE', *, *, #9245, .T. ) ;
#1025 = CARTESIAN_POINT ( 'NONE',  ( 0.1350000000000007860, 0.04999999999999969746, 2.500000000000001332 ) ) ;
#1026 = LINE ( 'NONE', #257, #7821 ) ;
#1027 = UNCERTAINTY_MEASURE_WITH_UNIT (LENGTH_MEASURE( 1.000000000000000082E-05 ), #10008, 'distance_accuracy_value', 'NONE');
#1028 = DIRECTION ( 'NONE',  ( 0.000000000000000000, -1.000000000000000000, 0.000000000000000000 ) ) ;
#1029 = SURFACE_STYLE_FILL_AREA ( #10208 ) ;
#1030 = EDGE_LOOP ( 'NONE', ( #2833, #3666, #9721, #3052 ) ) ;
#1031 = EDGE_CURVE ( 'NONE', #1550, #6919, #5305, .T. ) ;
#1032 = CARTESIAN_POINT ( 'NONE',  ( 0.8650000000000009903, 0.2000000000000005107, 2.499999999999999112 ) ) ;
#1033 = DIRECTION ( 'NONE',  ( 0.000000000000000000, -1.000000000000000000, 0.000000000000000000 ) ) ;
#1034 = VERTEX_POINT ( 'NONE', #1777 ) ;
#1035 = CLOSED_SHELL ( 'NONE', ( #5075, #6445, #8578, #43, #1814, #2873 ) ) ;
#1036 = PLANE ( 'NONE',  #10458 ) ;
#1037 = VERTEX_POINT ( 'NONE', #77 ) ;
#1038 = DIRECTION ( 'NONE',  ( 0.000000000000000000, -1.000000000000000000, 0.000000000000000000 ) ) ;
#1039 = DIRECTION ( 'NONE',  ( -1.000000000000000000, 0.000000000000000000, 8.673617379884036705E-17 ) ) ;
#1040 = DIRECTION ( 'NONE',  ( 0.000000000000000000, -1.000000000000000000, 0.000000000000000000 ) ) ;
#1041 = FACE_OUTER_BOUND ( 'NONE', #104, .T. ) ;
#1042 = PLANE ( 'NONE',  #10637 ) ;
#1043 = DIRECTION ( 'NONE',  ( -7.608436298143875282E-16, 0.000000000000000000, -1.000000000000000000 ) ) ;
#1044 = EDGE_CURVE ( 'NONE', #8808, #8482, #9404, .T. ) ;
#1045 = DIRECTION ( 'NONE',  ( 1.000000000000000000, 0.000000000000000000, -7.608436298143888101E-16 ) ) ;
#1046 = VERTEX_POINT ( 'NONE', #5256 ) ;
#1047 = ORIENTED_EDGE ( 'NONE', *, *, #7576, .T. ) ;
#1048 = DIRECTION ( 'NONE',  ( -1.000000000000000000, 0.000000000000000000, 7.608436298143875282E-16 ) ) ;
#1049 = EDGE_LOOP ( 'NONE', ( #654, #639, #10356, #8779 ) ) ;
#1050 = ORIENTED_EDGE ( 'NONE', *, *, #2622, .T. ) ;
#1051 = ORIENTED_EDGE ( 'NONE', *, *, #326, .T. ) ;
#1052 = FACE_OUTER_BOUND ( 'NONE', #7527, .T. ) ;
#1053 = ORIENTED_EDGE ( 'NONE', *, *, #8479, .F. ) ;
#1054 = CARTESIAN_POINT ( 'NONE',  ( 1.865000000000000879, 0.000000000000000000, -2.215000000000001190 ) ) ;
#1055 = CARTESIAN_POINT ( 'NONE',  ( 1.865000000000000879, 0.2000000000000000111, -2.500000000000001332 ) ) ;
#1056 = CARTESIAN_POINT ( 'NONE',  ( -2.500000000000002220, 0.1999999999999999833, -0.8650000000000001021 ) ) ;
#1057 = LINE ( 'NONE', #2780, #10630 ) ;
#1058 = DIRECTION ( 'NONE',  ( 0.000000000000000000, 1.000000000000000000, 0.000000000000000000 ) ) ;
#1059 = EDGE_CURVE ( 'NONE', #9931, #72, #4319, .T. ) ;
#1060 = EDGE_LOOP ( 'NONE', ( #8238, #9842, #2368, #3373 ) ) ;
#1061 = EDGE_CURVE ( 'NONE', #5360, #7019, #7799, .T. ) ;
#1062 = VECTOR ( 'NONE', #2310, 1000.000000000000000 ) ;
#1063 = ORIENTED_EDGE ( 'NONE', *, *, #10335, .T. ) ;
#1064 = DIRECTION ( 'NONE',  ( -0.000000000000000000, -1.000000000000000000, -0.000000000000000000 ) ) ;
#1065 = VERTEX_POINT ( 'NONE', #2010 ) ;
#1066 = DIRECTION ( 'NONE',  ( -7.608436298143888101E-16, 0.000000000000000000, -1.000000000000000000 ) ) ;
#1067 = PLANE ( 'NONE',  #1502 ) ;
#1068 = CARTESIAN_POINT ( 'NONE',  ( -2.215000000000000746, 0.6614108798023753399, -1.634999999999999343 ) ) ;
#1069 = CARTESIAN_POINT ( 'NONE',  ( 2.500000000000001332, 0.04999999999999969746, -1.134999999999999565 ) ) ;
#1070 = CARTESIAN_POINT ( 'NONE',  ( 1.365000000000000657, 0.2000000000000000111, 2.500000000000001332 ) ) ;
#1071 = DIRECTION ( 'NONE',  ( 0.000000000000000000, -0.000000000000000000, -1.000000000000000000 ) ) ;
#1072 = EDGE_CURVE ( 'NONE', #7178, #4735, #2670, .T. ) ;
#1073 = VERTEX_POINT ( 'NONE', #3606 ) ;
#1074 = ADVANCED_FACE ( 'NONE', ( #286 ), #1004, .F. ) ;
#1075 = VERTEX_POINT ( 'NONE', #7028 ) ;
#1076 = DIRECTION ( 'NONE',  ( 0.000000000000000000, 0.000000000000000000, -1.000000000000000000 ) ) ;
#1077 = AXIS2_PLACEMENT_3D ( 'NONE', #7859, #127, #6979 ) ;
#1078 = CARTESIAN_POINT ( 'NONE',  ( -2.500000000000002220, 0.000000000000000000, 0.6349999999999998979 ) ) ;
#1079 = DIRECTION ( 'NONE',  ( 0.000000000000000000, 0.000000000000000000, -1.000000000000000000 ) ) ;
#1080 = SURFACE_SIDE_STYLE ('',( #1196 ) ) ;
#1081 = DIRECTION ( 'NONE',  ( 0.000000000000000000, -1.000000000000000000, 0.000000000000000000 ) ) ;
#1082 = AXIS2_PLACEMENT_3D ( 'NONE', #4139, #921, #2646 ) ;
#1083 = CARTESIAN_POINT ( 'NONE',  ( -1.800000000000001155, 0.9000000000000000222, -1.550000000000000711 ) ) ;
#1084 = VECTOR ( 'NONE', #1863, 1000.000000000000000 ) ;
#1085 = ORIENTED_EDGE ( 'NONE', *, *, #2427, .T. ) ;
#1086 = VERTEX_POINT ( 'NONE', #9518 ) ;
#1087 = VECTOR ( 'NONE', #7860, 1000.000000000000000 ) ;
#1088 = EDGE_CURVE ( 'NONE', #9111, #9932, #8664, .T. ) ;
#1089 = VECTOR ( 'NONE', #7749, 1000.000000000000000 ) ;
#1090 = CIRCLE ( 'NONE', #4613, 0.1150000000000000883 ) ;
#1091 = LINE ( 'NONE', #6241, #9564 ) ;
#1092 = PLANE ( 'NONE',  #66 ) ;
#1093 = DIRECTION ( 'NONE',  ( 1.000000000000000000, 0.000000000000000000, 7.608436298143888101E-16 ) ) ;
#1094 = DIRECTION ( 'NONE',  ( 0.000000000000000000, 0.000000000000000000, -1.000000000000000000 ) ) ;
#1095 = AXIS2_PLACEMENT_3D ( 'NONE', #5552, #4943, #3968 ) ;
#1096 = CARTESIAN_POINT ( 'NONE',  ( -9.662714098642750648E-16, 0.05000000000000000278, 0.6350000000000036726 ) ) ;
#1097 = CARTESIAN_POINT ( 'NONE',  ( 2.500000000000002220, 0.1999999999999999833, 1.135000000000000009 ) ) ;
#1098 = AXIS2_PLACEMENT_3D ( 'NONE', #8117, #3093, #5522 ) ;
#1099 = VECTOR ( 'NONE', #6248, 1000.000000000000000 ) ;
#1100 = ORIENTED_EDGE ( 'NONE', *, *, #3449, .F. ) ;
#1101 = CARTESIAN_POINT ( 'NONE',  ( 1.635000000000000009, 0.000000000000000000, 1.635000000000001341 ) ) ;
#1102 = AXIS2_PLACEMENT_3D ( 'NONE', #1915, #7711, #9476 ) ;
#1103 = VECTOR ( 'NONE', #2417, 1000.000000000000000 ) ;
#1104 = ORIENTED_EDGE ( 'NONE', *, *, #7145, .T. ) ;
#1106 = DIRECTION ( 'NONE',  ( 0.000000000000000000, 1.000000000000000000, 0.000000000000000000 ) ) ;
#1105 = COLOUR_RGB ( '',0.7921568627450980005, 0.8196078431372548767, 0.9333333333333333481 ) ;
#1107 = ORIENTED_EDGE ( 'NONE', *, *, #5836, .F. ) ;
#1108 = AXIS2_PLACEMENT_3D ( 'NONE', #166, #2568, #5077 ) ;
#1109 = VERTEX_POINT ( 'NONE', #9573 ) ;
#1110 = ORIENTED_EDGE ( 'NONE', *, *, #5551, .T. ) ;
#1111 = CYLINDRICAL_SURFACE ( 'NONE', #1018, 0.1150000000000000883 ) ;
#1112 = LINE ( 'NONE', #9633, #3446 ) ;
#1113 = CYLINDRICAL_SURFACE ( 'NONE', #5128, 0.1150000000000000883 ) ;
#1114 = EDGE_CURVE ( 'NONE', #4045, #1046, #7772, .T. ) ;
#1115 = CARTESIAN_POINT ( 'NONE',  ( 2.215000000000000746, 0.6614108798023753399, -0.7500000000000008882 ) ) ;
#1116 = CARTESIAN_POINT ( 'NONE',  ( -2.215000000000000746, 0.000000000000000000, 1.250000000000000222 ) ) ;
#1117 = ORIENTED_EDGE ( 'NONE', *, *, #1374, .T. ) ;
#1118 = VECTOR ( 'NONE', #7727, 1000.000000000000000 ) ;
#1119 = ADVANCED_FACE ( 'NONE', ( #7747 ), #885, .F. ) ;
#1120 = VERTEX_POINT ( 'NONE', #5139 ) ;
#1121 = MECHANICAL_DESIGN_GEOMETRIC_PRESENTATION_REPRESENTATION (  '', ( #6242 ), #762 ) ;
#1122 = EDGE_CURVE ( 'NONE', #1405, #1585, #4370, .T. ) ;
#1123 = LINE ( 'NONE', #8782, #7131 ) ;
#1124 = VERTEX_POINT ( 'NONE', #3494 ) ;
#1125 = LINE ( 'NONE', #6158, #9038 ) ;
#1126 = DIRECTION ( 'NONE',  ( 0.000000000000000000, -1.000000000000000000, 0.000000000000000000 ) ) ;
#1127 = CARTESIAN_POINT ( 'NONE',  ( -2.500000000000002220, 0.6614108798023753399, 1.135000000000000009 ) ) ;
#1128 = DIRECTION ( 'NONE',  ( -3.771137991253918417E-15, 0.000000000000000000, -1.000000000000000000 ) ) ;
#1129 = EDGE_CURVE ( 'NONE', #1405, #6420, #6032, .T. ) ;
#1130 = DIRECTION ( 'NONE',  ( 0.000000000000000000, -1.000000000000000000, 0.000000000000000000 ) ) ;
#1131 = ORIENTED_EDGE ( 'NONE', *, *, #1491, .T. ) ;
#1132 = DIRECTION ( 'NONE',  ( 0.000000000000000000, -1.000000000000000000, 0.000000000000000000 ) ) ;
#1133 = EDGE_CURVE ( 'NONE', #6663, #5412, #4601, .T. ) ;
#1134 = EDGE_LOOP ( 'NONE', ( #10080, #4978, #3579, #5458, #7549 ) ) ;
#1135 = STYLED_ITEM ( 'NONE', ( #8694 ), #9723 ) ;
#1136 = VECTOR ( 'NONE', #8184, 1000.000000000000000 ) ;
#1137 = ORIENTED_EDGE ( 'NONE', *, *, #10256, .T. ) ;
#1138 = EDGE_CURVE ( 'NONE', #3870, #3931, #10456, .T. ) ;
#1139 = DIRECTION ( 'NONE',  ( 0.000000000000000000, 0.000000000000000000, 1.000000000000000000 ) ) ;
#1140 = FACE_OUTER_BOUND ( 'NONE', #3825, .T. ) ;
#1141 = LINE ( 'NONE', #2750, #8066 ) ;
#1142 = EDGE_CURVE ( 'NONE', #5360, #9931, #2890, .T. ) ;
#1143 = PRESENTATION_STYLE_ASSIGNMENT (( #4609 ) ) ;
#1144 = CARTESIAN_POINT ( 'NONE',  ( 0.8650000000000007683, 0.2000000000000000111, -2.215000000000001190 ) ) ;
#1145 = CARTESIAN_POINT ( 'NONE',  ( -0.2499999999999993616, 0.6614108798023734526, -2.215000000000001190 ) ) ;
#1146 = ORIENTED_EDGE ( 'NONE', *, *, #3025, .T. ) ;
#1147 = LINE ( 'NONE', #2094, #10449 ) ;
#1148 = AXIS2_PLACEMENT_3D ( 'NONE', #5634, #9176, #3380 ) ;
#1149 = LINE ( 'NONE', #7888, #8396 ) ;
#1150 = DIRECTION ( 'NONE',  ( -1.000000000000000000, 0.000000000000000000, 1.521687259628770718E-15 ) ) ;
#1151 = DIRECTION ( 'NONE',  ( 7.608436298143875282E-16, 0.000000000000000000, -1.000000000000000000 ) ) ;
#1152 = CARTESIAN_POINT ( 'NONE',  ( 0.6350000000000007860, 0.04999999999999969746, 2.500000000000001332 ) ) ;
#1153 = CARTESIAN_POINT ( 'NONE',  ( 0.3650000000000007683, 0.000000000000000000, -2.500000000000001332 ) ) ;
#1154 = EDGE_CURVE ( 'NONE', #4637, #9086, #4540, .T. ) ;
#1155 = VERTEX_POINT ( 'NONE', #518 ) ;
#1156 = DIRECTION ( 'NONE',  ( -0.000000000000000000, -1.000000000000000000, 0.000000000000000000 ) ) ;
#1157 = VECTOR ( 'NONE', #10845, 1000.000000000000000 ) ;
#1158 = CIRCLE ( 'NONE', #10159, 0.1150000000000001993 ) ;
#1159 = ORIENTED_EDGE ( 'NONE', *, *, #6615, .T. ) ;
#1160 = ORIENTED_EDGE ( 'NONE', *, *, #10674, .T. ) ;
#1161 = ORIENTED_EDGE ( 'NONE', *, *, #6930, .F. ) ;
#1162 = CARTESIAN_POINT ( 'NONE',  ( -1.864999999999999547, 0.2000000000000000111, -2.215000000000001190 ) ) ;
#1163 = EDGE_CURVE ( 'NONE', #9120, #6366, #3899, .T. ) ;
#1164 = VERTEX_POINT ( 'NONE', #10419 ) ;
#1165 = ORIENTED_EDGE ( 'NONE', *, *, #8845, .F. ) ;
#1166 = LINE ( 'NONE', #4532, #6057 ) ;
#1167 = DIRECTION ( 'NONE',  ( 0.000000000000000000, -1.000000000000000000, 0.000000000000000000 ) ) ;
#1168 = VECTOR ( 'NONE', #267, 1000.000000000000000 ) ;
#1169 = SURFACE_SIDE_STYLE ('',( #8290 ) ) ;
#1170 = VERTEX_POINT ( 'NONE', #10367 ) ;
#1171 = CARTESIAN_POINT ( 'NONE',  ( -2.215000000000000746, 0.1999999999999999833, 1.135000000000000231 ) ) ;
#1172 = CARTESIAN_POINT ( 'NONE',  ( 1.135000000000000897, 0.1999999999999999833, -2.500000000000001332 ) ) ;
#1173 = DIRECTION ( 'NONE',  ( 3.771137991253918417E-15, -0.000000000000000000, 1.000000000000000000 ) ) ;
#1174 = DIRECTION ( 'NONE',  ( -1.000000000000000000, 0.000000000000000000, 0.000000000000000000 ) ) ;
#1175 = LINE ( 'NONE', #3775, #2862 ) ;
#1176 = ADVANCED_FACE ( 'NONE', ( #2964 ), #2915, .T. ) ;
#1177 = ORIENTED_EDGE ( 'NONE', *, *, #4091, .F. ) ;
#1178 = VECTOR ( 'NONE', #9036, 1000.000000000000000 ) ;
#1179 = ORIENTED_EDGE ( 'NONE', *, *, #10717, .F. ) ;
#1180 = FACE_OUTER_BOUND ( 'NONE', #6731, .T. ) ;
#1181 = VERTEX_POINT ( 'NONE', #4506 ) ;
#1182 = LINE ( 'NONE', #5425, #4794 ) ;
#1183 = PLANE ( 'NONE',  #9269 ) ;
#1184 = DIRECTION ( 'NONE',  ( -0.000000000000000000, -1.000000000000000000, -0.000000000000000000 ) ) ;
#1185 = PLANE ( 'NONE',  #2153 ) ;
#1186 = CARTESIAN_POINT ( 'NONE',  ( 0.3650000000000009348, 0.6614108798023734526, 2.215000000000001190 ) ) ;
#1187 = DIRECTION ( 'NONE',  ( 1.000000000000000000, 0.000000000000000000, -7.608436298143875282E-16 ) ) ;
#1188 = DIRECTION ( 'NONE',  ( 1.000000000000000000, 0.000000000000000000, -7.608436298143888101E-16 ) ) ;
#1189 = EDGE_CURVE ( 'NONE', #1164, #7342, #9701, .T. ) ;
#1190 = ADVANCED_FACE ( 'NONE', ( #1140 ), #3798, .F. ) ;
#1191 = ORIENTED_EDGE ( 'NONE', *, *, #79, .F. ) ;
#1192 = CIRCLE ( 'NONE', #1730, 0.1150000000000000883 ) ;
#1193 = LINE ( 'NONE', #5385, #2175 ) ;
#1194 = PLANE ( 'NONE',  #533 ) ;
#1195 = LINE ( 'NONE', #8693, #2252 ) ;
#1196 = SURFACE_STYLE_FILL_AREA ( #8749 ) ;
#1197 = ORIENTED_EDGE ( 'NONE', *, *, #8598, .F. ) ;
#1198 = CARTESIAN_POINT ( 'NONE',  ( -0.7499999999999991118, 0.04999999999999999584, 2.215000000000001190 ) ) ;
#1199 = CARTESIAN_POINT ( 'NONE',  ( 0.6350000000000007860, 0.000000000000000000, 2.500000000000001332 ) ) ;
#1200 = EDGE_CURVE ( 'NONE', #8150, #2438, #2032, .T. ) ;
#1201 = CIRCLE ( 'NONE', #10194, 0.1150000000000000883 ) ;
#1202 = VECTOR ( 'NONE', #5637, 1000.000000000000000 ) ;
#1203 = ORIENTED_EDGE ( 'NONE', *, *, #9987, .F. ) ;
#1204 = ADVANCED_FACE ( 'NONE', ( #3735 ), #1241, .F. ) ;
#1205 = DIRECTION ( 'NONE',  ( -3.771137991253918417E-15, 0.000000000000000000, 1.000000000000000000 ) ) ;
#1206 = LINE ( 'NONE', #3637, #8167 ) ;
#1207 = FACE_OUTER_BOUND ( 'NONE', #1551, .T. ) ;
#1208 = LINE ( 'NONE', #9712, #5760 ) ;
#1209 = LINE ( 'NONE', #7013, #2163 ) ;
#1210 = DIRECTION ( 'NONE',  ( 0.000000000000000000, 0.000000000000000000, -1.000000000000000000 ) ) ;
#1211 = ORIENTED_EDGE ( 'NONE', *, *, #7667, .T. ) ;
#1212 = EDGE_CURVE ( 'NONE', #552, #616, #7424, .T. ) ;
#1213 = EDGE_CURVE ( 'NONE', #2603, #1086, #5386, .T. ) ;
#1214 = ORIENTED_EDGE ( 'NONE', *, *, #5134, .F. ) ;
#1215 = FACE_OUTER_BOUND ( 'NONE', #7137, .T. ) ;
#1216 = VERTEX_POINT ( 'NONE', #7211 ) ;
#1217 = ORIENTED_EDGE ( 'NONE', *, *, #1495, .F. ) ;
#1218 = ORIENTED_EDGE ( 'NONE', *, *, #5500, .T. ) ;
#1219 = SURFACE_STYLE_USAGE ( .BOTH. , #3141 ) ;
#1220 = VERTEX_POINT ( 'NONE', #10485 ) ;
#1221 = DIRECTION ( 'NONE',  ( 3.771137991253918417E-15, 0.000000000000000000, -1.000000000000000000 ) ) ;
#1222 = DIRECTION ( 'NONE',  ( -0.000000000000000000, -1.000000000000000000, -0.000000000000000000 ) ) ;
#1223 = CARTESIAN_POINT ( 'NONE',  ( -2.500000000000002220, 0.04999999999999969746, 0.1349999999999999256 ) ) ;
#1224 = DIRECTION ( 'NONE',  ( -0.000000000000000000, -1.000000000000000000, 0.000000000000000000 ) ) ;
#1225 = VERTEX_POINT ( 'NONE', #2195 ) ;
#1226 = ORIENTED_EDGE ( 'NONE', *, *, #9791, .F. ) ;
#1227 = ADVANCED_FACE ( 'NONE', ( #4665 ), #1194, .T. ) ;
#1228 = EDGE_CURVE ( 'NONE', #9196, #9798, #306, .T. ) ;
#1229 = ORIENTED_EDGE ( 'NONE', *, *, #1114, .F. ) ;
#1230 = CARTESIAN_POINT ( 'NONE',  ( 1.250000000000000888, 0.1999999999999999833, 2.100000000000000977 ) ) ;
#1231 = VERTEX_POINT ( 'NONE', #3679 ) ;
#1232 = FACE_OUTER_BOUND ( 'NONE', #3814, .T. ) ;
#1233 = DIRECTION ( 'NONE',  ( 1.521687259628770718E-15, 0.000000000000000000, 1.000000000000000000 ) ) ;
#1234 = DIRECTION ( 'NONE',  ( -0.000000000000000000, -1.000000000000000000, -0.000000000000000000 ) ) ;
#1235 = CARTESIAN_POINT ( 'NONE',  ( -2.500000000000001332, 0.6614108798023753399, -1.134999999999999565 ) ) ;
#1236 = CARTESIAN_POINT ( 'NONE',  ( 1.635000000000000897, 0.2000000000000000111, -2.500000000000001332 ) ) ;
#1237 = EDGE_CURVE ( 'NONE', #9369, #9319, #8856, .T. ) ;
#1238 = VERTEX_POINT ( 'NONE', #9655 ) ;
#1239 = DIRECTION ( 'NONE',  ( 0.000000000000000000, -0.000000000000000000, 1.000000000000000000 ) ) ;
#1240 = DIRECTION ( 'NONE',  ( 0.000000000000000000, -1.000000000000000000, 0.000000000000000000 ) ) ;
#1241 = PLANE ( 'NONE',  #8821 ) ;
#1242 = CARTESIAN_POINT ( 'NONE',  ( -0.1349999999999992595, 0.000000000000000000, 2.500000000000001332 ) ) ;
#1243 = PRESENTATION_LAYER_ASSIGNMENT (  '', '', ( #3538 ) ) ;
#1244 = SURFACE_STYLE_USAGE ( .BOTH. , #1080 ) ;
#1245 = FACE_OUTER_BOUND ( 'NONE', #6452, .T. ) ;
#1246 = CARTESIAN_POINT ( 'NONE',  ( 1.635000000000000453, 5.149747468305832854, -1.634999999999998899 ) ) ;
#1247 = ORIENTED_EDGE ( 'NONE', *, *, #3074, .T. ) ;
#1248 = ORIENTED_EDGE ( 'NONE', *, *, #4420, .T. ) ;
#1249 = AXIS2_PLACEMENT_3D ( 'NONE', #1347, #359, #10535 ) ;
#1250 = CARTESIAN_POINT ( 'NONE',  ( -2.500000000000002220, 0.1999999999999999833, -0.8650000000000001021 ) ) ;
#1251 = EDGE_CURVE ( 'NONE', #2648, #8119, #5330, .T. ) ;
#1252 = ADVANCED_FACE ( 'NONE', ( #8042 ), #3851, .T. ) ;
#1253 = CARTESIAN_POINT ( 'NONE',  ( 2.500000000000002220, 0.000000000000000000, 1.135000000000000009 ) ) ;
#1254 = AXIS2_PLACEMENT_3D ( 'NONE', #8541, #3413, #7722 ) ;
#1255 = DIRECTION ( 'NONE',  ( 0.000000000000000000, 0.000000000000000000, 1.000000000000000000 ) ) ;
#1256 = DIRECTION ( 'NONE',  ( 0.000000000000000000, 1.000000000000000000, 0.000000000000000000 ) ) ;
#1257 = PLANE ( 'NONE',  #9876 ) ;
#1258 = ORIENTED_EDGE ( 'NONE', *, *, #418, .F. ) ;
#1259 = DIRECTION ( 'NONE',  ( -0.000000000000000000, -1.000000000000000000, -0.000000000000000000 ) ) ;
#1260 = EDGE_CURVE ( 'NONE', #6619, #1602, #3009, .T. ) ;
#1261 = CIRCLE ( 'NONE', #5487, 0.1150000000000000883 ) ;
#1262 = ORIENTED_EDGE ( 'NONE', *, *, #10581, .T. ) ;
#1263 = AXIS2_PLACEMENT_3D ( 'NONE', #2842, #10529, #248 ) ;
#1264 = AXIS2_PLACEMENT_3D ( 'NONE', #975, #2187, #5430 ) ;
#1265 = VECTOR ( 'NONE', #5115, 1000.000000000000000 ) ;
#1266 = VERTEX_POINT ( 'NONE', #5544 ) ;
#1267 = CYLINDRICAL_SURFACE ( 'NONE', #10266, 0.1150000000000000883 ) ;
#1268 = ORIENTED_EDGE ( 'NONE', *, *, #4843, .T. ) ;
#1269 = EDGE_LOOP ( 'NONE', ( #399, #3107, #6155, #6483 ) ) ;
#1270 = VECTOR ( 'NONE', #8620, 1000.000000000000000 ) ;
#1271 = DIRECTION ( 'NONE',  ( 0.000000000000000000, 0.000000000000000000, -1.000000000000000000 ) ) ;
#1272 = VECTOR ( 'NONE', #3641, 1000.000000000000000 ) ;
#1273 = ORIENTED_EDGE ( 'NONE', *, *, #404, .F. ) ;
#1274 = ORIENTED_EDGE ( 'NONE', *, *, #9152, .T. ) ;
#1275 = LINE ( 'NONE', #8069, #7365 ) ;
#1276 = DIRECTION ( 'NONE',  ( -1.000000000000000000, 0.000000000000000000, 7.608436298143875282E-16 ) ) ;
#1277 = AXIS2_PLACEMENT_3D ( 'NONE', #613, #498, #4744 ) ;
#1278 = CARTESIAN_POINT ( 'NONE',  ( -1.634999999999999343, 0.000000000000000000, -2.215000000000001190 ) ) ;
#1279 = EDGE_CURVE ( 'NONE', #7809, #818, #4716, .T. ) ;
#1280 = VECTOR ( 'NONE', #9420, 1000.000000000000000 ) ;
#1281 = DIRECTION ( 'NONE',  ( -0.000000000000000000, -0.000000000000000000, -1.000000000000000000 ) ) ;
#1282 = ORIENTED_EDGE ( 'NONE', *, *, #8083, .F. ) ;
#1283 = AXIS2_PLACEMENT_3D ( 'NONE', #3626, #1967, #1139 ) ;
#1284 = VECTOR ( 'NONE', #196, 1000.000000000000000 ) ;
#1285 = VERTEX_POINT ( 'NONE', #9081 ) ;
#1286 = DIRECTION ( 'NONE',  ( 0.000000000000000000, -1.000000000000000000, 0.000000000000000000 ) ) ;
#1287 = ORIENTED_EDGE ( 'NONE', *, *, #407, .F. ) ;
#1288 = LINE ( 'NONE', #3617, #3729 ) ;
#1289 = DIRECTION ( 'NONE',  ( 0.000000000000000000, -1.000000000000000000, 0.000000000000000000 ) ) ;
#1290 = DIRECTION ( 'NONE',  ( 0.000000000000000000, 0.000000000000000000, 1.000000000000000000 ) ) ;
#1291 = CYLINDRICAL_SURFACE ( 'NONE', #1264, 0.1150000000000000883 ) ;
#1292 = AXIS2_PLACEMENT_3D ( 'NONE', #5296, #5459, #3649 ) ;
#1293 = DIRECTION ( 'NONE',  ( 0.000000000000000000, -1.000000000000000000, 0.000000000000000000 ) ) ;
#1294 = ADVANCED_FACE ( 'NONE', ( #1397 ), #10810, .F. ) ;
#1295 = AXIS2_PLACEMENT_3D ( 'NONE', #9377, #932, #1758 ) ;
#1296 = EDGE_LOOP ( 'NONE', ( #1685, #556, #4513, #9257 ) ) ;
#1297 = DIRECTION ( 'NONE',  ( 0.000000000000000000, 0.000000000000000000, -1.000000000000000000 ) ) ;
#1298 = ADVANCED_FACE ( 'NONE', ( #3960 ), #9810, .F. ) ;
#1299 = CARTESIAN_POINT ( 'NONE',  ( 1.865000000000000879, 0.2000000000000000111, 2.500000000000001332 ) ) ;
#1300 = DIRECTION ( 'NONE',  ( 7.608436298143888101E-16, 0.000000000000000000, -1.000000000000000000 ) ) ;
#1301 = DIRECTION ( 'NONE',  ( 0.000000000000000000, -0.000000000000000000, 1.000000000000000000 ) ) ;
#1302 = CARTESIAN_POINT ( 'NONE',  ( -2.215000000000000746, 0.1999999999999999833, 1.365000000000000657 ) ) ;
#1303 = DIRECTION ( 'NONE',  ( 0.000000000000000000, 0.000000000000000000, -1.000000000000000000 ) ) ;
#1304 = PLANE ( 'NONE',  #8136 ) ;
#1305 = AXIS2_PLACEMENT_3D ( 'NONE', #10868, #8250, #3283 ) ;
#1306 = ORIENTED_EDGE ( 'NONE', *, *, #8011, .T. ) ;
#1307 = ADVANCED_FACE ( 'NONE', ( #4833 ), #7319, .T. ) ;
#1308 = FACE_OUTER_BOUND ( 'NONE', #5291, .T. ) ;
#1309 = PLANE ( 'NONE',  #9229 ) ;
#1310 = DIRECTION ( 'NONE',  ( -1.000000000000000000, 0.000000000000000000, -1.326241189584715283E-16 ) ) ;
#1311 = CARTESIAN_POINT ( 'NONE',  ( -2.500000000000002220, 0.6614108798023753399, 0.1349999999999999256 ) ) ;
#1312 = CARTESIAN_POINT ( 'NONE',  ( 2.500000000000002220, 0.6614108798023753399, -1.865000000000000213 ) ) ;
#1313 = CARTESIAN_POINT ( 'NONE',  ( -2.500000000000000444, 0.05000000000000000278, 2.499999999999999556 ) ) ;
#1314 = EDGE_CURVE ( 'NONE', #2452, #5929, #4934, .T. ) ;
#1315 = EDGE_CURVE ( 'NONE', #4189, #2446, #2418, .T. ) ;
#1316 = ORIENTED_EDGE ( 'NONE', *, *, #5523, .T. ) ;
#1317 = DIRECTION ( 'NONE',  ( -3.771137991253918417E-15, 0.000000000000000000, 1.000000000000000000 ) ) ;
#1318 = ADVANCED_FACE ( 'NONE', ( #6608 ), #9187, .F. ) ;
#1319 = ORIENTED_EDGE ( 'NONE', *, *, #8612, .T. ) ;
#1320 = EDGE_LOOP ( 'NONE', ( #10046, #2896, #7259, #7691 ) ) ;
#1321 =( LENGTH_UNIT ( ) NAMED_UNIT ( * ) SI_UNIT ( .MILLI., .METRE. ) );
#1322 = DIRECTION ( 'NONE',  ( 0.000000000000000000, 1.000000000000000000, 0.000000000000000000 ) ) ;
#1323 = CARTESIAN_POINT ( 'NONE',  ( -1.134999999999999121, 0.000000000000000000, 2.215000000000001190 ) ) ;
#1324 = ORIENTED_EDGE ( 'NONE', *, *, #7530, .T. ) ;
#1325 = DIRECTION ( 'NONE',  ( 0.000000000000000000, 0.000000000000000000, -1.000000000000000000 ) ) ;
#1326 = DIRECTION ( 'NONE',  ( -0.000000000000000000, -1.000000000000000000, -0.000000000000000000 ) ) ;
#1327 = CARTESIAN_POINT ( 'NONE',  ( 2.500000000000002220, 0.04999999999999969746, 0.1349999999999999256 ) ) ;
#1328 = VECTOR ( 'NONE', #6869, 1000.000000000000000 ) ;
#1329 = EDGE_LOOP ( 'NONE', ( #4722, #8839, #9244, #9719 ) ) ;
#1330 = ADVANCED_FACE ( 'NONE', ( #8366 ), #5766, .T. ) ;
#1331 = VECTOR ( 'NONE', #7123, 1000.000000000000000 ) ;
#1332 = ORIENTED_EDGE ( 'NONE', *, *, #1660, .T. ) ;
#1333 = LINE ( 'NONE', #9585, #6252 ) ;
#1334 = ORIENTED_EDGE ( 'NONE', *, *, #8707, .F. ) ;
#1335 = LINE ( 'NONE', #8081, #53 ) ;
#1336 = PLANE ( 'NONE',  #5731 ) ;
#1337 = CARTESIAN_POINT ( 'NONE',  ( 2.500000000000001332, 0.000000000000000000, 1.365000000000000435 ) ) ;
#1338 = FACE_OUTER_BOUND ( 'NONE', #2897, .T. ) ;
#1339 = CARTESIAN_POINT ( 'NONE',  ( -1.800000000000001155, 0.9000000000000000222, -1.800000000000000711 ) ) ;
#1340 = FACE_OUTER_BOUND ( 'NONE', #7427, .T. ) ;
#1341 = EDGE_CURVE ( 'NONE', #6583, #3112, #9135, .T. ) ;
#1342 = ADVANCED_FACE ( 'NONE', ( #6537 ), #9856, .F. ) ;
#1343 = EDGE_CURVE ( 'NONE', #7288, #7392, #10639, .T. ) ;
#1344 = ORIENTED_EDGE ( 'NONE', *, *, #1976, .T. ) ;
#1345 = CARTESIAN_POINT ( 'NONE',  ( 2.215000000000000746, 0.6614108798023753399, 0.8650000000000007683 ) ) ;
#1346 = CARTESIAN_POINT ( 'NONE',  ( -1.634999999999999343, 0.05000000000000000278, -2.500000000000000888 ) ) ;
#1347 = CARTESIAN_POINT ( 'NONE',  ( 2.215000000000000746, 0.6614108798023753399, 0.3650000000000007683 ) ) ;
#1348 = FACE_OUTER_BOUND ( 'NONE', #4655, .T. ) ;
#1349 = PLANE ( 'NONE',  #10134 ) ;
#1350 = VECTOR ( 'NONE', #3021, 1000.000000000000000 ) ;
#1351 = CARTESIAN_POINT ( 'NONE',  ( 0.000000000000000000, 0.05000000000000000278, 0.000000000000000000 ) ) ;
#1352 = FACE_OUTER_BOUND ( 'NONE', #8783, .T. ) ;
#1353 = ADVANCED_FACE ( 'NONE', ( #10752 ), #4121, .T. ) ;
#1354 = ORIENTED_EDGE ( 'NONE', *, *, #6069, .T. ) ;
#1355 = VECTOR ( 'NONE', #10584, 1000.000000000000000 ) ;
#1356 = EDGE_CURVE ( 'NONE', #10570, #10082, #5598, .T. ) ;
#1357 = CARTESIAN_POINT ( 'NONE',  ( 2.500000000000001332, 0.1999999999999999833, -1.134999999999999565 ) ) ;
#1358 = CARTESIAN_POINT ( 'NONE',  ( 1.635000000000000231, 0.000000000000000000, -1.749999999999998446 ) ) ;
#1359 = LINE ( 'NONE', #3912, #455 ) ;
#1360 = CARTESIAN_POINT ( 'NONE',  ( 2.215000000000000746, 0.1999999999999999833, -0.6349999999999992317 ) ) ;
#1361 = PLANE ( 'NONE',  #1766 ) ;
#1362 = VECTOR ( 'NONE', #3540, 1000.000000000000000 ) ;
#1363 = CARTESIAN_POINT ( 'NONE',  ( -2.500000000000001332, 0.6614108798023753399, 1.365000000000000435 ) ) ;
#1364 = ORIENTED_EDGE ( 'NONE', *, *, #3992, .F. ) ;
#1365 = CARTESIAN_POINT ( 'NONE',  ( 1.750000000000000222, 0.1999999999999996503, -1.634999999999998899 ) ) ;
#1366 = ORIENTED_EDGE ( 'NONE', *, *, #4211, .T. ) ;
#1367 = ORIENTED_EDGE ( 'NONE', *, *, #4129, .F. ) ;
#1368 = CARTESIAN_POINT ( 'NONE',  ( -2.215000000000000746, 0.6614108798023753399, 0.8650000000000007683 ) ) ;
#1369 = ORIENTED_EDGE ( 'NONE', *, *, #8670, .F. ) ;
#1370 = DIRECTION ( 'NONE',  ( 1.000000000000000000, 0.000000000000000000, 1.521687259628770718E-15 ) ) ;
#1371 = ORIENTED_EDGE ( 'NONE', *, *, #981, .T. ) ;
#1372 = CARTESIAN_POINT ( 'NONE',  ( 0.2500000000000008882, 0.1999999999999999833, 2.100000000000000977 ) ) ;
#1373 = DIRECTION ( 'NONE',  ( 0.000000000000000000, 0.000000000000000000, 1.000000000000000000 ) ) ;
#1374 = EDGE_CURVE ( 'NONE', #814, #3870, #2467, .T. ) ;
#1375 = CARTESIAN_POINT ( 'NONE',  ( -1.134999999999999343, 0.2000000000000000111, -2.215000000000001190 ) ) ;
#1376 = CARTESIAN_POINT ( 'NONE',  ( 1.250000000000000666, 0.000000000000000000, -2.215000000000001190 ) ) ;
#1377 = ORIENTED_EDGE ( 'NONE', *, *, #10068, .F. ) ;
#1378 = ORIENTED_EDGE ( 'NONE', *, *, #2335, .T. ) ;
#1379 = EDGE_LOOP ( 'NONE', ( #9116, #7338, #9626, #705 ) ) ;
#1380 = ORIENTED_EDGE ( 'NONE', *, *, #10392, .T. ) ;
#1381 = EDGE_LOOP ( 'NONE', ( #7393, #2803, #6660, #8371 ) ) ;
#1382 = CLOSED_SHELL ( 'NONE', ( #6560, #2550, #6955, #5536, #4780, #4940 ) ) ;
#1383 = FILL_AREA_STYLE_COLOUR ( '', #10490 ) ;
#1384 = ORIENTED_EDGE ( 'NONE', *, *, #9473, .F. ) ;
#1385 = SURFACE_STYLE_FILL_AREA ( #8954 ) ;
#1386 = DIRECTION ( 'NONE',  ( 0.000000000000000000, 0.000000000000000000, -1.000000000000000000 ) ) ;
#1387 = ADVANCED_FACE ( 'NONE', ( #5819 ), #4995, .T. ) ;
#1388 = EDGE_CURVE ( 'NONE', #9679, #2796, #9016, .T. ) ;
#1389 = CARTESIAN_POINT ( 'NONE',  ( 2.500000000000002220, 0.1999999999999999833, -0.8650000000000001021 ) ) ;
#1390 = CARTESIAN_POINT ( 'NONE',  ( 2.215000000000000746, 0.1999999999999999833, 1.865000000000000879 ) ) ;
#1391 = DIRECTION ( 'NONE',  ( 0.000000000000000000, 0.000000000000000000, 1.000000000000000000 ) ) ;
#1392 = CARTESIAN_POINT ( 'NONE',  ( -1.749999999999999334, 0.2000000000000000111, -2.215000000000001190 ) ) ;
#1393 = ORIENTED_EDGE ( 'NONE', *, *, #3713, .F. ) ;
#1394 = VERTEX_POINT ( 'NONE', #3505 ) ;
#1395 = CARTESIAN_POINT ( 'NONE',  ( -2.215000000000000746, 0.1999999999999999833, -1.749999999999999778 ) ) ;
#1396 = DIRECTION ( 'NONE',  ( 0.000000000000000000, 1.000000000000000000, 0.000000000000000000 ) ) ;
#1397 = FACE_OUTER_BOUND ( 'NONE', #9268, .T. ) ;
#1398 = DIRECTION ( 'NONE',  ( 1.000000000000000000, -0.000000000000000000, 7.608436298143875282E-16 ) ) ;
#1399 = FILL_AREA_STYLE_COLOUR ( '', #2019 ) ;
#1400 = EDGE_CURVE ( 'NONE', #3491, #5833, #7655, .T. ) ;
#1401 = CARTESIAN_POINT ( 'NONE',  ( -2.215000000000000746, 0.000000000000000000, -0.6349999999999992317 ) ) ;
#1402 = EDGE_CURVE ( 'NONE', #6020, #10371, #8526, .T. ) ;
#1403 = FACE_OUTER_BOUND ( 'NONE', #7899, .T. ) ;
#1404 = ORIENTED_EDGE ( 'NONE', *, *, #1935, .T. ) ;
#1405 = VERTEX_POINT ( 'NONE', #9253 ) ;
#1406 = PRESENTATION_LAYER_ASSIGNMENT (  '', '', ( #3533 ) ) ;
#1407 = CARTESIAN_POINT ( 'NONE',  ( -1.634999999999999343, 0.2000000000000000111, 2.500000000000001332 ) ) ;
#1408 = CARTESIAN_POINT ( 'NONE',  ( 0.2500000000000006661, 0.2000000000000000111, -2.215000000000001190 ) ) ;
#1409 = DIRECTION ( 'NONE',  ( -1.000000000000000000, 0.000000000000000000, -7.608436298143875282E-16 ) ) ;
#1410 = CYLINDRICAL_SURFACE ( 'NONE', #9658, 0.1150000000000000883 ) ;
#1411 =( LENGTH_UNIT ( ) NAMED_UNIT ( * ) SI_UNIT ( .MILLI., .METRE. ) );
#1412 = ORIENTED_EDGE ( 'NONE', *, *, #418, .T. ) ;
#1413 = DIRECTION ( 'NONE',  ( 1.000000000000000000, 0.000000000000000000, -1.521687259628770718E-15 ) ) ;
#1414 = ADVANCED_FACE ( 'NONE', ( #4330 ), #963, .F. ) ;
#1415 = VECTOR ( 'NONE', #8617, 1000.000000000000000 ) ;
#1416 = ORIENTED_EDGE ( 'NONE', *, *, #4492, .F. ) ;
#1417 = AXIS2_PLACEMENT_3D ( 'NONE', #261, #6174, #9610 ) ;
#1418 = ORIENTED_EDGE ( 'NONE', *, *, #3455, .F. ) ;
#1419 = CARTESIAN_POINT ( 'NONE',  ( 1.750000000000000888, 0.000000000000000000, 2.215000000000001190 ) ) ;
#1420 = EDGE_LOOP ( 'NONE', ( #4457, #9322, #4078, #1862 ) ) ;
#1421 = ORIENTED_EDGE ( 'NONE', *, *, #2025, .T. ) ;
#1422 = DIRECTION ( 'NONE',  ( 0.000000000000000000, 1.000000000000000000, 0.000000000000000000 ) ) ;
#1423 = CARTESIAN_POINT ( 'NONE',  ( 0.1350000000000007860, 0.1999999999999999833, 2.500000000000001332 ) ) ;
#1424 = CARTESIAN_POINT ( 'NONE',  ( -1.249999999999999334, 0.2000000000000000111, -2.215000000000001190 ) ) ;
#1425 = VECTOR ( 'NONE', #3274, 1000.000000000000000 ) ;
#1426 = ORIENTED_EDGE ( 'NONE', *, *, #9247, .T. ) ;
#1427 = DIRECTION ( 'NONE',  ( 0.000000000000000000, -0.000000000000000000, 1.000000000000000000 ) ) ;
#1428 = LINE ( 'NONE', #7398, #8562 ) ;
#1429 = AXIS2_PLACEMENT_3D ( 'NONE', #2302, #4836, #3237 ) ;
#1430 = DIRECTION ( 'NONE',  ( 0.000000000000000000, 0.000000000000000000, 1.000000000000000000 ) ) ;
#1431 = DIRECTION ( 'NONE',  ( -0.000000000000000000, -1.000000000000000000, -0.000000000000000000 ) ) ;
#1432 = AXIS2_PLACEMENT_3D ( 'NONE', #7114, #6123, #6236 ) ;
#1433 = ORIENTED_EDGE ( 'NONE', *, *, #7628, .F. ) ;
#1434 = VERTEX_POINT ( 'NONE', #6046 ) ;
#1435 = VECTOR ( 'NONE', #8637, 1000.000000000000000 ) ;
#1436 = ORIENTED_EDGE ( 'NONE', *, *, #4775, .T. ) ;
#1437 = VECTOR ( 'NONE', #9591, 1000.000000000000000 ) ;
#1438 = ORIENTED_EDGE ( 'NONE', *, *, #264, .T. ) ;
#1439 = AXIS2_PLACEMENT_3D ( 'NONE', #350, #10476, #9693 ) ;
#1440 = ADVANCED_FACE ( 'NONE', ( #1016 ), #6772, .T. ) ;
#1441 = VECTOR ( 'NONE', #8040, 1000.000000000000000 ) ;
#1442 = EDGE_LOOP ( 'NONE', ( #5063, #1676, #10278, #6780 ) ) ;
#1443 = DIRECTION ( 'NONE',  ( 0.000000000000000000, -1.000000000000000000, 0.000000000000000000 ) ) ;
#1444 = CARTESIAN_POINT ( 'NONE',  ( 1.750000000000000888, 0.000000000000000000, 2.215000000000001190 ) ) ;
#1445 = CARTESIAN_POINT ( 'NONE',  ( -2.215000000000000746, 0.1999999999999999833, 0.8650000000000007683 ) ) ;
#1446 = DIRECTION ( 'NONE',  ( 3.771137991253918417E-15, 0.000000000000000000, -1.000000000000000000 ) ) ;
#1447 = CARTESIAN_POINT ( 'NONE',  ( -1.749999999999999112, 0.2000000000000000111, 2.215000000000001190 ) ) ;
#1448 = CIRCLE ( 'NONE', #2868, 0.1150000000000000883 ) ;
#1449 = FACE_OUTER_BOUND ( 'NONE', #1269, .T. ) ;
#1450 = VECTOR ( 'NONE', #4149, 1000.000000000000000 ) ;
#1451 = ORIENTED_EDGE ( 'NONE', *, *, #3497, .T. ) ;
#1452 = CIRCLE ( 'NONE', #218, 0.1150000000000001993 ) ;
#1453 = VECTOR ( 'NONE', #6164, 1000.000000000000000 ) ;
#1454 = ADVANCED_FACE ( 'NONE', ( #89 ), #4216, .F. ) ;
#1455 = ORIENTED_EDGE ( 'NONE', *, *, #3680, .T. ) ;
#1456 = AXIS2_PLACEMENT_3D ( 'NONE', #9643, #10408, #2072 ) ;
#1457 = CARTESIAN_POINT ( 'NONE',  ( -1.749999999999999112, 0.2000000000000000111, 2.215000000000001190 ) ) ;
#1458 = EDGE_CURVE ( 'NONE', #10623, #8831, #5881, .T. ) ;
#1459 = LINE ( 'NONE', #5713, #6399 ) ;
#1460 = CARTESIAN_POINT ( 'NONE',  ( 0.2500000000000008882, 0.6614108798023734526, 2.215000000000001190 ) ) ;
#1461 = CARTESIAN_POINT ( 'NONE',  ( -2.500000000000000444, 9.071067811865477282, 2.499999999999999556 ) ) ;
#1462 = AXIS2_PLACEMENT_3D ( 'NONE', #6021, #9392, #6688 ) ;
#1463 = FACE_OUTER_BOUND ( 'NONE', #5461, .T. ) ;
#1464 = CIRCLE ( 'NONE', #64, 0.1150000000000002964 ) ;
#1465 = LINE ( 'NONE', #4838, #7079 ) ;
#1466 = EDGE_LOOP ( 'NONE', ( #8284, #3525, #6970, #9862 ) ) ;
#1467 = ORIENTED_EDGE ( 'NONE', *, *, #9194, .T. ) ;
#1468 = STYLED_ITEM ( 'NONE', ( #10319 ), #9649 ) ;
#1469 = COLOUR_RGB ( '',0.7921568627450980005, 0.8196078431372548767, 0.9333333333333333481 ) ;
#1470 = EDGE_CURVE ( 'NONE', #5666, #5863, #1788, .T. ) ;
#1471 = ORIENTED_EDGE ( 'NONE', *, *, #4471, .T. ) ;
#1472 = EDGE_CURVE ( 'NONE', #1677, #663, #6830, .T. ) ;
#1473 = CARTESIAN_POINT ( 'NONE',  ( -0.7499999999999991118, 0.04999999999999999584, 2.215000000000001190 ) ) ;
#1474 = UNCERTAINTY_MEASURE_WITH_UNIT (LENGTH_MEASURE( 1.000000000000000082E-05 ), #3801, 'distance_accuracy_value', 'NONE');
#1475 = DIRECTION ( 'NONE',  ( 0.000000000000000000, 1.000000000000000000, 0.000000000000000000 ) ) ;
#1476 = FACE_OUTER_BOUND ( 'NONE', #3264, .T. ) ;
#1477 = VECTOR ( 'NONE', #8614, 1000.000000000000000 ) ;
#1478 = LINE ( 'NONE', #8266, #5582 ) ;
#1479 = FILL_AREA_STYLE ('',( #3914 ) ) ;
#1480 = DIRECTION ( 'NONE',  ( -3.771137991253918417E-15, 0.000000000000000000, -1.000000000000000000 ) ) ;
#1481 = VECTOR ( 'NONE', #964, 1000.000000000000000 ) ;
#1482 = ORIENTED_EDGE ( 'NONE', *, *, #8026, .F. ) ;
#1483 = ORIENTED_EDGE ( 'NONE', *, *, #10338, .T. ) ;
#1484 = LINE ( 'NONE', #8931, #3920 ) ;
#1485 = ORIENTED_EDGE ( 'NONE', *, *, #4654, .T. ) ;
#1486 = ORIENTED_EDGE ( 'NONE', *, *, #4375, .T. ) ;
#1487 = CYLINDRICAL_SURFACE ( 'NONE', #628, 0.1150000000000000883 ) ;
#1488 = VERTEX_POINT ( 'NONE', #137 ) ;
#1489 = DIRECTION ( 'NONE',  ( 0.000000000000000000, -0.000000000000000000, 1.000000000000000000 ) ) ;
#1490 = CARTESIAN_POINT ( 'NONE',  ( 2.215000000000000746, 0.1999999999999999833, 0.7499999999999991118 ) ) ;
#1491 = EDGE_CURVE ( 'NONE', #5618, #6189, #2314, .T. ) ;
#1492 = LINE ( 'NONE', #4863, #4440 ) ;
#1493 = FACE_OUTER_BOUND ( 'NONE', #7198, .T. ) ;
#1494 = ORIENTED_EDGE ( 'NONE', *, *, #254, .T. ) ;
#1495 = EDGE_CURVE ( 'NONE', #10894, #5657, #10245, .T. ) ;
#1496 = ORIENTED_EDGE ( 'NONE', *, *, #9493, .F. ) ;
#1497 = VERTEX_POINT ( 'NONE', #9417 ) ;
#1498 = LINE ( 'NONE', #668, #1136 ) ;
#1499 = VERTEX_POINT ( 'NONE', #7537 ) ;
#1500 = DIRECTION ( 'NONE',  ( 0.000000000000000000, 1.000000000000000000, -0.000000000000000000 ) ) ;
#1501 = ADVANCED_FACE ( 'NONE', ( #5988 ), #1856, .T. ) ;
#1502 = AXIS2_PLACEMENT_3D ( 'NONE', #10471, #4549, #9644 ) ;
#1503 = DIRECTION ( 'NONE',  ( 0.000000000000000000, 0.000000000000000000, 1.000000000000000000 ) ) ;
#1504 = LINE ( 'NONE', #5083, #898 ) ;
#1505 = DIRECTION ( 'NONE',  ( -3.771137991253918417E-15, 0.000000000000000000, -1.000000000000000000 ) ) ;
#1506 = DIRECTION ( 'NONE',  ( 0.000000000000000000, -0.000000000000000000, -1.000000000000000000 ) ) ;
#1507 = LINE ( 'NONE', #8552, #3580 ) ;
#1508 = ORIENTED_EDGE ( 'NONE', *, *, #2755, .T. ) ;
#1509 = ORIENTED_EDGE ( 'NONE', *, *, #3680, .F. ) ;
#1510 = AXIS2_PLACEMENT_3D ( 'NONE', #1927, #10164, #9378 ) ;
#1511 = VECTOR ( 'NONE', #233, 1000.000000000000000 ) ;
#1512 = VERTEX_POINT ( 'NONE', #1739 ) ;
#1513 = DIRECTION ( 'NONE',  ( 7.608436298143888101E-16, -0.000000000000000000, 1.000000000000000000 ) ) ;
#1514 = ORIENTED_EDGE ( 'NONE', *, *, #8662, .T. ) ;
#1515 = DIRECTION ( 'NONE',  ( 1.000000000000000000, -0.000000000000000000, 1.521687259628770718E-15 ) ) ;
#1516 = CARTESIAN_POINT ( 'NONE',  ( -1.634999999999999343, 0.6614108798023734526, -2.215000000000001190 ) ) ;
#1517 = DIRECTION ( 'NONE',  ( 0.000000000000000000, 0.000000000000000000, -1.000000000000000000 ) ) ;
#1518 = DIRECTION ( 'NONE',  ( 0.000000000000000000, -0.000000000000000000, -1.000000000000000000 ) ) ;
#1519 = LINE ( 'NONE', #473, #1791 ) ;
#1520 = EDGE_CURVE ( 'NONE', #4971, #1943, #2499, .T. ) ;
#1521 = DIRECTION ( 'NONE',  ( -0.000000000000000000, -1.000000000000000000, -0.000000000000000000 ) ) ;
#1522 = ORIENTED_EDGE ( 'NONE', *, *, #10223, .T. ) ;
#1523 = EDGE_CURVE ( 'NONE', #9464, #1220, #6881, .T. ) ;
#1524 = ORIENTED_EDGE ( 'NONE', *, *, #7201, .T. ) ;
#1525 = VECTOR ( 'NONE', #6397, 1000.000000000000000 ) ;
#1526 = DIRECTION ( 'NONE',  ( 0.000000000000000000, -1.000000000000000000, 0.000000000000000000 ) ) ;
#1527 = CARTESIAN_POINT ( 'NONE',  ( 1.365000000000000879, 0.2000000000000000111, 2.215000000000001190 ) ) ;
#1528 = LINE ( 'NONE', #4898, #4515 ) ;
#1529 = FACE_OUTER_BOUND ( 'NONE', #5517, .T. ) ;
#1530 = CARTESIAN_POINT ( 'NONE',  ( 0.3650000000000007683, 0.1999999999999999833, 2.500000000000001332 ) ) ;
#1531 = ADVANCED_FACE ( 'NONE', ( #9352 ), #2682, .F. ) ;
#1532 = CARTESIAN_POINT ( 'NONE',  ( -1.364999999999999325, 0.2000000000000000111, -2.500000000000001332 ) ) ;
#1533 = AXIS2_PLACEMENT_3D ( 'NONE', #4725, #6395, #9818 ) ;
#1534 = VERTEX_POINT ( 'NONE', #3554 ) ;
#1535 = VERTEX_POINT ( 'NONE', #8462 ) ;
#1536 = DIRECTION ( 'NONE',  ( -0.000000000000000000, -0.000000000000000000, -1.000000000000000000 ) ) ;
#1537 = VERTEX_POINT ( 'NONE', #6937 ) ;
#1538 = ORIENTED_EDGE ( 'NONE', *, *, #7819, .F. ) ;
#1539 = VECTOR ( 'NONE', #883, 1000.000000000000000 ) ;
#1540 = PLANE ( 'NONE',  #979 ) ;
#1541 = FACE_OUTER_BOUND ( 'NONE', #9466, .T. ) ;
#1542 = EDGE_LOOP ( 'NONE', ( #3980, #1710, #9284, #8603 ) ) ;
#1543 = LINE ( 'NONE', #4040, #4894 ) ;
#1544 = DIRECTION ( 'NONE',  ( 0.000000000000000000, -0.000000000000000000, -1.000000000000000000 ) ) ;
#1545 = CARTESIAN_POINT ( 'NONE',  ( 2.215000000000000746, 0.000000000000000000, 0.3650000000000007683 ) ) ;
#1546 = EDGE_CURVE ( 'NONE', #726, #8181, #8122, .T. ) ;
#1547 = DIRECTION ( 'NONE',  ( 0.000000000000000000, 1.000000000000000000, 0.000000000000000000 ) ) ;
#1548 = EDGE_CURVE ( 'NONE', #3744, #4300, #1288, .T. ) ;
#1549 = ORIENTED_EDGE ( 'NONE', *, *, #5433, .T. ) ;
#1550 = VERTEX_POINT ( 'NONE', #8679 ) ;
#1551 = EDGE_LOOP ( 'NONE', ( #1615, #9707, #5643, #2392 ) ) ;
#1552 = ORIENTED_EDGE ( 'NONE', *, *, #6859, .F. ) ;
#1553 =( LENGTH_UNIT ( ) NAMED_UNIT ( * ) SI_UNIT ( .MILLI., .METRE. ) );
#1554 = ORIENTED_EDGE ( 'NONE', *, *, #10392, .F. ) ;
#1555 = CARTESIAN_POINT ( 'NONE',  ( 2.499999999999999556, 0.05000000000000000278, -2.500000000000001332 ) ) ;
#1556 = ORIENTED_EDGE ( 'NONE', *, *, #9076, .T. ) ;
#1557 = PLANE ( 'NONE',  #9448 ) ;
#1558 = LINE ( 'NONE', #8404, #9189 ) ;
#1559 = FACE_OUTER_BOUND ( 'NONE', #5250, .T. ) ;
#1560 = FACE_OUTER_BOUND ( 'NONE', #6545, .T. ) ;
#1561 = ORIENTED_EDGE ( 'NONE', *, *, #4109, .T. ) ;
#1562 = ORIENTED_EDGE ( 'NONE', *, *, #1750, .T. ) ;
#1563 = ADVANCED_FACE ( 'NONE', ( #8031 ), #1067, .F. ) ;
#1564 = CLOSED_SHELL ( 'NONE', ( #1013, #2613, #10170, #9775, #2956, #10282, #1563 ) ) ;
#1565 = VERTEX_POINT ( 'NONE', #2952 ) ;
#1566 = LINE ( 'NONE', #4059, #7100 ) ;
#1567 = VERTEX_POINT ( 'NONE', #3722 ) ;
#1568 = FACE_OUTER_BOUND ( 'NONE', #3257, .T. ) ;
#1569 = DIRECTION ( 'NONE',  ( 3.771137991253918417E-15, 0.000000000000000000, -1.000000000000000000 ) ) ;
#1570 = EDGE_CURVE ( 'NONE', #7534, #7186, #8736, .T. ) ;
#1571 = DIRECTION ( 'NONE',  ( 0.000000000000000000, 1.000000000000000000, 0.000000000000000000 ) ) ;
#1572 = DIRECTION ( 'NONE',  ( -1.000000000000000000, 0.000000000000000000, 0.000000000000000000 ) ) ;
#1573 = EDGE_LOOP ( 'NONE', ( #9849, #3320, #8407, #4905 ) ) ;
#1574 = ORIENTED_EDGE ( 'NONE', *, *, #502, .T. ) ;
#1575 = ORIENTED_EDGE ( 'NONE', *, *, #8301, .F. ) ;
#1576 = VERTEX_POINT ( 'NONE', #461 ) ;
#1577 = LINE ( 'NONE', #1357, #1625 ) ;
#1578 = UNCERTAINTY_MEASURE_WITH_UNIT (LENGTH_MEASURE( 1.000000000000000082E-05 ), #7345, 'distance_accuracy_value', 'NONE');
#1579 = DIRECTION ( 'NONE',  ( 1.000000000000000000, 0.000000000000000000, 1.521687259628770718E-15 ) ) ;
#1580 = CARTESIAN_POINT ( 'NONE',  ( -0.7499999999999991118, 0.000000000000000000, 2.100000000000000977 ) ) ;
#1581 = FACE_OUTER_BOUND ( 'NONE', #8983, .T. ) ;
#1582 = FACE_OUTER_BOUND ( 'NONE', #6517, .T. ) ;
#1583 = ORIENTED_EDGE ( 'NONE', *, *, #8598, .T. ) ;
#1584 = VECTOR ( 'NONE', #7890, 1000.000000000000000 ) ;
#1585 = VERTEX_POINT ( 'NONE', #7091 ) ;
#1586 = EDGE_CURVE ( 'NONE', #5916, #5840, #3670, .T. ) ;
#1587 = EDGE_CURVE ( 'NONE', #7528, #4239, #6626, .T. ) ;
#1588 = EDGE_LOOP ( 'NONE', ( #2599, #4153, #7897, #3102 ) ) ;
#1589 = CARTESIAN_POINT ( 'NONE',  ( 2.500000000000002220, 0.1999999999999999833, -1.865000000000000213 ) ) ;
#1590 = ORIENTED_EDGE ( 'NONE', *, *, #4223, .T. ) ;
#1591 = ORIENTED_EDGE ( 'NONE', *, *, #9525, .F. ) ;
#1592 = DIRECTION ( 'NONE',  ( 1.000000000000000000, -0.000000000000000000, 7.608436298143875282E-16 ) ) ;
#1593 = CARTESIAN_POINT ( 'NONE',  ( -0.7499999999999991118, 0.2000000000000000111, 2.215000000000001190 ) ) ;
#1594 = EDGE_CURVE ( 'NONE', #4146, #8808, #4159, .T. ) ;
#1595 = ORIENTED_EDGE ( 'NONE', *, *, #1402, .T. ) ;
#1596 = DIRECTION ( 'NONE',  ( -1.000000000000000000, 0.000000000000000000, 8.673617379884035472E-17 ) ) ;
#1597 = CARTESIAN_POINT ( 'NONE',  ( 1.634999999999999787, 0.000000000000000000, 1.750000000000001554 ) ) ;
#1598 =( GEOMETRIC_REPRESENTATION_CONTEXT ( 3 ) GLOBAL_UNCERTAINTY_ASSIGNED_CONTEXT ( ( #3125 ) ) GLOBAL_UNIT_ASSIGNED_CONTEXT ( ( #10154, #10887, #5897 ) ) REPRESENTATION_CONTEXT ( 'NONE', 'WORKASPACE' ) );
#1599 = DIRECTION ( 'NONE',  ( 0.000000000000000000, 0.000000000000000000, 1.000000000000000000 ) ) ;
#1600 = CARTESIAN_POINT ( 'NONE',  ( -0.1349999999999992595, 0.6614108798023734526, -2.215000000000001190 ) ) ;
#1601 = AXIS2_PLACEMENT_3D ( 'NONE', #844, #7756, #9300 ) ;
#1602 = VERTEX_POINT ( 'NONE', #7814 ) ;
#1603 = VERTEX_POINT ( 'NONE', #7038 ) ;
#1604 = ORIENTED_EDGE ( 'NONE', *, *, #5652, .F. ) ;
#1605 = CARTESIAN_POINT ( 'NONE',  ( 2.215000000000000746, 0.6614108798023753399, -1.365000000000001101 ) ) ;
#1606 = VECTOR ( 'NONE', #8511, 1000.000000000000000 ) ;
#1607 = EDGE_LOOP ( 'NONE', ( #9674, #3324, #9320, #7065 ) ) ;
#1608 = ADVANCED_FACE ( 'NONE', ( #6989 ), #1183, .T. ) ;
#1609 = VERTEX_POINT ( 'NONE', #5533 ) ;
#1610 = CARTESIAN_POINT ( 'NONE',  ( 2.500000000000001332, 0.000000000000000000, -1.134999999999999565 ) ) ;
#1611 = VECTOR ( 'NONE', #3080, 1000.000000000000000 ) ;
#1612 = DIRECTION ( 'NONE',  ( 1.521687259628770718E-15, -0.000000000000000000, 1.000000000000000000 ) ) ;
#1613 = CARTESIAN_POINT ( 'NONE',  ( 2.215000000000000746, 0.1999999999999999833, 0.2499999999999991396 ) ) ;
#1614 = DIRECTION ( 'NONE',  ( 0.000000000000000000, -1.000000000000000000, 0.000000000000000000 ) ) ;
#1615 = ORIENTED_EDGE ( 'NONE', *, *, #789, .F. ) ;
#1616 = AXIS2_PLACEMENT_3D ( 'NONE', #25, #4936, #9255 ) ;
#1617 = AXIS2_PLACEMENT_3D ( 'NONE', #4261, #6696, #10234 ) ;
#1618 = VECTOR ( 'NONE', #2125, 1000.000000000000000 ) ;
#1619 = AXIS2_PLACEMENT_3D ( 'NONE', #3596, #8815, #7901 ) ;
#1620 = VERTEX_POINT ( 'NONE', #6274 ) ;
#1621 = DIRECTION ( 'NONE',  ( 0.000000000000000000, 0.000000000000000000, 1.000000000000000000 ) ) ;
#1622 = VERTEX_POINT ( 'NONE', #2024 ) ;
#1623 = PLANE ( 'NONE',  #8148 ) ;
#1624 = CARTESIAN_POINT ( 'NONE',  ( -2.215000000000000746, 0.6614108798023753399, -1.249999999999999778 ) ) ;
#1625 = VECTOR ( 'NONE', #9936, 1000.000000000000000 ) ;
#1626 = DIRECTION ( 'NONE',  ( 1.000000000000000000, 0.000000000000000000, 0.000000000000000000 ) ) ;
#1627 = AXIS2_PLACEMENT_3D ( 'NONE', #6465, #10671, #7239 ) ;
#1628 = EDGE_CURVE ( 'NONE', #9679, #3716, #2405, .T. ) ;
#1629 = PLANE ( 'NONE',  #3559 ) ;
#1630 = AXIS2_PLACEMENT_3D ( 'NONE', #5097, #903, #8466 ) ;
#1631 = DIRECTION ( 'NONE',  ( 0.000000000000000000, 1.000000000000000000, 0.000000000000000000 ) ) ;
#1632 = ORIENTED_EDGE ( 'NONE', *, *, #3137, .T. ) ;
#1633 = VERTEX_POINT ( 'NONE', #2840 ) ;
#1634 = AXIS2_PLACEMENT_3D ( 'NONE', #4425, #8616, #8784 ) ;
#1635 = ORIENTED_EDGE ( 'NONE', *, *, #1729, .F. ) ;
#1636 = COLOUR_RGB ( '',0.7921568627450980005, 0.8196078431372548767, 0.9333333333333333481 ) ;
#1637 = ADVANCED_FACE ( 'NONE', ( #5376 ), #2904, .T. ) ;
#1638 = AXIS2_PLACEMENT_3D ( 'NONE', #8712, #1156, #8647 ) ;
#1639 = DIRECTION ( 'NONE',  ( -0.000000000000000000, -1.000000000000000000, -0.000000000000000000 ) ) ;
#1640 = FACE_OUTER_BOUND ( 'NONE', #5100, .T. ) ;
#1641 = CARTESIAN_POINT ( 'NONE',  ( -1.635000000000000231, 5.149747468305832854, 1.750000000000000666 ) ) ;
#1642 = LINE ( 'NONE', #5057, #2245 ) ;
#1643 = DIRECTION ( 'NONE',  ( 0.000000000000000000, 0.000000000000000000, -1.000000000000000000 ) ) ;
#1644 = PRESENTATION_LAYER_ASSIGNMENT (  '', '', ( #3583 ) ) ;
#1645 = DIRECTION ( 'NONE',  ( -1.000000000000000000, 0.000000000000000000, 0.000000000000000000 ) ) ;
#1646 = VECTOR ( 'NONE', #10268, 1000.000000000000000 ) ;
#1647 = VERTEX_POINT ( 'NONE', #3000 ) ;
#1648 = ORIENTED_EDGE ( 'NONE', *, *, #7002, .T. ) ;
#1649 = EDGE_CURVE ( 'NONE', #814, #8571, #9588, .T. ) ;
#1650 = DIRECTION ( 'NONE',  ( 0.000000000000000000, -1.000000000000000000, 0.000000000000000000 ) ) ;
#1651 = CIRCLE ( 'NONE', #9062, 0.1149999999999996581 ) ;
#1652 = ORIENTED_EDGE ( 'NONE', *, *, #5324, .F. ) ;
#1653 = VERTEX_POINT ( 'NONE', #246 ) ;
#1654 = LINE ( 'NONE', #2556, #8525 ) ;
#1655 = LINE ( 'NONE', #1423, #3270 ) ;
#1656 = DIRECTION ( 'NONE',  ( -1.000000000000000000, 0.000000000000000000, 0.000000000000000000 ) ) ;
#1657 = DIRECTION ( 'NONE',  ( 0.000000000000000000, -1.000000000000000000, 0.000000000000000000 ) ) ;
#1658 = CARTESIAN_POINT ( 'NONE',  ( -0.8649999999999994360, 0.2000000000000000111, -2.215000000000001190 ) ) ;
#1659 = DIRECTION ( 'NONE',  ( 0.000000000000000000, -0.000000000000000000, 1.000000000000000000 ) ) ;
#1660 = EDGE_CURVE ( 'NONE', #9193, #10662, #7200, .T. ) ;
#1661 = CIRCLE ( 'NONE', #4297, 0.1150000000000000883 ) ;
#1662 = VECTOR ( 'NONE', #9627, 1000.000000000000000 ) ;
#1663 = EDGE_CURVE ( 'NONE', #2775, #7918, #3788, .T. ) ;
#1664 = EDGE_CURVE ( 'NONE', #208, #2879, #10572, .T. ) ;
#1665 = ORIENTED_EDGE ( 'NONE', *, *, #10428, .T. ) ;
#1666 = DIRECTION ( 'NONE',  ( -0.000000000000000000, -1.000000000000000000, -0.000000000000000000 ) ) ;
#1667 = VERTEX_POINT ( 'NONE', #8841 ) ;
#1668 =( NAMED_UNIT ( * ) PLANE_ANGLE_UNIT ( ) SI_UNIT ( $, .RADIAN. ) );
#1669 = ORIENTED_EDGE ( 'NONE', *, *, #10820, .F. ) ;
#1670 =( LENGTH_UNIT ( ) NAMED_UNIT ( * ) SI_UNIT ( .MILLI., .METRE. ) );
#1671 = DIRECTION ( 'NONE',  ( 7.608436298143888101E-16, 0.000000000000000000, -1.000000000000000000 ) ) ;
#1672 = CARTESIAN_POINT ( 'NONE',  ( 0.8650000000000009903, 0.04999999999999999584, 2.215000000000001190 ) ) ;
#1673 = FACE_OUTER_BOUND ( 'NONE', #2071, .T. ) ;
#1674 = FACE_OUTER_BOUND ( 'NONE', #7568, .T. ) ;
#1675 = EDGE_CURVE ( 'NONE', #5243, #923, #5030, .T. ) ;
#1676 = ORIENTED_EDGE ( 'NONE', *, *, #1031, .F. ) ;
#1677 = VERTEX_POINT ( 'NONE', #6368 ) ;
#1678 = ORIENTED_EDGE ( 'NONE', *, *, #920, .T. ) ;
#1679 = DIRECTION ( 'NONE',  ( 1.000000000000000000, 0.000000000000000000, 0.000000000000000000 ) ) ;
#1680 = ORIENTED_EDGE ( 'NONE', *, *, #3341, .F. ) ;
#1681 = DIRECTION ( 'NONE',  ( 0.000000000000000000, 0.000000000000000000, -1.000000000000000000 ) ) ;
#1682 = CARTESIAN_POINT ( 'NONE',  ( -1.634999999999999343, 0.6614108798023734526, -2.500000000000001332 ) ) ;
#1683 = CARTESIAN_POINT ( 'NONE',  ( -0.1349999999999992595, 0.1999999999999999833, -2.500000000000001332 ) ) ;
#1684 = CARTESIAN_POINT ( 'NONE',  ( 2.500000000000002220, 0.6614108798023753399, 0.1349999999999999256 ) ) ;
#1685 = ORIENTED_EDGE ( 'NONE', *, *, #9465, .F. ) ;
#1686 = CARTESIAN_POINT ( 'NONE',  ( 1.365000000000000657, 0.1999999999999999833, -2.500000000000001332 ) ) ;
#1687 = ADVANCED_FACE ( 'NONE', ( #2342 ), #1557, .F. ) ;
#1688 = AXIS2_PLACEMENT_3D ( 'NONE', #7455, #2445, #5792 ) ;
#1689 = ORIENTED_EDGE ( 'NONE', *, *, #4155, .T. ) ;
#1690 = AXIS2_PLACEMENT_3D ( 'NONE', #4979, #75, #2572 ) ;
#1691 = ADVANCED_FACE ( 'NONE', ( #6643 ), #4925, .T. ) ;
#1692 = ORIENTED_EDGE ( 'NONE', *, *, #4762, .T. ) ;
#1693 = VECTOR ( 'NONE', #3247, 1000.000000000000000 ) ;
#1694 = DIRECTION ( 'NONE',  ( 0.000000000000000000, -1.000000000000000000, 0.000000000000000000 ) ) ;
#1695 = DIRECTION ( 'NONE',  ( 3.771137991253918417E-15, 0.000000000000000000, -1.000000000000000000 ) ) ;
#1696 = DIRECTION ( 'NONE',  ( 0.000000000000000000, -1.000000000000000000, 0.000000000000000000 ) ) ;
#1697 = LINE ( 'NONE', #8127, #7729 ) ;
#1698 = DIRECTION ( 'NONE',  ( 1.000000000000000000, 0.000000000000000000, -7.608436298143875282E-16 ) ) ;
#1699 = CARTESIAN_POINT ( 'NONE',  ( 2.777079248822532991E-16, 0.05000000000000000278, 0.3650000000000024336 ) ) ;
#1700 = CARTESIAN_POINT ( 'NONE',  ( -1.249999999999999112, 0.2000000000000000111, 2.215000000000001190 ) ) ;
#1701 = ADVANCED_FACE ( 'NONE', ( #8291 ), #1336, .F. ) ;
#1702 = ORIENTED_EDGE ( 'NONE', *, *, #2973, .F. ) ;
#1703 = ORIENTED_EDGE ( 'NONE', *, *, #1022, .T. ) ;
#1704 = EDGE_CURVE ( 'NONE', #10070, #10570, #623, .T. ) ;
#1705 = PLANE ( 'NONE',  #9913 ) ;
#1706 = VERTEX_POINT ( 'NONE', #7251 ) ;
#1707 = ORIENTED_EDGE ( 'NONE', *, *, #4114, .T. ) ;
#1708 = CARTESIAN_POINT ( 'NONE',  ( -2.215000000000000746, 0.1999999999999999833, 1.865000000000000879 ) ) ;
#1709 = CARTESIAN_POINT ( 'NONE',  ( -2.500000000000001332, 0.04999999999999969746, -0.6349999999999994538 ) ) ;
#1710 = ORIENTED_EDGE ( 'NONE', *, *, #1836, .T. ) ;
#1711 = FACE_OUTER_BOUND ( 'NONE', #10836, .T. ) ;
#1712 = CARTESIAN_POINT ( 'NONE',  ( -1.749999999999999112, 0.2000000000000000111, 2.215000000000001190 ) ) ;
#1713 = CIRCLE ( 'NONE', #2068, 0.1150000000000000883 ) ;
#1714 = LINE ( 'NONE', #10274, #2168 ) ;
#1715 = ADVANCED_FACE ( 'NONE', ( #3997 ), #9799, .F. ) ;
#1716 = CARTESIAN_POINT ( 'NONE',  ( -0.1349999999999992595, 0.04999999999999969746, 2.500000000000001332 ) ) ;
#1717 = ORIENTED_EDGE ( 'NONE', *, *, #477, .F. ) ;
#1718 = VECTOR ( 'NONE', #258, 1000.000000000000000 ) ;
#1719 = DIRECTION ( 'NONE',  ( 0.000000000000000000, 0.000000000000000000, 1.000000000000000000 ) ) ;
#1720 = EDGE_CURVE ( 'NONE', #2266, #7618, #8727, .T. ) ;
#1721 = EDGE_LOOP ( 'NONE', ( #944, #3548, #7966, #9732 ) ) ;
#1722 = VERTEX_POINT ( 'NONE', #8189 ) ;
#1723 =( NAMED_UNIT ( * ) PLANE_ANGLE_UNIT ( ) SI_UNIT ( $, .RADIAN. ) );
#1724 = CARTESIAN_POINT ( 'NONE',  ( -1.864999999999999325, 0.04999999999999999584, -2.500000000000001332 ) ) ;
#1725 = CARTESIAN_POINT ( 'NONE',  ( 1.365000000000000657, 0.2000000000000000111, 2.215000000000001190 ) ) ;
#1726 = CARTESIAN_POINT ( 'NONE',  ( -2.500000000000002220, 0.1999999999999999833, 0.6349999999999998979 ) ) ;
#1727 = DIRECTION ( 'NONE',  ( 0.000000000000000000, 0.000000000000000000, 1.000000000000000000 ) ) ;
#1728 = CARTESIAN_POINT ( 'NONE',  ( 1.365000000000000657, 0.6614108798023734526, 2.500000000000001332 ) ) ;
#1729 = EDGE_CURVE ( 'NONE', #3744, #9569, #9899, .T. ) ;
#1730 = AXIS2_PLACEMENT_3D ( 'NONE', #9788, #8890, #2062 ) ;
#1731 = ORIENTED_EDGE ( 'NONE', *, *, #4762, .F. ) ;
#1732 = VECTOR ( 'NONE', #9800, 1000.000000000000000 ) ;
#1733 = ADVANCED_FACE ( 'NONE', ( #5586 ), #721, .T. ) ;
#1734 = ORIENTED_EDGE ( 'NONE', *, *, #9541, .F. ) ;
#1735 = EDGE_CURVE ( 'NONE', #10146, #2650, #2286, .T. ) ;
#1736 = CARTESIAN_POINT ( 'NONE',  ( 0.2500000000000006661, 0.1999999999999999833, -2.215000000000001190 ) ) ;
#1737 = ORIENTED_EDGE ( 'NONE', *, *, #2397, .F. ) ;
#1738 = LINE ( 'NONE', #5987, #3223 ) ;
#1739 = CARTESIAN_POINT ( 'NONE',  ( -2.215000000000000746, 0.1999999999999999833, 0.8650000000000007683 ) ) ;
#1740 = CARTESIAN_POINT ( 'NONE',  ( -2.500000000000000444, 0.05000000000000000278, 2.499999999999999556 ) ) ;
#1741 = DIRECTION ( 'NONE',  ( 0.000000000000000000, -1.000000000000000000, 0.000000000000000000 ) ) ;
#1742 = ORIENTED_EDGE ( 'NONE', *, *, #3689, .T. ) ;
#1743 = DIRECTION ( 'NONE',  ( 0.000000000000000000, 1.000000000000000000, 0.000000000000000000 ) ) ;
#1744 = ORIENTED_EDGE ( 'NONE', *, *, #8256, .F. ) ;
#1745 = ORIENTED_EDGE ( 'NONE', *, *, #6418, .F. ) ;
#1746 = EDGE_CURVE ( 'NONE', #6267, #2292, #10624, .T. ) ;
#1747 = CARTESIAN_POINT ( 'NONE',  ( -2.500000000000000444, 0.2000000000000005107, -1.634999999999999343 ) ) ;
#1748 = DIRECTION ( 'NONE',  ( -1.000000000000000000, -0.000000000000000000, -1.521687259628770718E-15 ) ) ;
#1749 = LINE ( 'NONE', #98, #7184 ) ;
#1750 = EDGE_CURVE ( 'NONE', #4189, #10404, #8955, .T. ) ;
#1751 = CARTESIAN_POINT ( 'NONE',  ( 1.250000000000000888, 0.1999999999999999833, 2.215000000000001190 ) ) ;
#1752 = DIRECTION ( 'NONE',  ( -0.000000000000000000, -1.000000000000000000, -0.000000000000000000 ) ) ;
#1753 = CARTESIAN_POINT ( 'NONE',  ( -0.3649999999999992140, 0.6614108798023734526, 2.500000000000001332 ) ) ;
#1754 = ORIENTED_EDGE ( 'NONE', *, *, #9875, .F. ) ;
#1755 = ORIENTED_EDGE ( 'NONE', *, *, #1400, .T. ) ;
#1756 = CARTESIAN_POINT ( 'NONE',  ( 0.2500000000000006661, 0.000000000000000000, -2.215000000000001190 ) ) ;
#1757 = ORIENTED_EDGE ( 'NONE', *, *, #8634, .F. ) ;
#1758 = DIRECTION ( 'NONE',  ( 0.000000000000000000, 0.000000000000000000, 1.000000000000000000 ) ) ;
#1759 = CYLINDRICAL_SURFACE ( 'NONE', #9988, 0.1150000000000000883 ) ;
#1760 = CARTESIAN_POINT ( 'NONE',  ( -2.215000000000000746, 0.1999999999999999833, 0.3650000000000007683 ) ) ;
#1761 =( NAMED_UNIT ( * ) SI_UNIT ( $, .STERADIAN. ) SOLID_ANGLE_UNIT ( ) );
#1762 = PLANE ( 'NONE',  #6929 ) ;
#1763 = CARTESIAN_POINT ( 'NONE',  ( 2.500000000000002220, 0.6614108798023753399, 0.6349999999999998979 ) ) ;
#1764 = ADVANCED_FACE ( 'NONE', ( #4053 ), #9966, .F. ) ;
#1765 = CARTESIAN_POINT ( 'NONE',  ( 2.077103109393266173E-15, 0.05000000000000000278, -1.364999999999996216 ) ) ;
#1766 = AXIS2_PLACEMENT_3D ( 'NONE', #2381, #3183, #9037 ) ;
#1767 = ORIENTED_EDGE ( 'NONE', *, *, #9684, .F. ) ;
#1768 = FACE_OUTER_BOUND ( 'NONE', #8208, .T. ) ;
#1769 = ORIENTED_EDGE ( 'NONE', *, *, #3281, .F. ) ;
#1770 = LINE ( 'NONE', #9454, #10105 ) ;
#1771 = COLOUR_RGB ( '',0.7921568627450980005, 0.8196078431372548767, 0.9333333333333333481 ) ;
#1772 = ORIENTED_EDGE ( 'NONE', *, *, #9783, .F. ) ;
#1773 =( LENGTH_UNIT ( ) NAMED_UNIT ( * ) SI_UNIT ( .MILLI., .METRE. ) );
#1774 = ORIENTED_EDGE ( 'NONE', *, *, #2565, .T. ) ;
#1775 = FACE_OUTER_BOUND ( 'NONE', #10893, .T. ) ;
#1776 = LINE ( 'NONE', #5137, #5382 ) ;
#1777 = CARTESIAN_POINT ( 'NONE',  ( -2.215000000000000746, 0.000000000000000000, -0.1349999999999992595 ) ) ;
#1778 = PLANE ( 'NONE',  #9371 ) ;
#1779 = FACE_OUTER_BOUND ( 'NONE', #4806, .T. ) ;
#1780 = ORIENTED_EDGE ( 'NONE', *, *, #8270, .F. ) ;
#1781 = AXIS2_PLACEMENT_3D ( 'NONE', #2298, #5714, #10871 ) ;
#1782 = EDGE_CURVE ( 'NONE', #994, #6492, #10860, .T. ) ;
#1783 = VERTEX_POINT ( 'NONE', #10684 ) ;
#1784 = DIRECTION ( 'NONE',  ( -1.000000000000000000, 0.000000000000000000, -3.771137991253918417E-15 ) ) ;
#1785 = AXIS2_PLACEMENT_3D ( 'NONE', #2200, #10542, #10587 ) ;
#1786 = VERTEX_POINT ( 'NONE', #7472 ) ;
#1787 = LINE ( 'NONE', #5880, #6745 ) ;
#1788 = LINE ( 'NONE', #1682, #1415 ) ;
#1789 = DIRECTION ( 'NONE',  ( -0.000000000000000000, -1.000000000000000000, -0.000000000000000000 ) ) ;
#1790 = CARTESIAN_POINT ( 'NONE',  ( 0.1350000000000007860, 0.000000000000000000, 2.500000000000001332 ) ) ;
#1791 = VECTOR ( 'NONE', #4889, 1000.000000000000000 ) ;
#1792 = DIRECTION ( 'NONE',  ( -0.000000000000000000, -1.000000000000000000, -0.000000000000000000 ) ) ;
#1793 = VECTOR ( 'NONE', #2237, 1000.000000000000000 ) ;
#1794 = ORIENTED_EDGE ( 'NONE', *, *, #1594, .T. ) ;
#1795 = EDGE_CURVE ( 'NONE', #135, #6076, #6429, .T. ) ;
#1796 = VECTOR ( 'NONE', #5868, 1000.000000000000000 ) ;
#1797 = AXIS2_PLACEMENT_3D ( 'NONE', #4854, #5734, #3190 ) ;
#1798 = EDGE_CURVE ( 'NONE', #7019, #291, #508, .T. ) ;
#1799 = ORIENTED_EDGE ( 'NONE', *, *, #8011, .F. ) ;
#1800 = VECTOR ( 'NONE', #10148, 1000.000000000000000 ) ;
#1801 = VECTOR ( 'NONE', #10949, 1000.000000000000000 ) ;
#1802 = LINE ( 'NONE', #8533, #7096 ) ;
#1803 = LINE ( 'NONE', #8534, #4985 ) ;
#1804 = UNCERTAINTY_MEASURE_WITH_UNIT (LENGTH_MEASURE( 1.000000000000000082E-05 ), #1773, 'distance_accuracy_value', 'NONE');
#1805 = FACE_OUTER_BOUND ( 'NONE', #1466, .T. ) ;
#1806 = AXIS2_PLACEMENT_3D ( 'NONE', #9115, #9792, #8177 ) ;
#1807 = CARTESIAN_POINT ( 'NONE',  ( 2.500000000000001332, 0.1999999999999999833, -1.634999999999999565 ) ) ;
#1808 = ORIENTED_EDGE ( 'NONE', *, *, #7703, .T. ) ;
#1809 = VECTOR ( 'NONE', #5074, 1000.000000000000000 ) ;
#1810 = CARTESIAN_POINT ( 'NONE',  ( 0.7500000000000008882, 0.1999999999999999833, 2.215000000000001190 ) ) ;
#1811 = CARTESIAN_POINT ( 'NONE',  ( 1.135000000000000897, 0.6614108798023734526, -2.500000000000001332 ) ) ;
#1812 = CARTESIAN_POINT ( 'NONE',  ( -1.364999999999999325, 0.000000000000000000, 2.500000000000001332 ) ) ;
#1813 = AXIS2_PLACEMENT_3D ( 'NONE', #4328, #10028, #8299 ) ;
#1814 = ADVANCED_FACE ( 'NONE', ( #3103 ), #9844, .F. ) ;
#1815 = AXIS2_PLACEMENT_3D ( 'NONE', #4678, #484, #1480 ) ;
#1816 = EDGE_CURVE ( 'NONE', #9171, #10351, #1843, .T. ) ;
#1817 = CIRCLE ( 'NONE', #10824, 0.1150000000000000883 ) ;
#1818 = DIRECTION ( 'NONE',  ( -7.608436298143888101E-16, 0.000000000000000000, -1.000000000000000000 ) ) ;
#1819 = ORIENTED_EDGE ( 'NONE', *, *, #9505, .T. ) ;
#1820 = CIRCLE ( 'NONE', #8160, 0.1150000000000000883 ) ;
#1821 = CYLINDRICAL_SURFACE ( 'NONE', #7124, 0.1150000000000002964 ) ;
#1822 = FACE_OUTER_BOUND ( 'NONE', #9391, .T. ) ;
#1823 = CARTESIAN_POINT ( 'NONE',  ( -1.134999999999999121, 0.2000000000000000111, 2.215000000000001190 ) ) ;
#1824 = FILL_AREA_STYLE ('',( #9380 ) ) ;
#1825 = LINE ( 'NONE', #10383, #5509 ) ;
#1826 = AXIS2_PLACEMENT_3D ( 'NONE', #2348, #8246, #7567 ) ;
#1827 = CARTESIAN_POINT ( 'NONE',  ( -1.749999999999999334, 0.2000000000000000111, -2.215000000000001190 ) ) ;
#1828 = DIRECTION ( 'NONE',  ( -0.000000000000000000, -1.000000000000000000, 0.000000000000000000 ) ) ;
#1829 =( GEOMETRIC_REPRESENTATION_CONTEXT ( 3 ) GLOBAL_UNCERTAINTY_ASSIGNED_CONTEXT ( ( #6119 ) ) GLOBAL_UNIT_ASSIGNED_CONTEXT ( ( #9429, #10151, #1867 ) ) REPRESENTATION_CONTEXT ( 'NONE', 'WORKASPACE' ) );
#1830 = EDGE_CURVE ( 'NONE', #3422, #4396, #782, .T. ) ;
#1831 = EDGE_CURVE ( 'NONE', #6638, #1783, #6921, .T. ) ;
#1832 = MECHANICAL_DESIGN_GEOMETRIC_PRESENTATION_REPRESENTATION (  '', ( #7478 ), #3586 ) ;
#1833 = VERTEX_POINT ( 'NONE', #831 ) ;
#1834 = DIRECTION ( 'NONE',  ( -0.000000000000000000, -1.000000000000000000, -0.000000000000000000 ) ) ;
#1835 = ORIENTED_EDGE ( 'NONE', *, *, #4112, .F. ) ;
#1836 = EDGE_CURVE ( 'NONE', #9319, #6619, #275, .T. ) ;
#1837 = VERTEX_POINT ( 'NONE', #8403 ) ;
#1838 = PRESENTATION_STYLE_ASSIGNMENT (( #169 ) ) ;
#1839 = VERTEX_POINT ( 'NONE', #1610 ) ;
#1840 = SURFACE_STYLE_USAGE ( .BOTH. , #2004 ) ;
#1841 = ORIENTED_EDGE ( 'NONE', *, *, #10311, .T. ) ;
#1842 = DIRECTION ( 'NONE',  ( -0.000000000000000000, -1.000000000000000000, -0.000000000000000000 ) ) ;
#1843 = LINE ( 'NONE', #3541, #1871 ) ;
#1844 = VECTOR ( 'NONE', #7165, 1000.000000000000000 ) ;
#1845 = CARTESIAN_POINT ( 'NONE',  ( -2.215000000000000746, 0.05000000000000002359, 1.250000000000000222 ) ) ;
#1846 = DIRECTION ( 'NONE',  ( 0.000000000000000000, -1.000000000000000000, 0.000000000000000000 ) ) ;
#1847 = CARTESIAN_POINT ( 'NONE',  ( 2.500000000000002220, 0.000000000000000000, -1.865000000000000213 ) ) ;
#1848 = AXIS2_PLACEMENT_3D ( 'NONE', #2180, #8836, #7150 ) ;
#1849 = ORIENTED_EDGE ( 'NONE', *, *, #1964, .T. ) ;
#1850 = EDGE_CURVE ( 'NONE', #6586, #3718, #6756, .T. ) ;
#1851 = ADVANCED_FACE ( 'NONE', ( #7642 ), #126, .F. ) ;
#1852 = VERTEX_POINT ( 'NONE', #174 ) ;
#1853 = DIRECTION ( 'NONE',  ( -1.000000000000000000, 0.000000000000000000, 1.521687259628770718E-15 ) ) ;
#1854 = ORIENTED_EDGE ( 'NONE', *, *, #9493, .T. ) ;
#1855 = DIRECTION ( 'NONE',  ( -0.000000000000000000, -1.000000000000000000, -0.000000000000000000 ) ) ;
#1856 = PLANE ( 'NONE',  #1601 ) ;
#1857 = LINE ( 'NONE', #4217, #4308 ) ;
#1858 = CARTESIAN_POINT ( 'NONE',  ( -1.800000000000001155, 0.9000000000000000222, -2.050000000000000711 ) ) ;
#1859 = ORIENTED_EDGE ( 'NONE', *, *, #145, .F. ) ;
#1860 = CARTESIAN_POINT ( 'NONE',  ( -2.215000000000000746, 0.05000000000000002359, -0.8649999999999998801 ) ) ;
#1861 = VERTEX_POINT ( 'NONE', #10127 ) ;
#1862 = ORIENTED_EDGE ( 'NONE', *, *, #5814, .F. ) ;
#1863 = DIRECTION ( 'NONE',  ( -1.000000000000000000, 0.000000000000000000, 7.608436298143875282E-16 ) ) ;
#1864 = DIRECTION ( 'NONE',  ( -0.000000000000000000, -1.000000000000000000, -0.000000000000000000 ) ) ;
#1865 = EDGE_CURVE ( 'NONE', #7388, #1609, #2041, .T. ) ;
#1866 = FACE_OUTER_BOUND ( 'NONE', #84, .T. ) ;
#1867 =( NAMED_UNIT ( * ) SI_UNIT ( $, .STERADIAN. ) SOLID_ANGLE_UNIT ( ) );
#1868 = VECTOR ( 'NONE', #10269, 1000.000000000000000 ) ;
#1869 = CARTESIAN_POINT ( 'NONE',  ( -0.6349999999999992317, 0.6614108798023734526, 2.215000000000001190 ) ) ;
#1870 = DIRECTION ( 'NONE',  ( -1.000000000000000000, 0.000000000000000000, 1.521687259628770718E-15 ) ) ;
#1871 = VECTOR ( 'NONE', #5198, 1000.000000000000000 ) ;
#1872 = CARTESIAN_POINT ( 'NONE',  ( -1.635000000000000231, 0.000000000000000000, 1.635000000000000897 ) ) ;
#1873 = EDGE_CURVE ( 'NONE', #7962, #9488, #5865, .T. ) ;
#1874 = ORIENTED_EDGE ( 'NONE', *, *, #9227, .F. ) ;
#1875 = VECTOR ( 'NONE', #2043, 1000.000000000000000 ) ;
#1876 = VECTOR ( 'NONE', #10780, 1000.000000000000000 ) ;
#1877 = DIRECTION ( 'NONE',  ( 0.000000000000000000, 1.000000000000000000, 0.000000000000000000 ) ) ;
#1878 = ORIENTED_EDGE ( 'NONE', *, *, #9802, .F. ) ;
#1879 = EDGE_CURVE ( 'NONE', #7534, #2452, #7745, .T. ) ;
#1880 = CARTESIAN_POINT ( 'NONE',  ( 0.1350000000000005640, 0.000000000000000000, -2.215000000000001190 ) ) ;
#1881 = LINE ( 'NONE', #2652, #2751 ) ;
#1882 = LINE ( 'NONE', #3587, #3498 ) ;
#1883 = CARTESIAN_POINT ( 'NONE',  ( -2.215000000000000746, 0.6614108798023753399, 1.365000000000000657 ) ) ;
#1884 = DIRECTION ( 'NONE',  ( 0.000000000000000000, -1.000000000000000000, 0.000000000000000000 ) ) ;
#1885 = ORIENTED_EDGE ( 'NONE', *, *, #925, .F. ) ;
#1886 = CARTESIAN_POINT ( 'NONE',  ( -2.215000000000000746, 0.000000000000000000, -1.634999999999999343 ) ) ;
#1887 = LINE ( 'NONE', #6805, #8686 ) ;
#1888 = ORIENTED_EDGE ( 'NONE', *, *, #8973, .F. ) ;
#1889 = LINE ( 'NONE', #3764, #9410 ) ;
#1890 = ORIENTED_EDGE ( 'NONE', *, *, #7750, .T. ) ;
#1891 = VERTEX_POINT ( 'NONE', #4160 ) ;
#1892 = DIRECTION ( 'NONE',  ( 0.000000000000000000, 1.000000000000000000, -0.000000000000000000 ) ) ;
#1893 = VECTOR ( 'NONE', #1150, 1000.000000000000000 ) ;
#1894 = EDGE_CURVE ( 'NONE', #8119, #6249, #11, .T. ) ;
#1895 = ORIENTED_EDGE ( 'NONE', *, *, #4301, .T. ) ;
#1896 = ORIENTED_EDGE ( 'NONE', *, *, #1138, .T. ) ;
#1897 = CARTESIAN_POINT ( 'NONE',  ( -0.7499999999999991118, 0.6614108798023734526, 2.100000000000000977 ) ) ;
#1898 = LINE ( 'NONE', #6314, #10683 ) ;
#1899 = CARTESIAN_POINT ( 'NONE',  ( 2.500000000000001332, 0.1999999999999999833, -0.1349999999999994815 ) ) ;
#1900 = DIRECTION ( 'NONE',  ( 7.608436298143875282E-16, 0.000000000000000000, -1.000000000000000000 ) ) ;
#1901 = ADVANCED_FACE ( 'NONE', ( #9287 ), #10911, .F. ) ;
#1902 = CARTESIAN_POINT ( 'NONE',  ( -0.8649999999999992140, 0.2000000000000000111, 2.500000000000001332 ) ) ;
#1903 = ORIENTED_EDGE ( 'NONE', *, *, #5773, .T. ) ;
#1904 = AXIS2_PLACEMENT_3D ( 'NONE', #10207, #9262, #8537 ) ;
#1905 = ORIENTED_EDGE ( 'NONE', *, *, #1495, .T. ) ;
#1906 = CARTESIAN_POINT ( 'NONE',  ( 1.635000000000000453, 0.1999999999999996503, -1.634999999999998899 ) ) ;
#1907 = VERTEX_POINT ( 'NONE', #2669 ) ;
#1908 = CARTESIAN_POINT ( 'NONE',  ( -0.6349999999999992317, 0.2000000000000000111, 2.500000000000001332 ) ) ;
#1909 = DIRECTION ( 'NONE',  ( -0.000000000000000000, -0.000000000000000000, -1.000000000000000000 ) ) ;
#1910 = PLANE ( 'NONE',  #2178 ) ;
#1911 = CARTESIAN_POINT ( 'NONE',  ( 0.6350000000000007860, 0.6614108798023734526, -2.500000000000001332 ) ) ;
#1912 = AXIS2_PLACEMENT_3D ( 'NONE', #8200, #9857, #519 ) ;
#1913 = DIRECTION ( 'NONE',  ( 0.000000000000000000, -1.000000000000000000, 0.000000000000000000 ) ) ;
#1914 = ORIENTED_EDGE ( 'NONE', *, *, #2471, .F. ) ;
#1915 = CARTESIAN_POINT ( 'NONE',  ( -1.249999999999999112, 0.000000000000000000, 2.215000000000001190 ) ) ;
#1916 = ADVANCED_FACE ( 'NONE', ( #10181 ), #6030, .F. ) ;
#1917 = ORIENTED_EDGE ( 'NONE', *, *, #1251, .F. ) ;
#1918 = DIRECTION ( 'NONE',  ( 1.000000000000000000, 0.000000000000000000, 0.000000000000000000 ) ) ;
#1919 = CARTESIAN_POINT ( 'NONE',  ( 1.865000000000000879, 0.04999999999999969746, -2.500000000000001332 ) ) ;
#1920 = CYLINDRICAL_SURFACE ( 'NONE', #6135, 0.1150000000000000883 ) ;
#1921 = DIRECTION ( 'NONE',  ( -0.000000000000000000, -1.000000000000000000, -0.000000000000000000 ) ) ;
#1922 = CARTESIAN_POINT ( 'NONE',  ( -0.2499999999999991396, 0.6614108798023734526, 2.100000000000000977 ) ) ;
#1923 = ORIENTED_EDGE ( 'NONE', *, *, #537, .F. ) ;
#1924 = CLOSED_SHELL ( 'NONE', ( #3051, #5635, #320, #6374, #2492, #2770 ) ) ;
#1925 = CARTESIAN_POINT ( 'NONE',  ( 2.500000000000001332, 0.000000000000000000, 0.8650000000000005462 ) ) ;
#1926 = FACE_OUTER_BOUND ( 'NONE', #4487, .T. ) ;
#1927 = CARTESIAN_POINT ( 'NONE',  ( -0.1349999999999992595, 0.6614108798023734526, 2.215000000000001190 ) ) ;
#1928 = FACE_OUTER_BOUND ( 'NONE', #7542, .T. ) ;
#1929 = FILL_AREA_STYLE_COLOUR ( '', #4937 ) ;
#1930 = DIRECTION ( 'NONE',  ( 0.000000000000000000, -1.000000000000000000, 0.000000000000000000 ) ) ;
#1931 = ORIENTED_EDGE ( 'NONE', *, *, #7344, .T. ) ;
#1932 = LINE ( 'NONE', #3642, #5860 ) ;
#1933 = ORIENTED_EDGE ( 'NONE', *, *, #5783, .F. ) ;
#1934 = LINE ( 'NONE', #2817, #6239 ) ;
#1935 = EDGE_CURVE ( 'NONE', #2761, #4856, #3327, .T. ) ;
#1936 = ADVANCED_FACE ( 'NONE', ( #7523 ), #884, .F. ) ;
#1937 = ORIENTED_EDGE ( 'NONE', *, *, #5432, .T. ) ;
#1938 = FACE_OUTER_BOUND ( 'NONE', #8173, .T. ) ;
#1939 = EDGE_CURVE ( 'NONE', #6234, #2982, #1776, .T. ) ;
#1940 = ORIENTED_EDGE ( 'NONE', *, *, #2093, .F. ) ;
#1941 = VERTEX_POINT ( 'NONE', #950 ) ;
#1942 = CARTESIAN_POINT ( 'NONE',  ( 0.2500000000000008882, 0.2000000000000000111, 2.215000000000001190 ) ) ;
#1943 = VERTEX_POINT ( 'NONE', #4318 ) ;
#1944 = LINE ( 'NONE', #10394, #6067 ) ;
#1945 = ORIENTED_EDGE ( 'NONE', *, *, #8228, .T. ) ;
#1946 = CARTESIAN_POINT ( 'NONE',  ( -2.500000000000002220, 0.000000000000000000, 0.1349999999999999256 ) ) ;
#1947 = CARTESIAN_POINT ( 'NONE',  ( 0.1350000000000007860, 0.6614108798023734526, 2.500000000000001332 ) ) ;
#1948 = DIRECTION ( 'NONE',  ( 0.000000000000000000, 1.000000000000000000, 0.000000000000000000 ) ) ;
#1949 = DIRECTION ( 'NONE',  ( 0.000000000000000000, 1.000000000000000000, 0.000000000000000000 ) ) ;
#1950 = PLANE ( 'NONE',  #7612 ) ;
#1951 = ORIENTED_EDGE ( 'NONE', *, *, #6808, .F. ) ;
#1952 = EDGE_CURVE ( 'NONE', #9736, #3375, #10397, .T. ) ;
#1953 = EDGE_CURVE ( 'NONE', #3302, #2821, #1898, .T. ) ;
#1954 = ORIENTED_EDGE ( 'NONE', *, *, #3747, .F. ) ;
#1955 = LINE ( 'NONE', #292, #4299 ) ;
#1956 = ORIENTED_EDGE ( 'NONE', *, *, #2247, .T. ) ;
#1957 = LINE ( 'NONE', #7867, #7993 ) ;
#1958 = CARTESIAN_POINT ( 'NONE',  ( -2.215000000000000746, 0.6614108798023753399, -0.8649999999999998801 ) ) ;
#1959 = CARTESIAN_POINT ( 'NONE',  ( 2.215000000000000746, 0.1999999999999999833, 0.6349999999999988987 ) ) ;
#1960 = CARTESIAN_POINT ( 'NONE',  ( -2.500000000000001332, 0.000000000000000000, 1.865000000000000657 ) ) ;
#1961 = DIRECTION ( 'NONE',  ( 0.000000000000000000, 1.000000000000000000, 0.000000000000000000 ) ) ;
#1962 = DIRECTION ( 'NONE',  ( -0.000000000000000000, 0.000000000000000000, 1.000000000000000000 ) ) ;
#1963 = VECTOR ( 'NONE', #6704, 1000.000000000000000 ) ;
#1964 = EDGE_CURVE ( 'NONE', #5464, #6268, #3709, .T. ) ;
#1965 = ORIENTED_EDGE ( 'NONE', *, *, #5388, .T. ) ;
#1966 = ADVANCED_FACE ( 'NONE', ( #7188 ), #3773, .T. ) ;
#1967 = DIRECTION ( 'NONE',  ( -1.000000000000000000, 0.000000000000000000, 0.000000000000000000 ) ) ;
#1968 = AXIS2_PLACEMENT_3D ( 'NONE', #6525, #5925, #9903 ) ;
#1969 = DIRECTION ( 'NONE',  ( 1.000000000000000000, 0.000000000000000000, -1.521687259628770718E-15 ) ) ;
#1971 = CARTESIAN_POINT ( 'NONE',  ( -0.6349999999999992317, 0.2000000000000000111, 2.215000000000001190 ) ) ;
#1970 = CIRCLE ( 'NONE', #8133, 0.1150000000000000883 ) ;
#1972 = CARTESIAN_POINT ( 'NONE',  ( 1.865000000000000879, 0.000000000000000000, 2.500000000000001332 ) ) ;
#1973 = CARTESIAN_POINT ( 'NONE',  ( -1.634999999999999343, 0.000000000000000000, 2.500000000000001332 ) ) ;
#1974 = AXIS2_PLACEMENT_3D ( 'NONE', #2969, #6339, #4770 ) ;
#1975 = PLANE ( 'NONE',  #2511 ) ;
#1976 = EDGE_CURVE ( 'NONE', #1537, #8884, #4480, .T. ) ;
#1977 = VECTOR ( 'NONE', #32, 1000.000000000000000 ) ;
#1978 = ORIENTED_EDGE ( 'NONE', *, *, #1341, .F. ) ;
#1979 = VECTOR ( 'NONE', #3329, 1000.000000000000000 ) ;
#1980 = CIRCLE ( 'NONE', #3027, 0.1150000000000000883 ) ;
#1981 = CIRCLE ( 'NONE', #8146, 0.1150000000000000883 ) ;
#1982 = DIRECTION ( 'NONE',  ( 0.000000000000000000, -0.000000000000000000, 1.000000000000000000 ) ) ;
#1983 = CARTESIAN_POINT ( 'NONE',  ( -2.215000000000000746, 0.6614108798023753399, 1.750000000000000222 ) ) ;
#1984 = LINE ( 'NONE', #6179, #2759 ) ;
#1985 = CARTESIAN_POINT ( 'NONE',  ( 0.8650000000000007683, 0.05000000000000000278, 0.000000000000000000 ) ) ;
#1986 = AXIS2_PLACEMENT_3D ( 'NONE', #6334, #10484, #4387 ) ;
#1987 = CARTESIAN_POINT ( 'NONE',  ( -2.500000000000002220, 0.6614108798023753399, -1.865000000000000213 ) ) ;
#1988 = ORIENTED_EDGE ( 'NONE', *, *, #7221, .T. ) ;
#1989 = LINE ( 'NONE', #4402, #4445 ) ;
#1990 = VECTOR ( 'NONE', #10729, 1000.000000000000000 ) ;
#1991 = VECTOR ( 'NONE', #2274, 1000.000000000000000 ) ;
#1992 = VERTEX_POINT ( 'NONE', #1172 ) ;
#1993 = DIRECTION ( 'NONE',  ( 3.771137991253918417E-15, 0.000000000000000000, -1.000000000000000000 ) ) ;
#1994 = VECTOR ( 'NONE', #4432, 1000.000000000000000 ) ;
#1995 = AXIS2_PLACEMENT_3D ( 'NONE', #6936, #8735, #4548 ) ;
#1996 = ORIENTED_EDGE ( 'NONE', *, *, #6839, .T. ) ;
#1998 = DIRECTION ( 'NONE',  ( -0.000000000000000000, -1.000000000000000000, -0.000000000000000000 ) ) ;
#1997 = VECTOR ( 'NONE', #3488, 1000.000000000000000 ) ;
#1999 = ORIENTED_EDGE ( 'NONE', *, *, #8807, .F. ) ;
#2000 = ORIENTED_EDGE ( 'NONE', *, *, #7473, .F. ) ;
#2001 = CARTESIAN_POINT ( 'NONE',  ( 2.500000000000002220, 0.04999999999999969746, -1.865000000000000213 ) ) ;
#2002 = CIRCLE ( 'NONE', #1108, 0.1150000000000000883 ) ;
#2003 = PLANE ( 'NONE',  #2282 ) ;
#2004 = SURFACE_SIDE_STYLE ('',( #333 ) ) ;
#2005 = ORIENTED_EDGE ( 'NONE', *, *, #3523, .F. ) ;
#2006 = AXIS2_PLACEMENT_3D ( 'NONE', #855, #188, #5008 ) ;
#2007 = CARTESIAN_POINT ( 'NONE',  ( 0.8650000000000007683, 0.1999999999999999833, 2.500000000000001332 ) ) ;
#2008 = DIRECTION ( 'NONE',  ( 0.000000000000000000, 0.000000000000000000, 1.000000000000000000 ) ) ;
#2009 = ADVANCED_FACE ( 'NONE', ( #336 ), #4539, .F. ) ;
#2010 = CARTESIAN_POINT ( 'NONE',  ( 1.865000000000000879, 0.2000000000000000111, -2.215000000000001190 ) ) ;
#2011 = LINE ( 'NONE', #3774, #401 ) ;
#2012 = CARTESIAN_POINT ( 'NONE',  ( -2.215000000000000746, 0.6614108798023753399, 1.865000000000000879 ) ) ;
#2013 = CIRCLE ( 'NONE', #9238, 0.1150000000000001993 ) ;
#2014 = ORIENTED_EDGE ( 'NONE', *, *, #9991, .T. ) ;
#2015 = ORIENTED_EDGE ( 'NONE', *, *, #1953, .T. ) ;
#2016 = ADVANCED_FACE ( 'NONE', ( #7908 ), #10454, .T. ) ;
#2017 = VECTOR ( 'NONE', #10603, 1000.000000000000000 ) ;
#2018 = ORIENTED_EDGE ( 'NONE', *, *, #1133, .T. ) ;
#2019 = COLOUR_RGB ( '',0.7921568627450980005, 0.8196078431372548767, 0.9333333333333333481 ) ;
#2020 = DIRECTION ( 'NONE',  ( 0.000000000000000000, 0.000000000000000000, 1.000000000000000000 ) ) ;
#2021 = ORIENTED_EDGE ( 'NONE', *, *, #1044, .T. ) ;
#2022 = LINE ( 'NONE', #9587, #4990 ) ;
#2023 = VECTOR ( 'NONE', #7652, 1000.000000000000000 ) ;
#2024 = CARTESIAN_POINT ( 'NONE',  ( -1.864999999999999325, 0.000000000000000000, 2.500000000000001332 ) ) ;
#2025 = EDGE_CURVE ( 'NONE', #7244, #2214, #1112, .T. ) ;
#2026 = LINE ( 'NONE', #9204, #3857 ) ;
#2027 = FACE_OUTER_BOUND ( 'NONE', #7847, .T. ) ;
#2028 = CARTESIAN_POINT ( 'NONE',  ( 1.635000000000000675, 0.04999999999999999584, -2.215000000000001190 ) ) ;
#2029 = LINE ( 'NONE', #6943, #9583 ) ;
#2030 = ORIENTED_EDGE ( 'NONE', *, *, #4516, .T. ) ;
#2031 = LINE ( 'NONE', #8626, #7815 ) ;
#2032 = LINE ( 'NONE', #7879, #4768 ) ;
#2033 = DIRECTION ( 'NONE',  ( 1.000000000000000000, 0.000000000000000000, -7.608436298143876268E-16 ) ) ;
#2034 = CARTESIAN_POINT ( 'NONE',  ( 1.865000000000000879, 0.05000000000000000278, 0.000000000000000000 ) ) ;
#2035 = EDGE_CURVE ( 'NONE', #10283, #1497, #4852, .T. ) ;
#2036 = FACE_OUTER_BOUND ( 'NONE', #878, .T. ) ;
#2037 = EDGE_CURVE ( 'NONE', #7146, #7367, #5415, .T. ) ;
#2038 = LINE ( 'NONE', #8698, #7258 ) ;
#2039 = VERTEX_POINT ( 'NONE', #7957 ) ;
#2040 = LINE ( 'NONE', #5394, #3917 ) ;
#2041 = CIRCLE ( 'NONE', #1690, 0.1150000000000000883 ) ;
#2042 = PLANE ( 'NONE',  #10649 ) ;
#2043 = DIRECTION ( 'NONE',  ( -0.000000000000000000, -1.000000000000000000, -0.000000000000000000 ) ) ;
#2044 = LINE ( 'NONE', #2925, #1893 ) ;
#2045 = FILL_AREA_STYLE_COLOUR ( '', #3356 ) ;
#2046 = EDGE_CURVE ( 'NONE', #690, #4526, #448, .T. ) ;
#2047 = PLANE ( 'NONE',  #4617 ) ;
#2048 = LINE ( 'NONE', #8643, #8673 ) ;
#2049 = VERTEX_POINT ( 'NONE', #3657 ) ;
#2050 = EDGE_CURVE ( 'NONE', #8813, #4263, #10521, .T. ) ;
#2051 = AXIS2_PLACEMENT_3D ( 'NONE', #8070, #4912, #1373 ) ;
#2052 = ORIENTED_EDGE ( 'NONE', *, *, #9294, .T. ) ;
#2053 = ORIENTED_EDGE ( 'NONE', *, *, #8277, .T. ) ;
#2054 = EDGE_LOOP ( 'NONE', ( #8397, #4999, #6627, #2629 ) ) ;
#2055 = CARTESIAN_POINT ( 'NONE',  ( -1.800000000000001155, 0.9000000000000000222, -1.800000000000000711 ) ) ;
#2056 = ORIENTED_EDGE ( 'NONE', *, *, #7544, .T. ) ;
#2057 = FACE_OUTER_BOUND ( 'NONE', #7532, .T. ) ;
#2058 = ORIENTED_EDGE ( 'NONE', *, *, #5753, .T. ) ;
#2059 =( NAMED_UNIT ( * ) PLANE_ANGLE_UNIT ( ) SI_UNIT ( $, .RADIAN. ) );
#2060 = EDGE_CURVE ( 'NONE', #1497, #4325, #392, .T. ) ;
#2061 = VERTEX_POINT ( 'NONE', #10513 ) ;
#2062 = DIRECTION ( 'NONE',  ( 0.000000000000000000, 0.000000000000000000, -1.000000000000000000 ) ) ;
#2063 = DIRECTION ( 'NONE',  ( 0.000000000000000000, 1.000000000000000000, 0.000000000000000000 ) ) ;
#2064 = CARTESIAN_POINT ( 'NONE',  ( -2.500000000000001332, 0.000000000000000000, 0.8650000000000005462 ) ) ;
#2065 = FACE_OUTER_BOUND ( 'NONE', #170, .T. ) ;
#2066 = DIRECTION ( 'NONE',  ( 0.000000000000000000, -0.000000000000000000, -1.000000000000000000 ) ) ;
#2067 = ORIENTED_EDGE ( 'NONE', *, *, #7690, .F. ) ;
#2068 = AXIS2_PLACEMENT_3D ( 'NONE', #2644, #10886, #10209 ) ;
#2069 = ORIENTED_EDGE ( 'NONE', *, *, #3793, .T. ) ;
#2070 = DIRECTION ( 'NONE',  ( 7.608436298143888101E-16, -0.000000000000000000, 1.000000000000000000 ) ) ;
#2071 = EDGE_LOOP ( 'NONE', ( #6247, #5112, #1937, #9998 ) ) ;
#2072 = DIRECTION ( 'NONE',  ( -1.000000000000000000, 0.000000000000000000, -7.608436298143875282E-16 ) ) ;
#2073 = DIRECTION ( 'NONE',  ( 0.000000000000000000, 0.000000000000000000, 1.000000000000000000 ) ) ;
#2074 = LINE ( 'NONE', #6477, #4374 ) ;
#2075 = CARTESIAN_POINT ( 'NONE',  ( 1.365000000000000657, 0.000000000000000000, -2.500000000000001332 ) ) ;
#2076 = LINE ( 'NONE', #10627, #3717 ) ;
#2077 = VECTOR ( 'NONE', #10883, 1000.000000000000000 ) ;
#2078 = PLANE ( 'NONE',  #744 ) ;
#2079 = EDGE_CURVE ( 'NONE', #4712, #10919, #9681, .T. ) ;
#2080 = ADVANCED_FACE ( 'NONE', ( #2940 ), #5466, .F. ) ;
#2081 = ORIENTED_EDGE ( 'NONE', *, *, #4711, .T. ) ;
#2082 = DIRECTION ( 'NONE',  ( 1.000000000000000000, 0.000000000000000000, 7.608436298143888101E-16 ) ) ;
#2083 = ADVANCED_FACE ( 'NONE', ( #8019 ), #9460, .F. ) ;
#2084 = LINE ( 'NONE', #8746, #400 ) ;
#2085 = CARTESIAN_POINT ( 'NONE',  ( 1.365000000000000657, 0.2000000000000000111, 2.500000000000001332 ) ) ;
#2086 = DIRECTION ( 'NONE',  ( -7.608436298143888101E-16, 0.000000000000000000, -1.000000000000000000 ) ) ;
#2087 = DIRECTION ( 'NONE',  ( 0.000000000000000000, 0.000000000000000000, 1.000000000000000000 ) ) ;
#2088 = CARTESIAN_POINT ( 'NONE',  ( -2.215000000000000746, 0.05000000000000002359, 0.3650000000000007683 ) ) ;
#2089 = DIRECTION ( 'NONE',  ( -1.000000000000000000, 0.000000000000000000, -7.608436298143875282E-16 ) ) ;
#2090 = AXIS2_PLACEMENT_3D ( 'NONE', #159, #10947, #6078 ) ;
#2091 = VECTOR ( 'NONE', #6430, 1000.000000000000000 ) ;
#2092 = EDGE_LOOP ( 'NONE', ( #2358, #2938, #3318, #7884 ) ) ;
#2093 = EDGE_CURVE ( 'NONE', #5241, #6294, #9516, .T. ) ;
#2094 = CARTESIAN_POINT ( 'NONE',  ( -1.134999999999999343, 0.05000000000000000278, 0.000000000000000000 ) ) ;
#2095 = FILL_AREA_STYLE_COLOUR ( '', #417 ) ;
#2096 = CARTESIAN_POINT ( 'NONE',  ( 2.215000000000000746, 0.000000000000000000, 0.2499999999999991396 ) ) ;
#2097 = CARTESIAN_POINT ( 'NONE',  ( 2.500000000000001332, 0.1999999999999999833, 0.8650000000000005462 ) ) ;
#2098 = EDGE_LOOP ( 'NONE', ( #8205, #5732, #9841, #10067, #6672 ) ) ;
#2099 = DIRECTION ( 'NONE',  ( -1.521687259628770718E-15, 0.000000000000000000, 1.000000000000000000 ) ) ;
#2100 = EDGE_LOOP ( 'NONE', ( #3536, #5405, #8936, #7316 ) ) ;
#2101 = CLOSED_SHELL ( 'NONE', ( #8036, #8517, #3807, #6072, #5844, #4632 ) ) ;
#2102 = ORIENTED_EDGE ( 'NONE', *, *, #5445, .F. ) ;
#2103 = ORIENTED_EDGE ( 'NONE', *, *, #5173, .T. ) ;
#2104 = VERTEX_POINT ( 'NONE', #9953 ) ;
#2105 = CARTESIAN_POINT ( 'NONE',  ( 0.8650000000000007683, 0.1999999999999999833, -2.215000000000001190 ) ) ;
#2106 = ORIENTED_EDGE ( 'NONE', *, *, #3893, .F. ) ;
#2107 = VERTEX_POINT ( 'NONE', #7237 ) ;
#2108 = FACE_OUTER_BOUND ( 'NONE', #2100, .T. ) ;
#2109 = EDGE_LOOP ( 'NONE', ( #6614, #8179, #2944, #2165 ) ) ;
#2110 = DIRECTION ( 'NONE',  ( 0.000000000000000000, 1.000000000000000000, 0.000000000000000000 ) ) ;
#2111 = EDGE_CURVE ( 'NONE', #4408, #7918, #8047, .T. ) ;
#2112 = VERTEX_POINT ( 'NONE', #495 ) ;
#2113 = DIRECTION ( 'NONE',  ( -1.000000000000000000, 0.000000000000000000, -7.608436298143875282E-16 ) ) ;
#2114 = DIRECTION ( 'NONE',  ( -7.608436298143888101E-16, 0.000000000000000000, -1.000000000000000000 ) ) ;
#2115 = LINE ( 'NONE', #5574, #7985 ) ;
#2116 = LINE ( 'NONE', #2172, #558 ) ;
#2117 = ORIENTED_EDGE ( 'NONE', *, *, #10465, .T. ) ;
#2118 = EDGE_LOOP ( 'NONE', ( #5739, #10665, #5772, #4730 ) ) ;
#2119 = DIRECTION ( 'NONE',  ( 0.000000000000000000, -1.000000000000000000, 0.000000000000000000 ) ) ;
#2120 = ORIENTED_EDGE ( 'NONE', *, *, #8071, .F. ) ;
#2121 = CARTESIAN_POINT ( 'NONE',  ( 2.500000000000001332, 0.1999999999999999833, 1.365000000000000435 ) ) ;
#2122 = DIRECTION ( 'NONE',  ( 0.000000000000000000, 0.000000000000000000, 1.000000000000000000 ) ) ;
#2123 = LINE ( 'NONE', #5477, #4253 ) ;
#2124 = PLANE ( 'NONE',  #4837 ) ;
#2125 = DIRECTION ( 'NONE',  ( -1.000000000000000000, 0.000000000000000000, 0.000000000000000000 ) ) ;
#2126 = DIRECTION ( 'NONE',  ( 0.000000000000000000, -1.000000000000000000, 0.000000000000000000 ) ) ;
#2127 = PRESENTATION_LAYER_ASSIGNMENT (  '', '', ( #2487 ) ) ;
#2128 = EDGE_CURVE ( 'NONE', #7852, #9881, #6578, .T. ) ;
#2129 = ORIENTED_EDGE ( 'NONE', *, *, #4435, .T. ) ;
#2130 = PLANE ( 'NONE',  #9575 ) ;
#2131 = DIRECTION ( 'NONE',  ( -0.000000000000000000, -1.000000000000000000, -0.000000000000000000 ) ) ;
#2132 = DIRECTION ( 'NONE',  ( 0.000000000000000000, -0.000000000000000000, 1.000000000000000000 ) ) ;
#2133 = CARTESIAN_POINT ( 'NONE',  ( 1.135000000000000897, 0.1999999999999999833, 2.500000000000001332 ) ) ;
#2134 = COLOUR_RGB ( '',0.7921568627450980005, 0.8196078431372548767, 0.9333333333333333481 ) ;
#2135 = CARTESIAN_POINT ( 'NONE',  ( -2.500000000000001332, 0.1999999999999999833, -0.1349999999999994815 ) ) ;
#2136 = DIRECTION ( 'NONE',  ( 0.000000000000000000, 0.000000000000000000, 1.000000000000000000 ) ) ;
#2137 = EDGE_CURVE ( 'NONE', #4219, #503, #1158, .T. ) ;
#2138 = CARTESIAN_POINT ( 'NONE',  ( -0.8649999999999992140, 0.000000000000000000, -2.500000000000001332 ) ) ;
#2139 = EDGE_CURVE ( 'NONE', #180, #1786, #2589, .T. ) ;
#2140 = EDGE_CURVE ( 'NONE', #10760, #4523, #6358, .T. ) ;
#2141 = ORIENTED_EDGE ( 'NONE', *, *, #7876, .F. ) ;
#2142 = VECTOR ( 'NONE', #7421, 1000.000000000000000 ) ;
#2143 = DIRECTION ( 'NONE',  ( 1.521687259628770718E-15, -0.000000000000000000, 1.000000000000000000 ) ) ;
#2144 = CARTESIAN_POINT ( 'NONE',  ( 2.215000000000000746, 0.000000000000000000, 1.865000000000000879 ) ) ;
#2145 = VECTOR ( 'NONE', #2484, 1000.000000000000000 ) ;
#2146 = DIRECTION ( 'NONE',  ( 0.000000000000000000, -0.000000000000000000, 1.000000000000000000 ) ) ;
#2147 = DIRECTION ( 'NONE',  ( 0.000000000000000000, -1.000000000000000000, 0.000000000000000000 ) ) ;
#2148 = EDGE_CURVE ( 'NONE', #8780, #7372, #1428, .T. ) ;
#2149 = ORIENTED_EDGE ( 'NONE', *, *, #6188, .T. ) ;
#2150 = DIRECTION ( 'NONE',  ( 0.000000000000000000, 1.000000000000000000, -0.000000000000000000 ) ) ;
#2151 = EDGE_CURVE ( 'NONE', #667, #4712, #7298, .T. ) ;
#2152 = MANIFOLD_SOLID_BREP ( 'LPattern4[4]', #8096 ) ;
#2153 = AXIS2_PLACEMENT_3D ( 'NONE', #4551, #3724, #2906 ) ;
#2154 = EDGE_CURVE ( 'NONE', #2473, #4, #9887, .T. ) ;
#2155 = CIRCLE ( 'NONE', #36, 0.2500000000000000000 ) ;
#2156 = AXIS2_PLACEMENT_3D ( 'NONE', #1419, #9105, #8984 ) ;
#2157 = VERTEX_POINT ( 'NONE', #2990 ) ;
#2158 = LINE ( 'NONE', #3922, #3741 ) ;
#2159 = ORIENTED_EDGE ( 'NONE', *, *, #957, .F. ) ;
#2160 = ORIENTED_EDGE ( 'NONE', *, *, #5510, .T. ) ;
#2161 = AXIS2_PLACEMENT_3D ( 'NONE', #8155, #9032, #3124 ) ;
#2162 = CARTESIAN_POINT ( 'NONE',  ( -1.864999999999999325, 0.2000000000000000111, 2.500000000000001332 ) ) ;
#2163 = VECTOR ( 'NONE', #3479, 1000.000000000000000 ) ;
#2164 = ORIENTED_EDGE ( 'NONE', *, *, #714, .F. ) ;
#2165 = ORIENTED_EDGE ( 'NONE', *, *, #485, .T. ) ;
#2166 = CARTESIAN_POINT ( 'NONE',  ( 1.865000000000000879, 0.04999999999999999584, -2.215000000000001190 ) ) ;
#2167 = FACE_OUTER_BOUND ( 'NONE', #3508, .T. ) ;
#2168 = VECTOR ( 'NONE', #2718, 1000.000000000000000 ) ;
#2169 = CARTESIAN_POINT ( 'NONE',  ( 0.2500000000000006661, 0.04999999999999999584, -2.215000000000001190 ) ) ;
#2170 = CIRCLE ( 'NONE', #1102, 0.1150000000000000883 ) ;
#2171 = ADVANCED_FACE ( 'NONE', ( #2326 ), #5684, .T. ) ;
#2172 = CARTESIAN_POINT ( 'NONE',  ( -0.3649999999999992140, 0.1999999999999999833, 2.500000000000001332 ) ) ;
#2173 = ADVANCED_FACE ( 'NONE', ( #2167 ), #4086, .T. ) ;
#2174 = ORIENTED_EDGE ( 'NONE', *, *, #8207, .F. ) ;
#2175 = VECTOR ( 'NONE', #2131, 1000.000000000000000 ) ;
#2176 = MANIFOLD_SOLID_BREP ( 'Boss-Extrude3[1]', #9517 ) ;
#2177 = VECTOR ( 'NONE', #3627, 1000.000000000000000 ) ;
#2178 = AXIS2_PLACEMENT_3D ( 'NONE', #5318, #10305, #807 ) ;
#2179 = EDGE_LOOP ( 'NONE', ( #10792, #10758, #4240, #10731 ) ) ;
#2180 = CARTESIAN_POINT ( 'NONE',  ( -0.2499999999999991396, 0.6614108798023734526, 2.215000000000001190 ) ) ;
#2181 = ORIENTED_EDGE ( 'NONE', *, *, #5022, .T. ) ;
#2182 = SURFACE_SIDE_STYLE ('',( #10571 ) ) ;
#2183 = DIRECTION ( 'NONE',  ( 0.000000000000000000, 1.000000000000000000, 0.000000000000000000 ) ) ;
#2184 = AXIS2_PLACEMENT_3D ( 'NONE', #2509, #7640, #3215 ) ;
#2185 = LINE ( 'NONE', #563, #6601 ) ;
#2186 = CARTESIAN_POINT ( 'NONE',  ( 1.635000000000000897, 0.04999999999999969746, -2.500000000000001332 ) ) ;
#2187 = DIRECTION ( 'NONE',  ( -0.000000000000000000, -1.000000000000000000, -0.000000000000000000 ) ) ;
#2188 = CARTESIAN_POINT ( 'NONE',  ( -2.500000000000002220, 0.1999999999999999833, 0.1349999999999999256 ) ) ;
#2189 = EDGE_CURVE ( 'NONE', #3195, #2580, #3710, .T. ) ;
#2190 = AXIS2_PLACEMENT_3D ( 'NONE', #9884, #3826, #1370 ) ;
#2191 = COLOUR_RGB ( '',0.7921568627450980005, 0.8196078431372548767, 0.9333333333333333481 ) ;
#2192 = VERTEX_POINT ( 'NONE', #1597 ) ;
#2193 = LINE ( 'NONE', #5541, #9022 ) ;
#2194 = DIRECTION ( 'NONE',  ( -1.000000000000000000, 0.000000000000000000, 0.000000000000000000 ) ) ;
#2195 = CARTESIAN_POINT ( 'NONE',  ( 0.8650000000000007683, 0.1999999999999999833, -2.215000000000001190 ) ) ;
#2196 = FACE_OUTER_BOUND ( 'NONE', #6647, .T. ) ;
#2197 = SURFACE_SIDE_STYLE ('',( #5716 ) ) ;
#2198 = LINE ( 'NONE', #8046, #7964 ) ;
#2199 = AXIS2_PLACEMENT_3D ( 'NONE', #3517, #4342, #9110 ) ;
#2200 = CARTESIAN_POINT ( 'NONE',  ( 2.215000000000000746, 0.6614108798023753399, 1.749999999999999112 ) ) ;
#2201 = VECTOR ( 'NONE', #1513, 1000.000000000000000 ) ;
#2202 = ORIENTED_EDGE ( 'NONE', *, *, #9166, .F. ) ;
#2203 = VERTEX_POINT ( 'NONE', #7679 ) ;
#2204 = EDGE_CURVE ( 'NONE', #9051, #1238, #10238, .T. ) ;
#2205 = CARTESIAN_POINT ( 'NONE',  ( -2.215000000000000746, 0.6614108798023753399, -1.634999999999999343 ) ) ;
#2206 = CARTESIAN_POINT ( 'NONE',  ( 1.135000000000000897, 0.2000000000000000111, -2.500000000000001332 ) ) ;
#2207 = FACE_OUTER_BOUND ( 'NONE', #10212, .T. ) ;
#2208 = FACE_OUTER_BOUND ( 'NONE', #7570, .T. ) ;
#2209 = CARTESIAN_POINT ( 'NONE',  ( -1.249999999999999112, 0.000000000000000000, 2.215000000000001190 ) ) ;
#2210 = EDGE_CURVE ( 'NONE', #818, #10173, #870, .T. ) ;
#2211 = ORIENTED_EDGE ( 'NONE', *, *, #7709, .F. ) ;
#2212 = LINE ( 'NONE', #6457, #733 ) ;
#2213 = ORIENTED_EDGE ( 'NONE', *, *, #1894, .T. ) ;
#2214 = VERTEX_POINT ( 'NONE', #5795 ) ;
#2215 = SURFACE_SIDE_STYLE ('',( #9052 ) ) ;
#2216 = CARTESIAN_POINT ( 'NONE',  ( -1.249999999999999334, 0.2000000000000000111, -2.215000000000001190 ) ) ;
#2217 = ORIENTED_EDGE ( 'NONE', *, *, #8812, .T. ) ;
#2218 = DIRECTION ( 'NONE',  ( 7.608436298143888101E-16, 0.000000000000000000, -1.000000000000000000 ) ) ;
#2219 = SURFACE_SIDE_STYLE ('',( #9789 ) ) ;
#2220 = DIRECTION ( 'NONE',  ( 0.000000000000000000, -1.000000000000000000, 0.000000000000000000 ) ) ;
#2221 = CARTESIAN_POINT ( 'NONE',  ( -1.134999999999999343, 0.04999999999999969746, 2.500000000000001332 ) ) ;
#2222 = VECTOR ( 'NONE', #2557, 1000.000000000000000 ) ;
#2223 = VECTOR ( 'NONE', #4584, 1000.000000000000000 ) ;
#2224 = ORIENTED_EDGE ( 'NONE', *, *, #8083, .T. ) ;
#2225 = ORIENTED_EDGE ( 'NONE', *, *, #6665, .F. ) ;
#2226 = VERTEX_POINT ( 'NONE', #6802 ) ;
#2227 = ORIENTED_EDGE ( 'NONE', *, *, #6416, .F. ) ;
#2228 = MANIFOLD_SOLID_BREP ( 'LPattern3[9]', #6684 ) ;
#2229 = ADVANCED_FACE ( 'NONE', ( #3478 ), #6681, .F. ) ;
#2230 = AXIS2_PLACEMENT_3D ( 'NONE', #9994, #645, #5780 ) ;
#2231 = ORIENTED_EDGE ( 'NONE', *, *, #5260, .T. ) ;
#2232 = EDGE_CURVE ( 'NONE', #5196, #9798, #10220, .T. ) ;
#2233 = ORIENTED_EDGE ( 'NONE', *, *, #5592, .T. ) ;
#2234 = CARTESIAN_POINT ( 'NONE',  ( 0.8650000000000007683, 0.000000000000000000, -2.215000000000001190 ) ) ;
#2235 = CARTESIAN_POINT ( 'NONE',  ( -2.500000000000002220, 0.6614108798023753399, 0.1349999999999999256 ) ) ;
#2236 = LINE ( 'NONE', #8786, #1732 ) ;
#2237 = DIRECTION ( 'NONE',  ( 1.000000000000000000, 0.000000000000000000, -7.608436298143875282E-16 ) ) ;
#2238 = DIRECTION ( 'NONE',  ( -0.000000000000000000, -1.000000000000000000, 0.000000000000000000 ) ) ;
#2239 = CARTESIAN_POINT ( 'NONE',  ( 2.215000000000000746, 0.6614108798023753399, 0.2499999999999991396 ) ) ;
#2240 = ORIENTED_EDGE ( 'NONE', *, *, #8479, .T. ) ;
#2241 = DIRECTION ( 'NONE',  ( 0.000000000000000000, -1.000000000000000000, 0.000000000000000000 ) ) ;
#2242 = LINE ( 'NONE', #10073, #8671 ) ;
#2243 = DIRECTION ( 'NONE',  ( 0.000000000000000000, -1.000000000000000000, 0.000000000000000000 ) ) ;
#2244 = PLANE ( 'NONE',  #9662 ) ;
#2245 = VECTOR ( 'NONE', #10092, 1000.000000000000000 ) ;
#2246 = MANIFOLD_SOLID_BREP ( 'LPattern3[12]', #5088 ) ;
#2247 = EDGE_CURVE ( 'NONE', #1891, #3083, #269, .T. ) ;
#2248 = DIRECTION ( 'NONE',  ( 0.000000000000000000, 0.000000000000000000, 1.000000000000000000 ) ) ;
#2249 = CARTESIAN_POINT ( 'NONE',  ( -5.554158497644956528E-16, 0.05000000000000000278, -0.3649999999999962719 ) ) ;
#2250 = EDGE_LOOP ( 'NONE', ( #3875, #6522, #8816, #9506, #2267 ) ) ;
#2251 = ORIENTED_EDGE ( 'NONE', *, *, #527, .F. ) ;
#2252 = VECTOR ( 'NONE', #4507, 1000.000000000000000 ) ;
#2253 = DIRECTION ( 'NONE',  ( -1.000000000000000000, 0.000000000000000000, 0.000000000000000000 ) ) ;
#2254 = LINE ( 'NONE', #10827, #5768 ) ;
#2255 = CARTESIAN_POINT ( 'NONE',  ( 1.250000000000000888, 0.04999999999999999584, 2.215000000000001190 ) ) ;
#2256 = CARTESIAN_POINT ( 'NONE',  ( 1.750000000000000888, 0.000000000000000000, 2.100000000000000977 ) ) ;
#2257 = LINE ( 'NONE', #8159, #1062 ) ;
#2258 =( NAMED_UNIT ( * ) PLANE_ANGLE_UNIT ( ) SI_UNIT ( $, .RADIAN. ) );
#2259 = VECTOR ( 'NONE', #1596, 1000.000000000000000 ) ;
#2260 = ORIENTED_EDGE ( 'NONE', *, *, #452, .T. ) ;
#2261 = CARTESIAN_POINT ( 'NONE',  ( 0.3650000000000007683, 0.2000000000000000111, 2.215000000000001190 ) ) ;
#2262 = EDGE_LOOP ( 'NONE', ( #459, #5802, #8734, #3030 ) ) ;
#2263 = EDGE_CURVE ( 'NONE', #8150, #2727, #7563, .T. ) ;
#2264 = ORIENTED_EDGE ( 'NONE', *, *, #8358, .F. ) ;
#2265 = DIRECTION ( 'NONE',  ( 0.000000000000000000, 1.000000000000000000, 0.000000000000000000 ) ) ;
#2266 = VERTEX_POINT ( 'NONE', #3640 ) ;
#2267 = ORIENTED_EDGE ( 'NONE', *, *, #10787, .F. ) ;
#2268 = CARTESIAN_POINT ( 'NONE',  ( -2.215000000000000746, 0.6614108798023753399, 0.7500000000000002220 ) ) ;
#2269 = CARTESIAN_POINT ( 'NONE',  ( -0.6349999999999992317, 0.000000000000000000, -2.215000000000001190 ) ) ;
#2270 = VERTEX_POINT ( 'NONE', #9499 ) ;
#2271 = CARTESIAN_POINT ( 'NONE',  ( 1.250000000000000666, 0.2000000000000000111, -2.215000000000001190 ) ) ;
#2272 =( NAMED_UNIT ( * ) SI_UNIT ( $, .STERADIAN. ) SOLID_ANGLE_UNIT ( ) );
#2273 = DIRECTION ( 'NONE',  ( -0.000000000000000000, -1.000000000000000000, -0.000000000000000000 ) ) ;
#2274 = DIRECTION ( 'NONE',  ( -0.000000000000000000, -1.000000000000000000, -0.000000000000000000 ) ) ;
#2275 = EDGE_CURVE ( 'NONE', #6848, #4239, #7842, .T. ) ;
#2276 = EDGE_CURVE ( 'NONE', #2386, #9740, #7011, .T. ) ;
#2277 = ORIENTED_EDGE ( 'NONE', *, *, #4574, .T. ) ;
#2278 = ORIENTED_EDGE ( 'NONE', *, *, #8973, .T. ) ;
#2279 = ADVANCED_FACE ( 'NONE', ( #7943 ), #8706, .T. ) ;
#2280 = ORIENTED_EDGE ( 'NONE', *, *, #8745, .F. ) ;
#2281 = ORIENTED_EDGE ( 'NONE', *, *, #5542, .T. ) ;
#2282 = AXIS2_PLACEMENT_3D ( 'NONE', #4581, #1322, #8887 ) ;
#2283 =( NAMED_UNIT ( * ) SI_UNIT ( $, .STERADIAN. ) SOLID_ANGLE_UNIT ( ) );
#2284 = ORIENTED_EDGE ( 'NONE', *, *, #3988, .T. ) ;
#2285 = DIRECTION ( 'NONE',  ( 0.000000000000000000, -1.000000000000000000, 0.000000000000000000 ) ) ;
#2286 = LINE ( 'NONE', #3273, #6102 ) ;
#2287 = LINE ( 'NONE', #10573, #1202 ) ;
#2288 = CARTESIAN_POINT ( 'NONE',  ( -1.749999999999999112, 0.6614108798023734526, 2.100000000000000977 ) ) ;
#2289 = CARTESIAN_POINT ( 'NONE',  ( 1.365000000000000657, 0.000000000000000000, 2.500000000000001332 ) ) ;
#2290 = EDGE_CURVE ( 'NONE', #7862, #6467, #2926, .T. ) ;
#2291 = DIRECTION ( 'NONE',  ( 0.000000000000000000, 0.000000000000000000, -1.000000000000000000 ) ) ;
#2292 = VERTEX_POINT ( 'NONE', #373 ) ;
#2293 = EDGE_LOOP ( 'NONE', ( #7348, #7450, #1047, #398 ) ) ;
#2294 = ADVANCED_FACE ( 'NONE', ( #4353 ), #3753, .T. ) ;
#2295 = ORIENTED_EDGE ( 'NONE', *, *, #8881, .T. ) ;
#2296 = DIRECTION ( 'NONE',  ( 0.000000000000000000, 0.000000000000000000, 1.000000000000000000 ) ) ;
#2297 = CARTESIAN_POINT ( 'NONE',  ( 2.500000000000002220, 0.1999999999999999833, -0.3650000000000001021 ) ) ;
#2298 = CARTESIAN_POINT ( 'NONE',  ( -1.749999999999999334, 0.2000000000000000111, -2.215000000000001190 ) ) ;
#2299 = LINE ( 'NONE', #9018, #3312 ) ;
#2300 =( LENGTH_UNIT ( ) NAMED_UNIT ( * ) SI_UNIT ( .MILLI., .METRE. ) );
#2301 = MANIFOLD_SOLID_BREP ( 'LPattern4[8]', #7044 ) ;
#2302 = CARTESIAN_POINT ( 'NONE',  ( -2.215000000000000746, 0.1999999999999999833, -1.249999999999999778 ) ) ;
#2303 = DIRECTION ( 'NONE',  ( 0.000000000000000000, 0.000000000000000000, -1.000000000000000000 ) ) ;
#2304 = ORIENTED_EDGE ( 'NONE', *, *, #8648, .T. ) ;
#2305 =( GEOMETRIC_REPRESENTATION_CONTEXT ( 3 ) GLOBAL_UNCERTAINTY_ASSIGNED_CONTEXT ( ( #3570 ) ) GLOBAL_UNIT_ASSIGNED_CONTEXT ( ( #8906, #5537, #7204 ) ) REPRESENTATION_CONTEXT ( 'NONE', 'WORKASPACE' ) );
#2306 = DIRECTION ( 'NONE',  ( 0.000000000000000000, 0.000000000000000000, 1.000000000000000000 ) ) ;
#2307 = DIRECTION ( 'NONE',  ( 0.000000000000000000, -0.000000000000000000, 1.000000000000000000 ) ) ;
#2308 = DIRECTION ( 'NONE',  ( 0.000000000000000000, -1.000000000000000000, 0.000000000000000000 ) ) ;
#2309 = CARTESIAN_POINT ( 'NONE',  ( 0.1350000000000007860, 0.2000000000000000111, 2.500000000000001332 ) ) ;
#2310 = DIRECTION ( 'NONE',  ( 3.771137991253918417E-15, 0.000000000000000000, -1.000000000000000000 ) ) ;
#2311 = CARTESIAN_POINT ( 'NONE',  ( 0.000000000000000000, 0.000000000000000000, 0.000000000000000000 ) ) ;
#2312 = ORIENTED_EDGE ( 'NONE', *, *, #3081, .F. ) ;
#2313 = DIRECTION ( 'NONE',  ( 0.000000000000000000, 0.000000000000000000, -1.000000000000000000 ) ) ;
#2314 = CIRCLE ( 'NONE', #8472, 0.1150000000000001993 ) ;
#2315 = EDGE_CURVE ( 'NONE', #291, #9569, #10499, .T. ) ;
#2316 = VECTOR ( 'NONE', #3170, 1000.000000000000000 ) ;
#2317 = ORIENTED_EDGE ( 'NONE', *, *, #3728, .F. ) ;
#2318 = LINE ( 'NONE', #10600, #9926 ) ;
#2319 = ORIENTED_EDGE ( 'NONE', *, *, #9247, .F. ) ;
#2320 = VERTEX_POINT ( 'NONE', #9620 ) ;
#2321 = DIRECTION ( 'NONE',  ( 0.000000000000000000, -0.000000000000000000, 1.000000000000000000 ) ) ;
#2322 = PLANE ( 'NONE',  #1688 ) ;
#2323 = DIRECTION ( 'NONE',  ( 0.000000000000000000, -0.000000000000000000, 1.000000000000000000 ) ) ;
#2324 = CIRCLE ( 'NONE', #1077, 0.1150000000000000883 ) ;
#2325 = LINE ( 'NONE', #5683, #139 ) ;
#2326 = FACE_OUTER_BOUND ( 'NONE', #3263, .T. ) ;
#2327 = LINE ( 'NONE', #6415, #6573 ) ;
#2328 = CARTESIAN_POINT ( 'NONE',  ( 2.215000000000000746, 0.1999999999999999833, -1.250000000000000888 ) ) ;
#2329 = AXIS2_PLACEMENT_3D ( 'NONE', #1728, #2575, #834 ) ;
#2330 = ORIENTED_EDGE ( 'NONE', *, *, #4748, .F. ) ;
#2331 = ORIENTED_EDGE ( 'NONE', *, *, #9356, .T. ) ;
#2332 = ORIENTED_EDGE ( 'NONE', *, *, #8412, .F. ) ;
#2333 = MANIFOLD_SOLID_BREP ( 'LPattern3[14]', #5441 ) ;
#2334 = VECTOR ( 'NONE', #10411, 1000.000000000000000 ) ;
#2335 = EDGE_CURVE ( 'NONE', #8004, #9932, #5557, .T. ) ;
#2336 = ORIENTED_EDGE ( 'NONE', *, *, #5221, .T. ) ;
#2337 = SURFACE_SIDE_STYLE ('',( #9121 ) ) ;
#2338 = AXIS2_PLACEMENT_3D ( 'NONE', #5469, #6153, #8826 ) ;
#2339 = CIRCLE ( 'NONE', #9423, 0.1150000000000002964 ) ;
#2340 = ORIENTED_EDGE ( 'NONE', *, *, #3353, .T. ) ;
#2341 = CARTESIAN_POINT ( 'NONE',  ( 1.750000000000000222, 0.000000000000000000, -1.634999999999998899 ) ) ;
#2342 = FACE_OUTER_BOUND ( 'NONE', #442, .T. ) ;
#2343 = CARTESIAN_POINT ( 'NONE',  ( 0.7500000000000006661, 0.2000000000000000111, -2.215000000000001190 ) ) ;
#2344 = DIRECTION ( 'NONE',  ( 1.000000000000000000, 0.000000000000000000, -3.771137991253918417E-15 ) ) ;
#2345 = DIRECTION ( 'NONE',  ( -0.000000000000000000, -1.000000000000000000, -0.000000000000000000 ) ) ;
#2346 = ADVANCED_FACE ( 'NONE', ( #1041 ), #1257, .F. ) ;
#2347 = VECTOR ( 'NONE', #4605, 1000.000000000000000 ) ;
#2348 = CARTESIAN_POINT ( 'NONE',  ( 1.250000000000000888, 0.2000000000000000111, 2.215000000000001190 ) ) ;
#2349 = CIRCLE ( 'NONE', #3209, 0.1150000000000000883 ) ;
#2350 = ORIENTED_EDGE ( 'NONE', *, *, #1228, .F. ) ;
#2351 = AXIS2_PLACEMENT_3D ( 'NONE', #4076, #10713, #6347 ) ;
#2352 = VECTOR ( 'NONE', #5124, 1000.000000000000000 ) ;
#2353 = ORIENTED_EDGE ( 'NONE', *, *, #3280, .F. ) ;
#2354 = VECTOR ( 'NONE', #2285, 1000.000000000000000 ) ;
#2355 = EDGE_CURVE ( 'NONE', #3646, #1633, #2257, .T. ) ;
#2356 = DIRECTION ( 'NONE',  ( 3.771137991253918417E-15, 0.000000000000000000, -1.000000000000000000 ) ) ;
#2357 = VECTOR ( 'NONE', #3323, 1000.000000000000000 ) ;
#2358 = ORIENTED_EDGE ( 'NONE', *, *, #6895, .F. ) ;
#2359 = LINE ( 'NONE', #6486, #5154 ) ;
#2360 = CARTESIAN_POINT ( 'NONE',  ( 0.8650000000000007683, 0.1999999999999999833, -2.500000000000001332 ) ) ;
#2361 = DIRECTION ( 'NONE',  ( 0.000000000000000000, 1.000000000000000000, 0.000000000000000000 ) ) ;
#2362 = DIRECTION ( 'NONE',  ( 0.000000000000000000, -1.000000000000000000, 0.000000000000000000 ) ) ;
#2363 = MANIFOLD_SOLID_BREP ( 'LPattern4[9]', #10568 ) ;
#2364 = VECTOR ( 'NONE', #9334, 1000.000000000000000 ) ;
#2365 = FACE_OUTER_BOUND ( 'NONE', #324, .T. ) ;
#2366 = ADVANCED_FACE ( 'NONE', ( #9713 ), #10768, .T. ) ;
#2367 = DIRECTION ( 'NONE',  ( -7.608436298143888101E-16, 0.000000000000000000, 1.000000000000000000 ) ) ;
#2368 = ORIENTED_EDGE ( 'NONE', *, *, #10784, .T. ) ;
#2369 = ORIENTED_EDGE ( 'NONE', *, *, #4902, .F. ) ;
#2370 = MECHANICAL_DESIGN_GEOMETRIC_PRESENTATION_REPRESENTATION (  '', ( #6593 ), #5342 ) ;
#2371 = AXIS2_PLACEMENT_3D ( 'NONE', #2268, #606, #3982 ) ;
#2372 = ORIENTED_EDGE ( 'NONE', *, *, #4335, .F. ) ;
#2373 = ADVANCED_FACE ( 'NONE', ( #8926, #8874 ), #1361, .T. ) ;
#2374 = DIRECTION ( 'NONE',  ( -1.000000000000000000, 0.000000000000000000, 1.521687259628770718E-15 ) ) ;
#2375 = MECHANICAL_DESIGN_GEOMETRIC_PRESENTATION_REPRESENTATION (  '', ( #1135 ), #5893 ) ;
#2376 = DIRECTION ( 'NONE',  ( 0.000000000000000000, 0.000000000000000000, -1.000000000000000000 ) ) ;
#2377 = EDGE_CURVE ( 'NONE', #4068, #5916, #4728, .T. ) ;
#2378 = DIRECTION ( 'NONE',  ( 0.000000000000000000, -1.000000000000000000, 0.000000000000000000 ) ) ;
#2379 = AXIS2_PLACEMENT_3D ( 'NONE', #1457, #4831, #8196 ) ;
#2380 = CARTESIAN_POINT ( 'NONE',  ( 0.2500000000000008882, 0.04999999999999999584, 2.100000000000000977 ) ) ;
#2381 = CARTESIAN_POINT ( 'NONE',  ( 0.000000000000000000, 1.000000000000000000, 0.000000000000000000 ) ) ;
#2382 = PLANE ( 'NONE',  #2351 ) ;
#2383 = MANIFOLD_SOLID_BREP ( 'LPattern3[1]', #4916 ) ;
#2384 = VECTOR ( 'NONE', #138, 1000.000000000000000 ) ;
#2385 = ORIENTED_EDGE ( 'NONE', *, *, #7690, .T. ) ;
#2386 = VERTEX_POINT ( 'NONE', #757 ) ;
#2387 = FACE_OUTER_BOUND ( 'NONE', #906, .T. ) ;
#2388 = ADVANCED_FACE ( 'NONE', ( #9996 ), #9940, .T. ) ;
#2389 = ORIENTED_EDGE ( 'NONE', *, *, #5260, .F. ) ;
#2390 = PRESENTATION_STYLE_ASSIGNMENT (( #4857 ) ) ;
#2391 = DIRECTION ( 'NONE',  ( -0.000000000000000000, -1.000000000000000000, -0.000000000000000000 ) ) ;
#2392 = ORIENTED_EDGE ( 'NONE', *, *, #598, .F. ) ;
#2393 = LINE ( 'NONE', #610, #835 ) ;
#2394 = DIRECTION ( 'NONE',  ( 0.000000000000000000, 0.000000000000000000, -1.000000000000000000 ) ) ;
#2395 = DIRECTION ( 'NONE',  ( 0.000000000000000000, -1.000000000000000000, 0.000000000000000000 ) ) ;
#2396 = PLANE ( 'NONE',  #1806 ) ;
#2397 = EDGE_CURVE ( 'NONE', #2524, #10560, #4591, .T. ) ;
#2398 = ORIENTED_EDGE ( 'NONE', *, *, #6474, .F. ) ;
#2399 = ORIENTED_EDGE ( 'NONE', *, *, #9473, .T. ) ;
#2400 = VERTEX_POINT ( 'NONE', #6622 ) ;
#2401 = ORIENTED_EDGE ( 'NONE', *, *, #3345, .F. ) ;
#2402 = FILL_AREA_STYLE_COLOUR ( '', #5337 ) ;
#2403 = ORIENTED_EDGE ( 'NONE', *, *, #10494, .F. ) ;
#2404 = FILL_AREA_STYLE ('',( #947 ) ) ;
#2405 = CIRCLE ( 'NONE', #3809, 0.1150000000000002964 ) ;
#2406 = CARTESIAN_POINT ( 'NONE',  ( -1.749999999999999112, 0.2000000000000000111, 2.215000000000001190 ) ) ;
#2407 = FACE_OUTER_BOUND ( 'NONE', #4582, .T. ) ;
#2408 = LINE ( 'NONE', #9801, #6382 ) ;
#2409 = DIRECTION ( 'NONE',  ( -1.000000000000000000, 0.000000000000000000, 0.000000000000000000 ) ) ;
#2410 = EDGE_LOOP ( 'NONE', ( #1604, #1849, #10385, #7273 ) ) ;
#2411 = VERTEX_POINT ( 'NONE', #1530 ) ;
#2412 = VECTOR ( 'NONE', #3362, 1000.000000000000000 ) ;
#2413 = VECTOR ( 'NONE', #6464, 1000.000000000000000 ) ;
#2414 = ORIENTED_EDGE ( 'NONE', *, *, #10672, .F. ) ;
#2415 = CARTESIAN_POINT ( 'NONE',  ( 0.3650000000000007683, 0.6614108798023734526, -2.215000000000001190 ) ) ;
#2416 = ORIENTED_EDGE ( 'NONE', *, *, #6975, .F. ) ;
#2417 = DIRECTION ( 'NONE',  ( 3.771137991253918417E-15, -0.000000000000000000, 1.000000000000000000 ) ) ;
#2418 = LINE ( 'NONE', #8965, #4077 ) ;
#2419 =( NAMED_UNIT ( * ) SI_UNIT ( $, .STERADIAN. ) SOLID_ANGLE_UNIT ( ) );
#2420 = LINE ( 'NONE', #581, #728 ) ;
#2421 = CARTESIAN_POINT ( 'NONE',  ( -1.364999999999999547, 0.1999999999999999833, -2.215000000000001190 ) ) ;
#2422 = ORIENTED_EDGE ( 'NONE', *, *, #3547, .T. ) ;
#2423 = EDGE_CURVE ( 'NONE', #172, #2723, #2433, .T. ) ;
#2424 = EDGE_CURVE ( 'NONE', #6520, #10746, #5782, .T. ) ;
#2425 = EDGE_LOOP ( 'NONE', ( #10668, #6091, #4633, #1652 ) ) ;
#2426 = ORIENTED_EDGE ( 'NONE', *, *, #9717, .F. ) ;
#2427 = EDGE_CURVE ( 'NONE', #766, #9698, #7442, .T. ) ;
#2428 = VECTOR ( 'NONE', #10153, 1000.000000000000000 ) ;
#2429 = DIRECTION ( 'NONE',  ( -1.000000000000000000, 0.000000000000000000, -7.608436298143875282E-16 ) ) ;
#2430 = CARTESIAN_POINT ( 'NONE',  ( -1.749999999999999778, 0.2000000000000000111, -0.8561231671485025618 ) ) ;
#2431 = LINE ( 'NONE', #6496, #3278 ) ;
#2432 = CARTESIAN_POINT ( 'NONE',  ( 1.635000000000000897, 0.2000000000000000111, 2.500000000000001332 ) ) ;
#2433 = LINE ( 'NONE', #4138, #5111 ) ;
#2434 = DIRECTION ( 'NONE',  ( -1.000000000000000000, 0.000000000000000000, -7.608436298143875282E-16 ) ) ;
#2435 = ORIENTED_EDGE ( 'NONE', *, *, #2355, .T. ) ;
#2436 = AXIS2_PLACEMENT_3D ( 'NONE', #7599, #4134, #1579 ) ;
#2437 = MANIFOLD_SOLID_BREP ( 'LPattern3[11]', #1924 ) ;
#2438 = VERTEX_POINT ( 'NONE', #6790 ) ;
#2439 = ADVANCED_FACE ( 'NONE', ( #5950 ), #10830, .T. ) ;
#2440 = ORIENTED_EDGE ( 'NONE', *, *, #1873, .T. ) ;
#2441 = CARTESIAN_POINT ( 'NONE',  ( 2.215000000000000746, 0.6614108798023753399, -0.6349999999999992317 ) ) ;
#2442 = ORIENTED_EDGE ( 'NONE', *, *, #5221, .F. ) ;
#2443 = CARTESIAN_POINT ( 'NONE',  ( 2.500000000000001332, 0.6614108798023753399, 0.8650000000000005462 ) ) ;
#2444 = VECTOR ( 'NONE', #949, 1000.000000000000000 ) ;
#2445 = DIRECTION ( 'NONE',  ( 1.000000000000000000, 0.000000000000000000, 7.608436298143888101E-16 ) ) ;
#2446 = VERTEX_POINT ( 'NONE', #9149 ) ;
#2447 = DIRECTION ( 'NONE',  ( 1.000000000000000000, 0.000000000000000000, 7.608436298143888101E-16 ) ) ;
#2448 = DIRECTION ( 'NONE',  ( 0.000000000000000000, 0.000000000000000000, -1.000000000000000000 ) ) ;
#2449 = CARTESIAN_POINT ( 'NONE',  ( -2.500000000000000444, 0.05000000000000000278, 2.499999999999999556 ) ) ;
#2450 = ORIENTED_EDGE ( 'NONE', *, *, #3293, .F. ) ;
#2451 = ORIENTED_EDGE ( 'NONE', *, *, #1388, .T. ) ;
#2452 = VERTEX_POINT ( 'NONE', #6720 ) ;
#2453 = EDGE_CURVE ( 'NONE', #237, #10623, #6898, .T. ) ;
#2454 = ORIENTED_EDGE ( 'NONE', *, *, #9522, .F. ) ;
#2455 = PRESENTATION_STYLE_ASSIGNMENT (( #10016 ) ) ;
#2456 = ORIENTED_EDGE ( 'NONE', *, *, #10854, .F. ) ;
#2457 = DIRECTION ( 'NONE',  ( 0.000000000000000000, -1.000000000000000000, 0.000000000000000000 ) ) ;
#2458 = CARTESIAN_POINT ( 'NONE',  ( -2.215000000000000746, 0.000000000000000000, 0.2500000000000002220 ) ) ;
#2459 = CARTESIAN_POINT ( 'NONE',  ( 2.215000000000000746, 0.000000000000000000, -1.634999999999999343 ) ) ;
#2460 = CYLINDRICAL_SURFACE ( 'NONE', #9372, 0.1150000000000000883 ) ;
#2461 = ORIENTED_EDGE ( 'NONE', *, *, #10199, .F. ) ;
#2462 = EDGE_CURVE ( 'NONE', #514, #6663, #2482, .T. ) ;
#2463 = ORIENTED_EDGE ( 'NONE', *, *, #8372, .F. ) ;
#2464 = DIRECTION ( 'NONE',  ( 0.000000000000000000, 0.000000000000000000, 1.000000000000000000 ) ) ;
#2465 = ORIENTED_EDGE ( 'NONE', *, *, #4624, .T. ) ;
#2466 = CARTESIAN_POINT ( 'NONE',  ( 2.499999999999999556, 0.9999999999999991118, 2.499999999999998668 ) ) ;
#2467 = LINE ( 'NONE', #4765, #10427 ) ;
#2468 = DIRECTION ( 'NONE',  ( -0.000000000000000000, -1.000000000000000000, -0.000000000000000000 ) ) ;
#2469 = MANIFOLD_SOLID_BREP ( 'LPattern4[7]', #2805 ) ;
#2470 = CARTESIAN_POINT ( 'NONE',  ( 2.215000000000000746, 0.6614108798023753399, 0.7499999999999991118 ) ) ;
#2471 = EDGE_CURVE ( 'NONE', #3820, #1653, #2076, .T. ) ;
#2472 = DIRECTION ( 'NONE',  ( 0.000000000000000000, 0.000000000000000000, 1.000000000000000000 ) ) ;
#2473 = VERTEX_POINT ( 'NONE', #8430 ) ;
#2474 = EDGE_LOOP ( 'NONE', ( #10225, #15, #2278, #4816 ) ) ;
#2475 = ORIENTED_EDGE ( 'NONE', *, *, #7001, .T. ) ;
#2476 = DIRECTION ( 'NONE',  ( 3.771137991253918417E-15, -0.000000000000000000, 1.000000000000000000 ) ) ;
#2477 = ADVANCED_FACE ( 'NONE', ( #8034 ), #6003, .F. ) ;
#2478 = UNCERTAINTY_MEASURE_WITH_UNIT (LENGTH_MEASURE( 1.000000000000000082E-05 ), #1553, 'distance_accuracy_value', 'NONE');
#2479 = DIRECTION ( 'NONE',  ( -0.000000000000000000, -1.000000000000000000, -0.000000000000000000 ) ) ;
#2480 = PLANE ( 'NONE',  #8163 ) ;
#2481 = CARTESIAN_POINT ( 'NONE',  ( -1.749999999999999112, 0.000000000000000000, 2.215000000000001190 ) ) ;
#2482 = LINE ( 'NONE', #1699, #10421 ) ;
#2483 = ADVANCED_FACE ( 'NONE', ( #3725 ), #10575, .T. ) ;
#2484 = DIRECTION ( 'NONE',  ( 3.771137991253918417E-15, 0.000000000000000000, -1.000000000000000000 ) ) ;
#2485 = EDGE_CURVE ( 'NONE', #3718, #8307, #2155, .T. ) ;
#2486 = ORIENTED_EDGE ( 'NONE', *, *, #4570, .T. ) ;
#2487 = STYLED_ITEM ( 'NONE', ( #10847 ), #2246 ) ;
#2488 = EDGE_LOOP ( 'NONE', ( #2018, #10690, #8985, #6584 ) ) ;
#2489 = PLANE ( 'NONE',  #3564 ) ;
#2490 = ORIENTED_EDGE ( 'NONE', *, *, #5911, .T. ) ;
#2491 = ORIENTED_EDGE ( 'NONE', *, *, #8134, .F. ) ;
#2492 = ADVANCED_FACE ( 'NONE', ( #8540 ), #9431, .F. ) ;
#2493 = LINE ( 'NONE', #6799, #1118 ) ;
#2494 = DIRECTION ( 'NONE',  ( -0.000000000000000000, -1.000000000000000000, -0.000000000000000000 ) ) ;
#2495 = LINE ( 'NONE', #1760, #4026 ) ;
#2496 = DIRECTION ( 'NONE',  ( -0.000000000000000000, -1.000000000000000000, -0.000000000000000000 ) ) ;
#2497 = DIRECTION ( 'NONE',  ( -0.000000000000000000, 0.000000000000000000, 1.000000000000000000 ) ) ;
#2498 = CARTESIAN_POINT ( 'NONE',  ( 2.499999999999999556, 0.05000000000000000278, 2.499999999999998668 ) ) ;
#2499 = CIRCLE ( 'NONE', #3901, 0.1150000000000001993 ) ;
#2500 = ORIENTED_EDGE ( 'NONE', *, *, #7734, .T. ) ;
#2501 = ORIENTED_EDGE ( 'NONE', *, *, #5911, .F. ) ;
#2502 = DIRECTION ( 'NONE',  ( 0.000000000000000000, -0.000000000000000000, 1.000000000000000000 ) ) ;
#2503 = ORIENTED_EDGE ( 'NONE', *, *, #9838, .F. ) ;
#2504 = ORIENTED_EDGE ( 'NONE', *, *, #1594, .F. ) ;
#2505 = VECTOR ( 'NONE', #10143, 1000.000000000000000 ) ;
#2506 = DIRECTION ( 'NONE',  ( 0.000000000000000000, 0.000000000000000000, -1.000000000000000000 ) ) ;
#2507 = EDGE_CURVE ( 'NONE', #10746, #5657, #9647, .T. ) ;
#2508 = EDGE_LOOP ( 'NONE', ( #10551, #1561, #5003, #876 ) ) ;
#2509 = CARTESIAN_POINT ( 'NONE',  ( -0.7499999999999993339, 0.04999999999999999584, -2.215000000000001190 ) ) ;
#2510 = DIRECTION ( 'NONE',  ( 1.000000000000000000, 0.000000000000000000, -1.734723475976807341E-16 ) ) ;
#2511 = AXIS2_PLACEMENT_3D ( 'NONE', #3684, #7833, #7051 ) ;
#2512 = CYLINDRICAL_SURFACE ( 'NONE', #7082, 0.1150000000000000883 ) ;
#2513 = CARTESIAN_POINT ( 'NONE',  ( -0.1349999999999992595, 0.2000000000000000111, -2.500000000000001332 ) ) ;
#2514 = ADVANCED_FACE ( 'NONE', ( #4707 ), #1291, .T. ) ;
#2515 = FACE_OUTER_BOUND ( 'NONE', #7554, .T. ) ;
#2516 = ORIENTED_EDGE ( 'NONE', *, *, #6975, .T. ) ;
#2517 = EDGE_LOOP ( 'NONE', ( #9452, #486, #10103, #2691 ) ) ;
#2518 = VECTOR ( 'NONE', #1639, 1000.000000000000000 ) ;
#2519 = VECTOR ( 'NONE', #8128, 1000.000000000000000 ) ;
#2520 = VECTOR ( 'NONE', #5479, 1000.000000000000000 ) ;
#2521 = CIRCLE ( 'NONE', #1619, 0.1150000000000000883 ) ;
#2522 = EDGE_LOOP ( 'NONE', ( #7500, #3994, #5903, #227 ) ) ;
#2523 = LINE ( 'NONE', #2415, #3956 ) ;
#2524 = VERTEX_POINT ( 'NONE', #8086 ) ;
#2525 = PLANE ( 'NONE',  #8853 ) ;
#2526 = ADVANCED_FACE ( 'NONE', ( #2955 ), #8844, .F. ) ;
#2527 = DIRECTION ( 'NONE',  ( 1.000000000000000000, 0.000000000000000000, -0.000000000000000000 ) ) ;
#2528 = FACE_OUTER_BOUND ( 'NONE', #9009, .T. ) ;
#2529 = VECTOR ( 'NONE', #287, 1000.000000000000000 ) ;
#2530 = LINE ( 'NONE', #7657, #5847 ) ;
#2531 = AXIS2_PLACEMENT_3D ( 'NONE', #6361, #8022, #6514 ) ;
#2532 = AXIS2_PLACEMENT_3D ( 'NONE', #4710, #8193, #8960 ) ;
#2533 = LINE ( 'NONE', #6611, #571 ) ;
#2534 = VERTEX_POINT ( 'NONE', #10530 ) ;
#2535 = EDGE_CURVE ( 'NONE', #7031, #4712, #7721, .T. ) ;
#2536 = VECTOR ( 'NONE', #3165, 1000.000000000000000 ) ;
#2537 = VERTEX_POINT ( 'NONE', #151 ) ;
#2538 = MECHANICAL_DESIGN_GEOMETRIC_PRESENTATION_REPRESENTATION (  '', ( #5163 ), #4484 ) ;
#2539 = MECHANICAL_DESIGN_GEOMETRIC_PRESENTATION_REPRESENTATION (  '', ( #3224 ), #4456 ) ;
#2540 = CIRCLE ( 'NONE', #4285, 0.1150000000000000883 ) ;
#2541 = DIRECTION ( 'NONE',  ( -0.000000000000000000, -1.000000000000000000, -0.000000000000000000 ) ) ;
#2542 = LINE ( 'NONE', #8425, #750 ) ;
#2543 = FACE_OUTER_BOUND ( 'NONE', #7182, .T. ) ;
#2544 = CARTESIAN_POINT ( 'NONE',  ( 2.215000000000000746, 0.6614108798023753399, 1.865000000000000879 ) ) ;
#2545 = DIRECTION ( 'NONE',  ( -0.000000000000000000, -1.000000000000000000, 0.000000000000000000 ) ) ;
#2546 =( GEOMETRIC_REPRESENTATION_CONTEXT ( 3 ) GLOBAL_UNCERTAINTY_ASSIGNED_CONTEXT ( ( #694 ) ) GLOBAL_UNIT_ASSIGNED_CONTEXT ( ( #1670, #1723, #9236 ) ) REPRESENTATION_CONTEXT ( 'NONE', 'WORKASPACE' ) );
#2547 = FACE_OUTER_BOUND ( 'NONE', #5190, .T. ) ;
#2548 = VECTOR ( 'NONE', #3750, 1000.000000000000000 ) ;
#2549 = VERTEX_POINT ( 'NONE', #3519 ) ;
#2550 = ADVANCED_FACE ( 'NONE', ( #4660 ), #464, .T. ) ;
#2551 = ORIENTED_EDGE ( 'NONE', *, *, #10147, .T. ) ;
#2552 = AXIS2_PLACEMENT_3D ( 'NONE', #8604, #9513, #1000 ) ;
#2553 = CARTESIAN_POINT ( 'NONE',  ( -1.364999999999999325, 0.2000000000000000111, 2.500000000000001332 ) ) ;
#2554 = CIRCLE ( 'NONE', #3248, 0.1150000000000000883 ) ;
#2555 = EDGE_LOOP ( 'NONE', ( #8283, #10930, #1107, #5751 ) ) ;
#2556 = CARTESIAN_POINT ( 'NONE',  ( -1.134999999999999343, 0.2000000000000000111, 2.500000000000001332 ) ) ;
#2557 = DIRECTION ( 'NONE',  ( -0.000000000000000000, -1.000000000000000000, -0.000000000000000000 ) ) ;
#2558 = EDGE_LOOP ( 'NONE', ( #7516, #6115, #2052, #4126 ) ) ;
#2559 = LINE ( 'NONE', #9379, #6852 ) ;
#2560 = CARTESIAN_POINT ( 'NONE',  ( -2.500000000000001332, 0.1999999999999999833, -1.134999999999999565 ) ) ;
#2561 = FACE_OUTER_BOUND ( 'NONE', #6987, .T. ) ;
#2562 = VECTOR ( 'NONE', #2967, 1000.000000000000000 ) ;
#2563 = DIRECTION ( 'NONE',  ( 0.000000000000000000, 0.000000000000000000, -1.000000000000000000 ) ) ;
#2564 = PRESENTATION_LAYER_ASSIGNMENT (  '', '', ( #5163 ) ) ;
#2565 = EDGE_CURVE ( 'NONE', #2819, #1109, #10804, .T. ) ;
#2566 = EDGE_CURVE ( 'NONE', #1722, #4485, #8586, .T. ) ;
#2567 = ORIENTED_EDGE ( 'NONE', *, *, #5203, .T. ) ;
#2568 = DIRECTION ( 'NONE',  ( 0.000000000000000000, 1.000000000000000000, -0.000000000000000000 ) ) ;
#2569 = VERTEX_POINT ( 'NONE', #2289 ) ;
#2570 = ORIENTED_EDGE ( 'NONE', *, *, #8832, .T. ) ;
#2571 = CARTESIAN_POINT ( 'NONE',  ( 2.215000000000000746, 0.6614108798023753399, -1.634999999999999343 ) ) ;
#2572 = DIRECTION ( 'NONE',  ( 0.000000000000000000, 0.000000000000000000, 1.000000000000000000 ) ) ;
#2573 = DIRECTION ( 'NONE',  ( -7.608436298143888101E-16, 0.000000000000000000, -1.000000000000000000 ) ) ;
#2574 = DIRECTION ( 'NONE',  ( 0.000000000000000000, -1.000000000000000000, 0.000000000000000000 ) ) ;
#2575 = DIRECTION ( 'NONE',  ( 0.000000000000000000, 0.000000000000000000, -1.000000000000000000 ) ) ;
#2576 = ORIENTED_EDGE ( 'NONE', *, *, #7667, .F. ) ;
#2577 = ADVANCED_FACE ( 'NONE', ( #5639 ), #9006, .F. ) ;
#2578 = EDGE_CURVE ( 'NONE', #9825, #3923, #2856, .T. ) ;
#2579 = AXIS2_PLACEMENT_3D ( 'NONE', #7153, #7868, #9690 ) ;
#2580 = VERTEX_POINT ( 'NONE', #9905 ) ;
#2581 = DIRECTION ( 'NONE',  ( 0.000000000000000000, 0.000000000000000000, 1.000000000000000000 ) ) ;
#2582 = EDGE_LOOP ( 'NONE', ( #6238, #5225, #9832, #927 ) ) ;
#2583 = CARTESIAN_POINT ( 'NONE',  ( 1.135000000000000897, 0.1999999999999999833, -2.500000000000001332 ) ) ;
#2584 = DIRECTION ( 'NONE',  ( 0.000000000000000000, 1.000000000000000000, 0.000000000000000000 ) ) ;
#2585 = CARTESIAN_POINT ( 'NONE',  ( -2.215000000000000746, 0.05000000000000002359, -0.3649999999999998801 ) ) ;
#2586 = LINE ( 'NONE', #2636, #9733 ) ;
#2587 = DIRECTION ( 'NONE',  ( -7.608436298143888101E-16, 0.000000000000000000, 1.000000000000000000 ) ) ;
#2588 = VERTEX_POINT ( 'NONE', #787 ) ;
#2589 = CIRCLE ( 'NONE', #8211, 0.1150000000000000883 ) ;
#2590 = CIRCLE ( 'NONE', #8741, 0.1150000000000000883 ) ;
#2591 = ADVANCED_FACE ( 'NONE', ( #9803 ), #3106, .F. ) ;
#2592 = CARTESIAN_POINT ( 'NONE',  ( 2.500000000000001332, 0.1999999999999999833, -1.634999999999999565 ) ) ;
#2593 = DIRECTION ( 'NONE',  ( -0.000000000000000000, -1.000000000000000000, -0.000000000000000000 ) ) ;
#2594 = UNCERTAINTY_MEASURE_WITH_UNIT (LENGTH_MEASURE( 1.000000000000000082E-05 ), #10737, 'distance_accuracy_value', 'NONE');
#2595 = CARTESIAN_POINT ( 'NONE',  ( -1.749999999999999778, 0.1999999999999996503, -1.634999999999999343 ) ) ;
#2596 = PLANE ( 'NONE',  #10651 ) ;
#2597 = FACE_OUTER_BOUND ( 'NONE', #3560, .T. ) ;
#2598 = PLANE ( 'NONE',  #722 ) ;
#2599 = ORIENTED_EDGE ( 'NONE', *, *, #2093, .T. ) ;
#2600 = EDGE_LOOP ( 'NONE', ( #8516, #2627, #10891, #609 ) ) ;
#2601 = AXIS2_PLACEMENT_3D ( 'NONE', #6557, #529, #9939 ) ;
#2602 = CARTESIAN_POINT ( 'NONE',  ( 2.215000000000000746, 0.6614108798023753399, 1.365000000000000657 ) ) ;
#2603 = VERTEX_POINT ( 'NONE', #3276 ) ;
#2604 = VERTEX_POINT ( 'NONE', #8192 ) ;
#2605 = DIRECTION ( 'NONE',  ( 1.000000000000000000, -0.000000000000000000, -1.734723475976807094E-16 ) ) ;
#2606 = LINE ( 'NONE', #10106, #10336 ) ;
#2607 = CARTESIAN_POINT ( 'NONE',  ( 0.3650000000000007683, 0.04999999999999969746, -2.500000000000001332 ) ) ;
#2608 = FILL_AREA_STYLE ('',( #4961 ) ) ;
#2609 = PLANE ( 'NONE',  #4973 ) ;
#2610 = AXIS2_PLACEMENT_3D ( 'NONE', #6786, #5168, #806 ) ;
#2611 = CARTESIAN_POINT ( 'NONE',  ( -1.249999999999999112, 0.000000000000000000, 2.215000000000001190 ) ) ;
#2612 = DIRECTION ( 'NONE',  ( 0.000000000000000000, 0.000000000000000000, 1.000000000000000000 ) ) ;
#2613 = ADVANCED_FACE ( 'NONE', ( #1560 ), #10687, .T. ) ;
#2614 = ORIENTED_EDGE ( 'NONE', *, *, #5783, .T. ) ;
#2615 = VECTOR ( 'NONE', #4258, 1000.000000000000000 ) ;
#2616 = FACE_OUTER_BOUND ( 'NONE', #9986, .T. ) ;
#2617 = VERTEX_POINT ( 'NONE', #4107 ) ;
#2618 = VERTEX_POINT ( 'NONE', #3222 ) ;
#2619 = CYLINDRICAL_SURFACE ( 'NONE', #5336, 0.1150000000000000883 ) ;
#2620 = LINE ( 'NONE', #5975, #10549 ) ;
#2621 = DIRECTION ( 'NONE',  ( 0.000000000000000000, 1.000000000000000000, 0.000000000000000000 ) ) ;
#2622 = EDGE_CURVE ( 'NONE', #7484, #8449, #7526, .T. ) ;
#2623 = DIRECTION ( 'NONE',  ( 0.000000000000000000, 0.000000000000000000, 1.000000000000000000 ) ) ;
#2624 = DIRECTION ( 'NONE',  ( -0.000000000000000000, 1.000000000000000000, -0.000000000000000000 ) ) ;
#2625 = DIRECTION ( 'NONE',  ( 0.000000000000000000, -1.000000000000000000, 0.000000000000000000 ) ) ;
#2626 = CIRCLE ( 'NONE', #8251, 0.1150000000000000883 ) ;
#2627 = ORIENTED_EDGE ( 'NONE', *, *, #656, .F. ) ;
#2628 = EDGE_CURVE ( 'NONE', #9793, #3175, #9969, .T. ) ;
#2629 = ORIENTED_EDGE ( 'NONE', *, *, #9838, .T. ) ;
#2630 = CARTESIAN_POINT ( 'NONE',  ( -0.6349999999999990097, 0.2000000000000000111, 2.215000000000001190 ) ) ;
#2631 = ORIENTED_EDGE ( 'NONE', *, *, #5565, .F. ) ;
#2632 = LINE ( 'NONE', #9351, #748 ) ;
#2633 = CARTESIAN_POINT ( 'NONE',  ( 1.635000000000000897, 0.6614108798023734526, -2.500000000000001332 ) ) ;
#2634 = ADVANCED_FACE ( 'NONE', ( #8958 ), #10863, .F. ) ;
#2635 = CARTESIAN_POINT ( 'NONE',  ( 2.500000000000002220, 0.04999999999999969746, -1.365000000000000213 ) ) ;
#2636 = CARTESIAN_POINT ( 'NONE',  ( 2.215000000000000746, 0.6614108798023753399, -1.634999999999999343 ) ) ;
#2637 = EDGE_CURVE ( 'NONE', #7874, #3195, #4876, .T. ) ;
#2638 = CARTESIAN_POINT ( 'NONE',  ( -1.749999999999999334, 0.2000000000000000111, -2.215000000000001190 ) ) ;
#2639 = ORIENTED_EDGE ( 'NONE', *, *, #7825, .T. ) ;
#2640 = LINE ( 'NONE', #9358, #907 ) ;
#2641 = CARTESIAN_POINT ( 'NONE',  ( 0.3650000000000007683, 0.2000000000000000111, 2.500000000000001332 ) ) ;
#2642 = CARTESIAN_POINT ( 'NONE',  ( 2.215000000000000746, 0.1999999999999999833, -1.365000000000001101 ) ) ;
#2643 = DIRECTION ( 'NONE',  ( -3.771137991253918417E-15, 0.000000000000000000, -1.000000000000000000 ) ) ;
#2644 = CARTESIAN_POINT ( 'NONE',  ( -1.749999999999999112, 0.1999999999999999833, 2.215000000000001190 ) ) ;
#2645 = ADVANCED_FACE ( 'NONE', ( #9128 ), #10022, .T. ) ;
#2646 = DIRECTION ( 'NONE',  ( 0.000000000000000000, -0.000000000000000000, -1.000000000000000000 ) ) ;
#2647 = EDGE_CURVE ( 'NONE', #314, #8979, #6646, .T. ) ;
#2648 = VERTEX_POINT ( 'NONE', #3157 ) ;
#2649 = DIRECTION ( 'NONE',  ( 0.000000000000000000, 0.000000000000000000, 1.000000000000000000 ) ) ;
#2650 = VERTEX_POINT ( 'NONE', #5757 ) ;
#2651 = SURFACE_SIDE_STYLE ('',( #5117 ) ) ;
#2652 = CARTESIAN_POINT ( 'NONE',  ( -2.500000000000001332, 0.000000000000000000, -1.634999999999999565 ) ) ;
#2653 = EDGE_CURVE ( 'NONE', #3175, #8234, #4163, .T. ) ;
#2654 = PLANE ( 'NONE',  #665 ) ;
#2655 = CARTESIAN_POINT ( 'NONE',  ( 2.500000000000002220, 0.6614108798023753399, -1.365000000000000213 ) ) ;
#2656 = LINE ( 'NONE', #9444, #7445 ) ;
#2657 = FACE_OUTER_BOUND ( 'NONE', #2986, .T. ) ;
#2658 = CARTESIAN_POINT ( 'NONE',  ( -0.3649999999999994360, 0.2000000000000005107, -2.500000000000000888 ) ) ;
#2659 = COLOUR_RGB ( '',0.7921568627450980005, 0.8196078431372548767, 0.9333333333333333481 ) ;
#2660 = ADVANCED_FACE ( 'NONE', ( #725 ), #2460, .T. ) ;
#2661 = EDGE_LOOP ( 'NONE', ( #9213, #9162, #8579, #1433 ) ) ;
#2662 = FACE_OUTER_BOUND ( 'NONE', #2262, .T. ) ;
#2663 = ORIENTED_EDGE ( 'NONE', *, *, #5445, .T. ) ;
#2664 = SURFACE_STYLE_FILL_AREA ( #7791 ) ;
#2665 =( GEOMETRIC_REPRESENTATION_CONTEXT ( 3 ) GLOBAL_UNCERTAINTY_ASSIGNED_CONTEXT ( ( #8628 ) ) GLOBAL_UNIT_ASSIGNED_CONTEXT ( ( #3972, #3129, #918 ) ) REPRESENTATION_CONTEXT ( 'NONE', 'WORKASPACE' ) );
#2666 = ORIENTED_EDGE ( 'NONE', *, *, #4314, .F. ) ;
#2667 = ORIENTED_EDGE ( 'NONE', *, *, #656, .T. ) ;
#2668 = LINE ( 'NONE', #1946, #1539 ) ;
#2669 = CARTESIAN_POINT ( 'NONE',  ( -2.500000000000001332, 0.1999999999999999833, 0.3650000000000005462 ) ) ;
#2670 = LINE ( 'NONE', #6821, #5311 ) ;
#2671 = LINE ( 'NONE', #10183, #5669 ) ;
#2672 = CARTESIAN_POINT ( 'NONE',  ( 2.215000000000000746, 0.6614108798023753399, 0.1349999999999988431 ) ) ;
#2673 = ORIENTED_EDGE ( 'NONE', *, *, #1735, .T. ) ;
#2674 = AXIS2_PLACEMENT_3D ( 'NONE', #1624, #6439, #4885 ) ;
#2675 = ADVANCED_FACE ( 'NONE', ( #565 ), #3953, .F. ) ;
#2676 = EDGE_LOOP ( 'NONE', ( #7614, #3601, #8435, #3777 ) ) ;
#2677 = LINE ( 'NONE', #7584, #245 ) ;
#2678 = AXIS2_PLACEMENT_3D ( 'NONE', #1700, #8431, #7499 ) ;
#2679 = ORIENTED_EDGE ( 'NONE', *, *, #2275, .T. ) ;
#2680 = EDGE_CURVE ( 'NONE', #6099, #6103, #7438, .T. ) ;
#2681 = LINE ( 'NONE', #7971, #6761 ) ;
#2682 = PLANE ( 'NONE',  #6714 ) ;
#2683 = CARTESIAN_POINT ( 'NONE',  ( -1.749999999999999334, 5.149747468305832854, -1.634999999999999343 ) ) ;
#2684 = CARTESIAN_POINT ( 'NONE',  ( 2.215000000000000746, 0.000000000000000000, -1.134999999999999343 ) ) ;
#2685 = VECTOR ( 'NONE', #7768, 1000.000000000000000 ) ;
#2686 = DIRECTION ( 'NONE',  ( 0.000000000000000000, -1.000000000000000000, 0.000000000000000000 ) ) ;
#2687 = CIRCLE ( 'NONE', #4610, 0.1150000000000000883 ) ;
#2688 = AXIS2_PLACEMENT_3D ( 'NONE', #8356, #2409, #1391 ) ;
#2689 = VECTOR ( 'NONE', #2649, 1000.000000000000000 ) ;
#2690 = ADVANCED_FACE ( 'NONE', ( #2515 ), #5201, .F. ) ;
#2691 = ORIENTED_EDGE ( 'NONE', *, *, #9089, .F. ) ;
#2692 = VECTOR ( 'NONE', #6177, 1000.000000000000000 ) ;
#2693 = VECTOR ( 'NONE', #4088, 1000.000000000000000 ) ;
#2694 = CARTESIAN_POINT ( 'NONE',  ( -0.8649999999999992140, 0.6614108798023734526, 2.500000000000001332 ) ) ;
#2695 = DIRECTION ( 'NONE',  ( -1.000000000000000000, 0.000000000000000000, 0.000000000000000000 ) ) ;
#2696 = CARTESIAN_POINT ( 'NONE',  ( 2.500000000000002220, 0.6614108798023753399, -0.3650000000000001021 ) ) ;
#2697 = VECTOR ( 'NONE', #4356, 1000.000000000000000 ) ;
#2698 =( LENGTH_UNIT ( ) NAMED_UNIT ( * ) SI_UNIT ( .MILLI., .METRE. ) );
#2699 = VECTOR ( 'NONE', #9191, 1000.000000000000000 ) ;
#2700 = DIRECTION ( 'NONE',  ( 0.000000000000000000, 0.000000000000000000, -1.000000000000000000 ) ) ;
#2701 = DIRECTION ( 'NONE',  ( 0.000000000000000000, 0.000000000000000000, -1.000000000000000000 ) ) ;
#2702 = CARTESIAN_POINT ( 'NONE',  ( 1.727115039678660719E-15, 0.05000000000000000278, 1.135000000000003784 ) ) ;
#2703 = VECTOR ( 'NONE', #9917, 1000.000000000000000 ) ;
#2704 = ORIENTED_EDGE ( 'NONE', *, *, #254, .F. ) ;
#2705 = CIRCLE ( 'NONE', #10642, 0.1150000000000000883 ) ;
#2706 = ADVANCED_FACE ( 'NONE', ( #129 ), #8610, .F. ) ;
#2707 = EDGE_CURVE ( 'NONE', #6692, #309, #5085, .T. ) ;
#2708 = PLANE ( 'NONE',  #6743 ) ;
#2709 = EDGE_LOOP ( 'NONE', ( #10339, #7653, #10302, #946 ) ) ;
#2710 = VECTOR ( 'NONE', #10303, 1000.000000000000000 ) ;
#2711 = SURFACE_STYLE_USAGE ( .BOTH. , #2651 ) ;
#2712 = AXIS2_PLACEMENT_3D ( 'NONE', #2443, #9160, #706 ) ;
#2713 = DIRECTION ( 'NONE',  ( -7.608436298143888101E-16, 0.000000000000000000, -1.000000000000000000 ) ) ;
#2714 = CARTESIAN_POINT ( 'NONE',  ( -2.500000000000002220, 0.04999999999999969746, -0.8650000000000001021 ) ) ;
#2715 = SURFACE_STYLE_USAGE ( .BOTH. , #7126 ) ;
#2716 = DIRECTION ( 'NONE',  ( 1.000000000000000000, 0.000000000000000000, -7.608436298143888101E-16 ) ) ;
#2717 = AXIS2_PLACEMENT_3D ( 'NONE', #4529, #6306, #1048 ) ;
#2718 = DIRECTION ( 'NONE',  ( 1.000000000000000000, 0.000000000000000000, 0.000000000000000000 ) ) ;
#2719 = CARTESIAN_POINT ( 'NONE',  ( -2.215000000000000746, 0.1999999999999999833, -1.364999999999999991 ) ) ;
#2720 = AXIS2_PLACEMENT_3D ( 'NONE', #1424, #8888, #2323 ) ;
#2721 = ORIENTED_EDGE ( 'NONE', *, *, #1546, .F. ) ;
#2722 = AXIS2_PLACEMENT_3D ( 'NONE', #7839, #7172, #6130 ) ;
#2723 = VERTEX_POINT ( 'NONE', #4207 ) ;
#2724 = CARTESIAN_POINT ( 'NONE',  ( 1.365000000000000657, 0.04999999999999969746, -2.500000000000001332 ) ) ;
#2725 = EDGE_LOOP ( 'NONE', ( #7471, #156, #1380, #3150 ) ) ;
#2726 = ORIENTED_EDGE ( 'NONE', *, *, #9447, .T. ) ;
#2727 = VERTEX_POINT ( 'NONE', #1902 ) ;
#2728 = EDGE_CURVE ( 'NONE', #172, #10146, #1980, .T. ) ;
#2729 = EDGE_LOOP ( 'NONE', ( #3699, #3599, #9061, #121 ) ) ;
#2730 = CARTESIAN_POINT ( 'NONE',  ( -0.1349999999999992595, 0.1999999999999999833, -2.215000000000001190 ) ) ;
#2731 = CARTESIAN_POINT ( 'NONE',  ( -0.1349999999999992595, 0.2000000000000000111, -2.215000000000001190 ) ) ;
#2732 = AXIS2_PLACEMENT_3D ( 'NONE', #7396, #973, #10778 ) ;
#2733 = CARTESIAN_POINT ( 'NONE',  ( 2.500000000000001332, 0.1999999999999999833, 1.865000000000000657 ) ) ;
#2734 = FACE_OUTER_BOUND ( 'NONE', #8351, .T. ) ;
#2735 = DIRECTION ( 'NONE',  ( -1.000000000000000000, 0.000000000000000000, 0.000000000000000000 ) ) ;
#2736 = CIRCLE ( 'NONE', #2379, 0.1150000000000000883 ) ;
#2737 = ORIENTED_EDGE ( 'NONE', *, *, #2971, .F. ) ;
#2738 = ORIENTED_EDGE ( 'NONE', *, *, #8106, .T. ) ;
#2739 = FACE_OUTER_BOUND ( 'NONE', #3996, .T. ) ;
#2740 = ORIENTED_EDGE ( 'NONE', *, *, #6435, .T. ) ;
#2741 = LINE ( 'NONE', #1908, #10831 ) ;
#2742 = DIRECTION ( 'NONE',  ( -0.000000000000000000, -1.000000000000000000, -0.000000000000000000 ) ) ;
#2743 = DIRECTION ( 'NONE',  ( 0.000000000000000000, 1.000000000000000000, 0.000000000000000000 ) ) ;
#2744 = DIRECTION ( 'NONE',  ( 0.000000000000000000, 1.000000000000000000, -0.000000000000000000 ) ) ;
#2745 = LINE ( 'NONE', #1070, #9557 ) ;
#2746 = CARTESIAN_POINT ( 'NONE',  ( -2.500000000000002220, 0.6614108798023753399, -0.8650000000000001021 ) ) ;
#2747 = ORIENTED_EDGE ( 'NONE', *, *, #6796, .T. ) ;
#2748 = DIRECTION ( 'NONE',  ( 0.000000000000000000, 1.000000000000000000, -0.000000000000000000 ) ) ;
#2749 = FACE_OUTER_BOUND ( 'NONE', #829, .T. ) ;
#2750 = CARTESIAN_POINT ( 'NONE',  ( 2.215000000000000746, 0.6614108798023753399, 1.634999999999998899 ) ) ;
#2751 = VECTOR ( 'NONE', #6800, 1000.000000000000000 ) ;
#2752 = LINE ( 'NONE', #1144, #7083 ) ;
#2753 = AXIS2_PLACEMENT_3D ( 'NONE', #4259, #2621, #9341 ) ;
#2754 = EDGE_CURVE ( 'NONE', #9957, #5735, #887, .T. ) ;
#2755 = EDGE_CURVE ( 'NONE', #4589, #514, #3496, .T. ) ;
#2756 = DIRECTION ( 'NONE',  ( 3.771137991253918417E-15, -0.000000000000000000, 1.000000000000000000 ) ) ;
#2757 = EDGE_CURVE ( 'NONE', #1075, #7585, #5258, .T. ) ;
#2758 = ORIENTED_EDGE ( 'NONE', *, *, #3781, .F. ) ;
#2759 = VECTOR ( 'NONE', #1255, 1000.000000000000000 ) ;
#2760 = DIRECTION ( 'NONE',  ( 7.608436298143875282E-16, 0.000000000000000000, -1.000000000000000000 ) ) ;
#2761 = VERTEX_POINT ( 'NONE', #80 ) ;
#2762 = CARTESIAN_POINT ( 'NONE',  ( 2.215000000000000746, 0.1999999999999999833, -1.634999999999999343 ) ) ;
#2763 = CARTESIAN_POINT ( 'NONE',  ( -1.364999999999999547, 0.2000000000000000111, -2.215000000000001190 ) ) ;
#2764 = EDGE_CURVE ( 'NONE', #5790, #8675, #4262, .T. ) ;
#2765 = CARTESIAN_POINT ( 'NONE',  ( 2.215000000000000746, 0.1999999999999999833, -0.1349999999999992595 ) ) ;
#2766 = EDGE_LOOP ( 'NONE', ( #1131, #9782, #438, #6918 ) ) ;
#2767 = CARTESIAN_POINT ( 'NONE',  ( 1.634999999999998899, 0.05000000000000000278, -1.243979334746524863E-15 ) ) ;
#2768 = EDGE_LOOP ( 'NONE', ( #9688, #5654, #865, #6927, #5913, #5858, #2945, #8790, #2069, #2490 ) ) ;
#2769 = CARTESIAN_POINT ( 'NONE',  ( 2.215000000000000746, 0.000000000000000000, 1.134999999999998899 ) ) ;
#2770 = ADVANCED_FACE ( 'NONE', ( #1674 ), #6874, .F. ) ;
#2771 = ORIENTED_EDGE ( 'NONE', *, *, #9332, .F. ) ;
#2772 = CARTESIAN_POINT ( 'NONE',  ( 1.635000000000000009, 5.149747468305832854, 1.635000000000001341 ) ) ;
#2773 = ORIENTED_EDGE ( 'NONE', *, *, #3497, .F. ) ;
#2774 = AXIS2_PLACEMENT_3D ( 'NONE', #1311, #10433, #5285 ) ;
#2775 = VERTEX_POINT ( 'NONE', #10293 ) ;
#2776 = ORIENTED_EDGE ( 'NONE', *, *, #3894, .F. ) ;
#2777 = CYLINDRICAL_SURFACE ( 'NONE', #5960, 0.1150000000000000883 ) ;
#2778 = CARTESIAN_POINT ( 'NONE',  ( -0.8649999999999992140, 0.6614108798023734526, -2.500000000000001332 ) ) ;
#2779 = DIRECTION ( 'NONE',  ( -1.000000000000000000, 0.000000000000000000, -1.521687259628770718E-15 ) ) ;
#2780 = CARTESIAN_POINT ( 'NONE',  ( -2.215000000000000746, 0.6614108798023753399, 1.365000000000000657 ) ) ;
#2781 = CYLINDRICAL_SURFACE ( 'NONE', #2338, 0.1150000000000000883 ) ;
#2782 = ORIENTED_EDGE ( 'NONE', *, *, #2535, .F. ) ;
#2783 = AXIS2_PLACEMENT_3D ( 'NONE', #9993, #10087, #8314 ) ;
#2784 = ADVANCED_FACE ( 'NONE', ( #1779 ), #9241, .T. ) ;
#2785 = EDGE_LOOP ( 'NONE', ( #10504, #3661, #9280, #6493 ) ) ;
#2786 = CARTESIAN_POINT ( 'NONE',  ( -1.749999999999999334, 0.2000000000000000111, -2.215000000000001190 ) ) ;
#2787 = EDGE_LOOP ( 'NONE', ( #262, #8602, #4143, #4696 ) ) ;
#2788 = CARTESIAN_POINT ( 'NONE',  ( 2.500000000000002220, 0.1999999999999999833, -1.365000000000000213 ) ) ;
#2789 = DIRECTION ( 'NONE',  ( 0.000000000000000000, 0.000000000000000000, 1.000000000000000000 ) ) ;
#2790 = CARTESIAN_POINT ( 'NONE',  ( 2.215000000000000746, 0.05000000000000002359, -0.7500000000000008882 ) ) ;
#2791 = DIRECTION ( 'NONE',  ( -0.000000000000000000, -1.000000000000000000, -0.000000000000000000 ) ) ;
#2792 = VECTOR ( 'NONE', #3708, 1000.000000000000000 ) ;
#2793 = CARTESIAN_POINT ( 'NONE',  ( -2.215000000000000746, 0.000000000000000000, 1.865000000000000879 ) ) ;
#2794 = DIRECTION ( 'NONE',  ( -7.608436298143888101E-16, 0.000000000000000000, -1.000000000000000000 ) ) ;
#2795 = ORIENTED_EDGE ( 'NONE', *, *, #2728, .F. ) ;
#2796 = VERTEX_POINT ( 'NONE', #5142 ) ;
#2797 = FACE_OUTER_BOUND ( 'NONE', #219, .T. ) ;
#2798 = DIRECTION ( 'NONE',  ( 0.000000000000000000, 1.000000000000000000, -0.000000000000000000 ) ) ;
#2799 = CARTESIAN_POINT ( 'NONE',  ( -0.1349999999999992595, 0.05000000000000000278, 0.000000000000000000 ) ) ;
#2800 = EDGE_CURVE ( 'NONE', #715, #1394, #6926, .T. ) ;
#2801 = LINE ( 'NONE', #6122, #6549 ) ;
#2802 = CARTESIAN_POINT ( 'NONE',  ( 2.215000000000000746, 0.1999999999999999833, 1.365000000000000657 ) ) ;
#2803 = ORIENTED_EDGE ( 'NONE', *, *, #5580, .T. ) ;
#2804 = EDGE_CURVE ( 'NONE', #4485, #4735, #380, .T. ) ;
#2805 = CLOSED_SHELL ( 'NONE', ( #7387, #10185, #9259, #10313, #7938, #5263 ) ) ;
#2806 = DIRECTION ( 'NONE',  ( 0.000000000000000000, -0.000000000000000000, 1.000000000000000000 ) ) ;
#2807 = EDGE_CURVE ( 'NONE', #7701, #10712, #8513, .T. ) ;
#2808 = DIRECTION ( 'NONE',  ( 1.000000000000000000, -0.000000000000000000, -0.000000000000000000 ) ) ;
#2809 = CARTESIAN_POINT ( 'NONE',  ( 1.365000000000000657, 0.6614108798023734526, -2.215000000000001190 ) ) ;
#2810 = EDGE_CURVE ( 'NONE', #2534, #4489, #4322, .T. ) ;
#2811 = CARTESIAN_POINT ( 'NONE',  ( 1.865000000000000879, 0.1999999999999999833, 2.500000000000001332 ) ) ;
#2812 = PRESENTATION_STYLE_ASSIGNMENT (( #2715 ) ) ;
#2813 = DIRECTION ( 'NONE',  ( -1.000000000000000000, 0.000000000000000000, 7.608436298143875282E-16 ) ) ;
#2814 = ORIENTED_EDGE ( 'NONE', *, *, #7590, .T. ) ;
#2815 = CARTESIAN_POINT ( 'NONE',  ( 1.750000000000000888, 0.2000000000000000111, 2.215000000000001190 ) ) ;
#2816 = ORIENTED_EDGE ( 'NONE', *, *, #10000, .T. ) ;
#2817 = CARTESIAN_POINT ( 'NONE',  ( 1.750000000000000888, 0.6614108798023734526, 2.100000000000000977 ) ) ;
#2818 = EDGE_CURVE ( 'NONE', #1653, #3611, #7699, .T. ) ;
#2819 = VERTEX_POINT ( 'NONE', #9406 ) ;
#2820 = DIRECTION ( 'NONE',  ( 3.771137991253918417E-15, -0.000000000000000000, 1.000000000000000000 ) ) ;
#2821 = VERTEX_POINT ( 'NONE', #1847 ) ;
#2822 = CARTESIAN_POINT ( 'NONE',  ( -2.500000000000002220, 0.1999999999999999833, -1.365000000000000213 ) ) ;
#2823 = VERTEX_POINT ( 'NONE', #8567 ) ;
#2824 = DIRECTION ( 'NONE',  ( 0.000000000000000000, 0.000000000000000000, 1.000000000000000000 ) ) ;
#2825 = VERTEX_POINT ( 'NONE', #178 ) ;
#2826 = CARTESIAN_POINT ( 'NONE',  ( 1.635000000000000897, 0.1999999999999999833, -2.500000000000001332 ) ) ;
#2827 = DIRECTION ( 'NONE',  ( 0.000000000000000000, -1.000000000000000000, 0.000000000000000000 ) ) ;
#2828 = AXIS2_PLACEMENT_3D ( 'NONE', #4741, #2496, #5846 ) ;
#2829 = LINE ( 'NONE', #6096, #8644 ) ;
#2830 = DIRECTION ( 'NONE',  ( -0.000000000000000000, -1.000000000000000000, -0.000000000000000000 ) ) ;
#2831 = PLANE ( 'NONE',  #3202 ) ;
#2832 = ORIENTED_EDGE ( 'NONE', *, *, #238, .F. ) ;
#2833 = ORIENTED_EDGE ( 'NONE', *, *, #3014, .F. ) ;
#2834 = EDGE_CURVE ( 'NONE', #7835, #7809, #8663, .T. ) ;
#2835 = ORIENTED_EDGE ( 'NONE', *, *, #9064, .F. ) ;
#2836 = CARTESIAN_POINT ( 'NONE',  ( -0.6349999999999992317, 0.2000000000000005107, 2.499999999999999112 ) ) ;
#2837 = EDGE_CURVE ( 'NONE', #4504, #6042, #4587, .T. ) ;
#2838 = ORIENTED_EDGE ( 'NONE', *, *, #6, .T. ) ;
#2839 = DIRECTION ( 'NONE',  ( 7.608436298143888101E-16, -0.000000000000000000, 1.000000000000000000 ) ) ;
#2840 = CARTESIAN_POINT ( 'NONE',  ( 2.500000000000002220, 0.000000000000000000, 0.1349999999999999256 ) ) ;
#2841 = CARTESIAN_POINT ( 'NONE',  ( 2.215000000000000746, 0.000000000000000000, 0.2499999999999991396 ) ) ;
#2842 = CARTESIAN_POINT ( 'NONE',  ( 2.215000000000000746, 0.05000000000000002359, 1.249999999999999112 ) ) ;
#2843 = PLANE ( 'NONE',  #6928 ) ;
#2844 = CARTESIAN_POINT ( 'NONE',  ( -0.3649999999999992140, 0.04999999999999969746, 2.500000000000001332 ) ) ;
#2845 = AXIS2_PLACEMENT_3D ( 'NONE', #10304, #2742, #2789 ) ;
#2846 = AXIS2_PLACEMENT_3D ( 'NONE', #521, #3013, #6386 ) ;
#2847 = EDGE_CURVE ( 'NONE', #4839, #615, #10564, .T. ) ;
#2848 = ORIENTED_EDGE ( 'NONE', *, *, #8597, .F. ) ;
#2849 = CARTESIAN_POINT ( 'NONE',  ( 1.250000000000000888, 0.000000000000000000, 2.215000000000001190 ) ) ;
#2850 = AXIS2_PLACEMENT_3D ( 'NONE', #7411, #3328, #3998 ) ;
#2851 = CARTESIAN_POINT ( 'NONE',  ( -1.634999999999999343, 5.149747468305832854, -1.634999999999999343 ) ) ;
#2853 = DIRECTION ( 'NONE',  ( 1.521687259628770718E-15, -0.000000000000000000, 1.000000000000000000 ) ) ;
#2852 = VECTOR ( 'NONE', #10195, 1000.000000000000000 ) ;
#2854 = EDGE_CURVE ( 'NONE', #4281, #8774, #2116, .T. ) ;
#2855 = DIRECTION ( 'NONE',  ( 0.000000000000000000, -0.000000000000000000, -1.000000000000000000 ) ) ;
#2856 = CIRCLE ( 'NONE', #905, 0.1150000000000000883 ) ;
#2857 = LINE ( 'NONE', #5335, #8827 ) ;
#2858 = AXIS2_PLACEMENT_3D ( 'NONE', #1019, #10412, #4382 ) ;
#2859 = ORIENTED_EDGE ( 'NONE', *, *, #7416, .T. ) ;
#2860 = VECTOR ( 'NONE', #7800, 1000.000000000000000 ) ;
#2861 = EDGE_CURVE ( 'NONE', #4534, #143, #4786, .T. ) ;
#2862 = VECTOR ( 'NONE', #7191, 1000.000000000000000 ) ;
#2863 = VECTOR ( 'NONE', #6377, 1000.000000000000000 ) ;
#2864 = DIRECTION ( 'NONE',  ( 0.000000000000000000, 0.000000000000000000, 1.000000000000000000 ) ) ;
#2865 = SURFACE_STYLE_FILL_AREA ( #6296 ) ;
#2866 = DIRECTION ( 'NONE',  ( 7.608436298143888101E-16, 0.000000000000000000, -1.000000000000000000 ) ) ;
#2867 = LINE ( 'NONE', #481, #10538 ) ;
#2868 = AXIS2_PLACEMENT_3D ( 'NONE', #7152, #5375, #6045 ) ;
#2869 = LINE ( 'NONE', #4401, #3405 ) ;
#2870 = ORIENTED_EDGE ( 'NONE', *, *, #9991, .F. ) ;
#2871 = DIRECTION ( 'NONE',  ( -1.000000000000000000, 0.000000000000000000, 0.000000000000000000 ) ) ;
#2872 = AXIS2_PLACEMENT_3D ( 'NONE', #10900, #5072, #10848 ) ;
#2873 = ADVANCED_FACE ( 'NONE', ( #7911 ), #2831, .F. ) ;
#2874 = VECTOR ( 'NONE', #7733, 1000.000000000000000 ) ;
#2875 = ORIENTED_EDGE ( 'NONE', *, *, #1154, .F. ) ;
#2876 = DIRECTION ( 'NONE',  ( 0.000000000000000000, 0.000000000000000000, -1.000000000000000000 ) ) ;
#2877 = VECTOR ( 'NONE', #940, 1000.000000000000000 ) ;
#2878 = VECTOR ( 'NONE', #5752, 1000.000000000000000 ) ;
#2879 = VERTEX_POINT ( 'NONE', #340 ) ;
#2881 = DIRECTION ( 'NONE',  ( 0.000000000000000000, 0.000000000000000000, 1.000000000000000000 ) ) ;
#2880 = AXIS2_PLACEMENT_3D ( 'NONE', #10228, #9336, #2506 ) ;
#2882 = ORIENTED_EDGE ( 'NONE', *, *, #1228, .T. ) ;
#2883 = FILL_AREA_STYLE ('',( #6916 ) ) ;
#2884 = AXIS2_PLACEMENT_3D ( 'NONE', #4475, #1106, #10340 ) ;
#2885 = DIRECTION ( 'NONE',  ( 0.000000000000000000, 0.000000000000000000, -1.000000000000000000 ) ) ;
#2886 = DIRECTION ( 'NONE',  ( 0.000000000000000000, -1.000000000000000000, 0.000000000000000000 ) ) ;
#2887 = ORIENTED_EDGE ( 'NONE', *, *, #7045, .F. ) ;
#2888 = CARTESIAN_POINT ( 'NONE',  ( 2.500000000000001332, 0.1999999999999999833, 1.865000000000000657 ) ) ;
#2889 = DIRECTION ( 'NONE',  ( 0.000000000000000000, 0.000000000000000000, -1.000000000000000000 ) ) ;
#2890 = LINE ( 'NONE', #9634, #9895 ) ;
#2891 = CARTESIAN_POINT ( 'NONE',  ( 2.215000000000000746, 0.000000000000000000, 0.8650000000000007683 ) ) ;
#2892 = DIRECTION ( 'NONE',  ( 0.000000000000000000, 0.000000000000000000, 1.000000000000000000 ) ) ;
#2893 = ADVANCED_FACE ( 'NONE', ( #3714 ), #8894, .T. ) ;
#2894 = COLOUR_RGB ( '',0.7921568627450980005, 0.8196078431372548767, 0.9333333333333333481 ) ;
#2895 = EDGE_CURVE ( 'NONE', #5618, #1034, #1175, .T. ) ;
#2896 = ORIENTED_EDGE ( 'NONE', *, *, #8370, .T. ) ;
#2897 = EDGE_LOOP ( 'NONE', ( #2988, #5690, #10944, #6312 ) ) ;
#2898 = ADVANCED_FACE ( 'NONE', ( #5307 ), #1950, .F. ) ;
#2899 = ORIENTED_EDGE ( 'NONE', *, *, #9597, .T. ) ;
#2900 = LINE ( 'NONE', #5423, #6075 ) ;
#2901 = EDGE_LOOP ( 'NONE', ( #5000, #3322, #2679, #2260 ) ) ;
#2902 = DIRECTION ( 'NONE',  ( 1.000000000000000000, 0.000000000000000000, -7.608436298143888101E-16 ) ) ;
#2903 = AXIS2_PLACEMENT_3D ( 'NONE', #8413, #4377, #8522 ) ;
#2904 = PLANE ( 'NONE',  #802 ) ;
#2905 = DIRECTION ( 'NONE',  ( -7.608436298143888101E-16, 0.000000000000000000, -1.000000000000000000 ) ) ;
#2906 = DIRECTION ( 'NONE',  ( 1.000000000000000000, 0.000000000000000000, 1.326241189584715283E-16 ) ) ;
#2907 = DIRECTION ( 'NONE',  ( 0.000000000000000000, 0.000000000000000000, 1.000000000000000000 ) ) ;
#2908 = DIRECTION ( 'NONE',  ( -0.000000000000000000, -1.000000000000000000, -0.000000000000000000 ) ) ;
#2909 = DIRECTION ( 'NONE',  ( 1.000000000000000000, 0.000000000000000000, -7.608436298143888101E-16 ) ) ;
#2910 = CIRCLE ( 'NONE', #3429, 0.1150000000000000883 ) ;
#2911 = EDGE_CURVE ( 'NONE', #9971, #8930, #8484, .T. ) ;
#2912 = ORIENTED_EDGE ( 'NONE', *, *, #10446, .T. ) ;
#2913 = CARTESIAN_POINT ( 'NONE',  ( -1.749999999999999334, 0.2000000000000000111, -2.215000000000001190 ) ) ;
#2914 = LINE ( 'NONE', #2963, #2347 ) ;
#2915 = PLANE ( 'NONE',  #716 ) ;
#2916 = PLANE ( 'NONE',  #9479 ) ;
#2917 = CARTESIAN_POINT ( 'NONE',  ( -2.215000000000000746, 0.000000000000000000, 0.2500000000000002220 ) ) ;
#2918 = LINE ( 'NONE', #8633, #9366 ) ;
#2919 = VERTEX_POINT ( 'NONE', #7143 ) ;
#2920 = ADVANCED_FACE ( 'NONE', ( #7861 ), #8726, .T. ) ;
#2921 = CARTESIAN_POINT ( 'NONE',  ( -2.215000000000000746, 0.000000000000000000, 1.750000000000000222 ) ) ;
#2922 = AXIS2_PLACEMENT_3D ( 'NONE', #8607, #2063, #7797 ) ;
#2923 =( NAMED_UNIT ( * ) SI_UNIT ( $, .STERADIAN. ) SOLID_ANGLE_UNIT ( ) );
#2924 = LINE ( 'NONE', #318, #1331 ) ;
#2925 = CARTESIAN_POINT ( 'NONE',  ( 2.500000000000002220, 0.1999999999999999833, -1.365000000000000213 ) ) ;
#2926 = LINE ( 'NONE', #10271, #10589 ) ;
#2927 = FACE_OUTER_BOUND ( 'NONE', #959, .T. ) ;
#2928 = ORIENTED_EDGE ( 'NONE', *, *, #2154, .F. ) ;
#2929 = VECTOR ( 'NONE', #2713, 1000.000000000000000 ) ;
#2930 =( GEOMETRIC_REPRESENTATION_CONTEXT ( 3 ) GLOBAL_UNCERTAINTY_ASSIGNED_CONTEXT ( ( #10763 ) ) GLOBAL_UNIT_ASSIGNED_CONTEXT ( ( #6512, #10562, #2272 ) ) REPRESENTATION_CONTEXT ( 'NONE', 'WORKASPACE' ) );
#2931 = VERTEX_POINT ( 'NONE', #1327 ) ;
#2932 = ORIENTED_EDGE ( 'NONE', *, *, #985, .T. ) ;
#2933 = PLANE ( 'NONE',  #2717 ) ;
#2934 = EDGE_LOOP ( 'NONE', ( #289, #7866, #792, #620 ) ) ;
#2935 = ORIENTED_EDGE ( 'NONE', *, *, #4711, .F. ) ;
#2936 = CARTESIAN_POINT ( 'NONE',  ( 2.215000000000000746, 0.6614108798023753399, 1.249999999999999112 ) ) ;
#2937 = EDGE_LOOP ( 'NONE', ( #3445, #3816, #6542, #4746 ) ) ;
#2938 = ORIENTED_EDGE ( 'NONE', *, *, #9525, .T. ) ;
#2939 = FACE_OUTER_BOUND ( 'NONE', #6146, .T. ) ;
#2940 = FACE_OUTER_BOUND ( 'NONE', #10532, .T. ) ;
#2941 = EDGE_CURVE ( 'NONE', #2446, #7486, #3832, .T. ) ;
#2942 = CARTESIAN_POINT ( 'NONE',  ( 0.6350000000000007860, 0.1999999999999999833, 2.500000000000001332 ) ) ;
#2943 = CARTESIAN_POINT ( 'NONE',  ( -0.7499999999999991118, 0.2000000000000000111, 2.215000000000001190 ) ) ;
#2944 = ORIENTED_EDGE ( 'NONE', *, *, #4418, .T. ) ;
#2945 = ORIENTED_EDGE ( 'NONE', *, *, #8681, .T. ) ;
#2946 = VECTOR ( 'NONE', #1698, 1000.000000000000000 ) ;
#2947 = ADVANCED_FACE ( 'NONE', ( #6265 ), #7030, .T. ) ;
#2948 = ORIENTED_EDGE ( 'NONE', *, *, #2204, .T. ) ;
#2949 = CARTESIAN_POINT ( 'NONE',  ( 1.865000000000000879, 0.2000000000000000111, -2.215000000000001190 ) ) ;
#2950 = ORIENTED_EDGE ( 'NONE', *, *, #3794, .T. ) ;
#2951 = DIRECTION ( 'NONE',  ( 0.000000000000000000, 0.000000000000000000, -1.000000000000000000 ) ) ;
#2952 = CARTESIAN_POINT ( 'NONE',  ( 1.135000000000000675, 0.2000000000000000111, -2.215000000000001190 ) ) ;
#2953 = CARTESIAN_POINT ( 'NONE',  ( -1.864999999999999325, 0.1999999999999999833, -2.500000000000001332 ) ) ;
#2954 = LINE ( 'NONE', #8683, #2334 ) ;
#2955 = FACE_OUTER_BOUND ( 'NONE', #6423, .T. ) ;
#2956 = ADVANCED_FACE ( 'NONE', ( #4483 ), #2781, .T. ) ;
#2957 = VECTOR ( 'NONE', #8156, 1000.000000000000000 ) ;
#2958 = CARTESIAN_POINT ( 'NONE',  ( -1.364999999999999325, 0.2000000000000000111, 2.500000000000001332 ) ) ;
#2959 = VERTEX_POINT ( 'NONE', #288 ) ;
#2960 = EDGE_CURVE ( 'NONE', #6533, #4485, #10402, .T. ) ;
#2961 = DIRECTION ( 'NONE',  ( 0.000000000000000000, -0.000000000000000000, 1.000000000000000000 ) ) ;
#2962 = VECTOR ( 'NONE', #9756, 1000.000000000000000 ) ;
#2963 = CARTESIAN_POINT ( 'NONE',  ( 0.3650000000000007683, 0.2000000000000000111, 2.215000000000001190 ) ) ;
#2964 = FACE_OUTER_BOUND ( 'NONE', #6022, .T. ) ;
#2965 = DIRECTION ( 'NONE',  ( 0.000000000000000000, 0.000000000000000000, 1.000000000000000000 ) ) ;
#2966 = ADVANCED_FACE ( 'NONE', ( #2992 ), #4646, .F. ) ;
#2967 = DIRECTION ( 'NONE',  ( 0.000000000000000000, 0.000000000000000000, 1.000000000000000000 ) ) ;
#2968 = PLANE ( 'NONE',  #377 ) ;
#2969 = CARTESIAN_POINT ( 'NONE',  ( -0.8649999999999992140, 0.2000000000000000111, 2.500000000000001332 ) ) ;
#2970 = ORIENTED_EDGE ( 'NONE', *, *, #7012, .T. ) ;
#2971 = EDGE_CURVE ( 'NONE', #4589, #3537, #10730, .T. ) ;
#2972 = FACE_OUTER_BOUND ( 'NONE', #6865, .T. ) ;
#2973 = EDGE_CURVE ( 'NONE', #7486, #483, #9890, .T. ) ;
#2974 = FACE_OUTER_BOUND ( 'NONE', #2410, .T. ) ;
#2975 = CARTESIAN_POINT ( 'NONE',  ( 2.500000000000001332, 0.1999999999999999833, -0.1349999999999994815 ) ) ;
#2976 =( NAMED_UNIT ( * ) SI_UNIT ( $, .STERADIAN. ) SOLID_ANGLE_UNIT ( ) );
#2977 = VECTOR ( 'NONE', #1234, 1000.000000000000000 ) ;
#2978 = DIRECTION ( 'NONE',  ( 1.000000000000000000, 0.000000000000000000, 0.000000000000000000 ) ) ;
#2979 = LINE ( 'NONE', #2767, #8494 ) ;
#2980 = CIRCLE ( 'NONE', #4384, 0.2500000000000000000 ) ;
#2981 = ORIENTED_EDGE ( 'NONE', *, *, #4650, .T. ) ;
#2982 = VERTEX_POINT ( 'NONE', #9835 ) ;
#2983 = DIRECTION ( 'NONE',  ( 0.000000000000000000, -1.000000000000000000, 0.000000000000000000 ) ) ;
#2984 = EDGE_CURVE ( 'NONE', #8305, #5749, #10783, .T. ) ;
#2985 = VERTEX_POINT ( 'NONE', #7354 ) ;
#2986 = EDGE_LOOP ( 'NONE', ( #9091, #7672, #5746, #4932 ) ) ;
#2987 = ORIENTED_EDGE ( 'NONE', *, *, #2137, .F. ) ;
#2988 = ORIENTED_EDGE ( 'NONE', *, *, #5432, .F. ) ;
#2989 = LINE ( 'NONE', #2888, #4191 ) ;
#2990 = CARTESIAN_POINT ( 'NONE',  ( 2.215000000000000746, 0.1999999999999999833, -1.134999999999999343 ) ) ;
#2991 = FACE_OUTER_BOUND ( 'NONE', #691, .T. ) ;
#2992 = FACE_OUTER_BOUND ( 'NONE', #4702, .T. ) ;
#2993 = EDGE_CURVE ( 'NONE', #6234, #7296, #8073, .T. ) ;
#2994 = ORIENTED_EDGE ( 'NONE', *, *, #6604, .F. ) ;
#2995 = EDGE_LOOP ( 'NONE', ( #5871, #9781, #6860, #3006 ) ) ;
#2996 = ORIENTED_EDGE ( 'NONE', *, *, #1072, .F. ) ;
#2997 = FACE_OUTER_BOUND ( 'NONE', #3232, .T. ) ;
#2998 = ORIENTED_EDGE ( 'NONE', *, *, #3218, .F. ) ;
#2999 = CARTESIAN_POINT ( 'NONE',  ( 2.499999999999999556, 0.05000000000000000278, -2.500000000000001332 ) ) ;
#3000 = CARTESIAN_POINT ( 'NONE',  ( -0.6349999999999992317, 0.04999999999999969746, -2.500000000000001332 ) ) ;
#3001 = DIRECTION ( 'NONE',  ( -0.000000000000000000, -1.000000000000000000, -0.000000000000000000 ) ) ;
#3002 = FACE_OUTER_BOUND ( 'NONE', #8714, .T. ) ;
#3003 = DIRECTION ( 'NONE',  ( -0.000000000000000000, -1.000000000000000000, -0.000000000000000000 ) ) ;
#3004 = CYLINDRICAL_SURFACE ( 'NONE', #3401, 0.1150000000000001993 ) ;
#3005 = ADVANCED_FACE ( 'NONE', ( #5799 ), #9058, .T. ) ;
#3006 = ORIENTED_EDGE ( 'NONE', *, *, #1720, .T. ) ;
#3007 = LINE ( 'NONE', #8963, #9739 ) ;
#3008 = CYLINDRICAL_SURFACE ( 'NONE', #6572, 0.1150000000000000883 ) ;
#3009 = LINE ( 'NONE', #6379, #17 ) ;
#3010 = LINE ( 'NONE', #6381, #2962 ) ;
#3011 = VECTOR ( 'NONE', #8692, 1000.000000000000000 ) ;
#3012 = PLANE ( 'NONE',  #6209 ) ;
#3013 = DIRECTION ( 'NONE',  ( 7.608436298143875282E-16, 0.000000000000000000, -1.000000000000000000 ) ) ;
#3014 = EDGE_CURVE ( 'NONE', #9825, #4263, #7240, .T. ) ;
#3015 = VERTEX_POINT ( 'NONE', #3989 ) ;
#3016 = CIRCLE ( 'NONE', #376, 0.1150000000000001993 ) ;
#3017 = CARTESIAN_POINT ( 'NONE',  ( -0.6349999999999990097, 0.04999999999999999584, 2.215000000000001190 ) ) ;
#3018 = CARTESIAN_POINT ( 'NONE',  ( 2.215000000000000746, 0.6614108798023753399, -1.865000000000001101 ) ) ;
#3019 = AXIS2_PLACEMENT_3D ( 'NONE', #6952, #10260, #4512 ) ;
#3020 = DIRECTION ( 'NONE',  ( -1.000000000000000000, 0.000000000000000000, 0.000000000000000000 ) ) ;
#3021 = DIRECTION ( 'NONE',  ( -1.000000000000000000, 0.000000000000000000, 0.000000000000000000 ) ) ;
#3022 = ORIENTED_EDGE ( 'NONE', *, *, #3410, .F. ) ;
#3023 = PLANE ( 'NONE',  #5685 ) ;
#3024 = AXIS2_PLACEMENT_3D ( 'NONE', #6383, #10814, #8202 ) ;
#3025 = EDGE_CURVE ( 'NONE', #4489, #10506, #9167, .T. ) ;
#3026 = VECTOR ( 'NONE', #9846, 1000.000000000000000 ) ;
#3027 = AXIS2_PLACEMENT_3D ( 'NONE', #8455, #1058, #6823 ) ;
#3028 = EDGE_CURVE ( 'NONE', #6475, #1155, #9582, .T. ) ;
#3029 = VECTOR ( 'NONE', #1650, 1000.000000000000000 ) ;
#3030 = ORIENTED_EDGE ( 'NONE', *, *, #5580, .F. ) ;
#3031 = PLANE ( 'NONE',  #10805 ) ;
#3032 = ORIENTED_EDGE ( 'NONE', *, *, #3028, .T. ) ;
#3033 = ORIENTED_EDGE ( 'NONE', *, *, #617, .F. ) ;
#3034 = AXIS2_PLACEMENT_3D ( 'NONE', #8210, #1526, #4072 ) ;
#3035 = PLANE ( 'NONE',  #9601 ) ;
#3036 = AXIS2_PLACEMENT_3D ( 'NONE', #8642, #113, #5287 ) ;
#3037 = VERTEX_POINT ( 'NONE', #7462 ) ;
#3038 = DIRECTION ( 'NONE',  ( 0.000000000000000000, 0.000000000000000000, -1.000000000000000000 ) ) ;
#3039 = VERTEX_POINT ( 'NONE', #10612 ) ;
#3040 = CARTESIAN_POINT ( 'NONE',  ( 0.3650000000000007683, 0.2000000000000005107, 2.499999999999999112 ) ) ;
#3041 = SURFACE_SIDE_STYLE ('',( #3092 ) ) ;
#3042 = AXIS2_PLACEMENT_3D ( 'NONE', #1827, #114, #1659 ) ;
#3043 = CARTESIAN_POINT ( 'NONE',  ( -2.215000000000000746, 0.6614108798023753399, 1.135000000000000231 ) ) ;
#3044 = AXIS2_PLACEMENT_3D ( 'NONE', #3727, #1792, #5159 ) ;
#3045 = CARTESIAN_POINT ( 'NONE',  ( 0.3650000000000007683, 0.2000000000000000111, -2.500000000000001332 ) ) ;
#3046 = ORIENTED_EDGE ( 'NONE', *, *, #351, .T. ) ;
#3047 = VECTOR ( 'NONE', #3898, 1000.000000000000000 ) ;
#3048 = MECHANICAL_DESIGN_GEOMETRIC_PRESENTATION_REPRESENTATION (  '', ( #3965 ), #9248 ) ;
#3049 = ORIENTED_EDGE ( 'NONE', *, *, #7846, .F. ) ;
#3050 = VECTOR ( 'NONE', #6966, 1000.000000000000000 ) ;
#3051 = ADVANCED_FACE ( 'NONE', ( #1493 ), #6634, .F. ) ;
#3052 = ORIENTED_EDGE ( 'NONE', *, *, #2050, .T. ) ;
#3053 = DIRECTION ( 'NONE',  ( 0.000000000000000000, -0.000000000000000000, 1.000000000000000000 ) ) ;
#3054 = VERTEX_POINT ( 'NONE', #3937 ) ;
#3055 = DIRECTION ( 'NONE',  ( 0.000000000000000000, 1.000000000000000000, -0.000000000000000000 ) ) ;
#3056 = CARTESIAN_POINT ( 'NONE',  ( -0.1349999999999992595, 0.1999999999999999833, 2.215000000000001190 ) ) ;
#3057 = PRESENTATION_LAYER_ASSIGNMENT (  '', '', ( #5512 ) ) ;
#3058 = DIRECTION ( 'NONE',  ( 0.000000000000000000, 0.000000000000000000, -1.000000000000000000 ) ) ;
#3059 = CARTESIAN_POINT ( 'NONE',  ( -2.500000000000001332, 0.6614108798023753399, -0.6349999999999994538 ) ) ;
#3060 = DIRECTION ( 'NONE',  ( 0.000000000000000000, -0.000000000000000000, -1.000000000000000000 ) ) ;
#3061 = AXIS2_PLACEMENT_3D ( 'NONE', #10546, #4397, #7775 ) ;
#3062 = CARTESIAN_POINT ( 'NONE',  ( 2.500000000000002220, 0.000000000000000000, 1.635000000000000009 ) ) ;
#3063 = AXIS2_PLACEMENT_3D ( 'NONE', #7086, #3053, #9641 ) ;
#3064 = VERTEX_POINT ( 'NONE', #662 ) ;
#3065 = CARTESIAN_POINT ( 'NONE',  ( 0.7500000000000008882, 0.04999999999999999584, 2.100000000000000977 ) ) ;
#3066 = CARTESIAN_POINT ( 'NONE',  ( 1.365000000000000657, 0.1999999999999999833, 2.500000000000001332 ) ) ;
#3067 = DIRECTION ( 'NONE',  ( 1.521687259628770718E-15, 0.000000000000000000, 1.000000000000000000 ) ) ;
#3068 = CARTESIAN_POINT ( 'NONE',  ( 2.215000000000000746, 0.05000000000000002359, 0.3650000000000007683 ) ) ;
#3069 = CARTESIAN_POINT ( 'NONE',  ( 0.8650000000000007683, 0.2000000000000000111, -2.215000000000001190 ) ) ;
#3070 = VECTOR ( 'NONE', #6999, 1000.000000000000000 ) ;
#3071 = CARTESIAN_POINT ( 'NONE',  ( 1.750000000000000888, 0.6614108798023734526, 2.215000000000001190 ) ) ;
#3072 = VERTEX_POINT ( 'NONE', #4089 ) ;
#3073 = FACE_OUTER_BOUND ( 'NONE', #457, .T. ) ;
#3074 = EDGE_CURVE ( 'NONE', #5666, #7835, #4043, .T. ) ;
#3075 = EDGE_CURVE ( 'NONE', #5326, #7225, #10849, .T. ) ;
#3076 = DIRECTION ( 'NONE',  ( 0.000000000000000000, 0.000000000000000000, -1.000000000000000000 ) ) ;
#3077 = CARTESIAN_POINT ( 'NONE',  ( 1.365000000000000657, 0.2000000000000000111, -2.500000000000001332 ) ) ;
#3078 = DIRECTION ( 'NONE',  ( 0.000000000000000000, 0.000000000000000000, -1.000000000000000000 ) ) ;
#3079 = ORIENTED_EDGE ( 'NONE', *, *, #10514, .T. ) ;
#3080 = DIRECTION ( 'NONE',  ( 0.000000000000000000, 0.000000000000000000, -1.000000000000000000 ) ) ;
#3081 = EDGE_CURVE ( 'NONE', #9488, #8971, #9955, .T. ) ;
#3082 = ADVANCED_FACE ( 'NONE', ( #3262 ), #2396, .F. ) ;
#3083 = VERTEX_POINT ( 'NONE', #7300 ) ;
#3084 = LINE ( 'NONE', #3869, #6034 ) ;
#3085 = VERTEX_POINT ( 'NONE', #2221 ) ;
#3086 = EDGE_LOOP ( 'NONE', ( #7181, #763, #10203, #8962 ) ) ;
#3087 = EDGE_CURVE ( 'NONE', #5604, #8635, #6039, .T. ) ;
#3088 = PRESENTATION_STYLE_ASSIGNMENT (( #8934 ) ) ;
#3089 = DIRECTION ( 'NONE',  ( 0.000000000000000000, 1.000000000000000000, 0.000000000000000000 ) ) ;
#3090 = ORIENTED_EDGE ( 'NONE', *, *, #2275, .F. ) ;
#3091 = LINE ( 'NONE', #9833, #9671 ) ;
#3092 = SURFACE_STYLE_FILL_AREA ( #8175 ) ;
#3093 = DIRECTION ( 'NONE',  ( 0.000000000000000000, 1.000000000000000000, -0.000000000000000000 ) ) ;
#3094 = EDGE_CURVE ( 'NONE', #3054, #8249, #5626, .T. ) ;
#3095 = DIRECTION ( 'NONE',  ( -0.000000000000000000, -0.000000000000000000, 1.000000000000000000 ) ) ;
#3096 = VECTOR ( 'NONE', #5476, 1000.000000000000000 ) ;
#3097 = ORIENTED_EDGE ( 'NONE', *, *, #5189, .T. ) ;
#3098 = EDGE_LOOP ( 'NONE', ( #3858, #8321, #8107, #4185 ) ) ;
#3099 = ORIENTED_EDGE ( 'NONE', *, *, #4574, .F. ) ;
#3100 = AXIS2_PLACEMENT_3D ( 'NONE', #8053, #480, #10497 ) ;
#3101 = VERTEX_POINT ( 'NONE', #4915 ) ;
#3102 = ORIENTED_EDGE ( 'NONE', *, *, #6000, .T. ) ;
#3103 = FACE_OUTER_BOUND ( 'NONE', #2937, .T. ) ;
#3104 = LINE ( 'NONE', #7252, #2091 ) ;
#3105 = LINE ( 'NONE', #6478, #9198 ) ;
#3106 = PLANE ( 'NONE',  #6223 ) ;
#3107 = ORIENTED_EDGE ( 'NONE', *, *, #1279, .T. ) ;
#3108 = DIRECTION ( 'NONE',  ( 1.000000000000000000, -0.000000000000000000, 7.608436298143888101E-16 ) ) ;
#3109 = ORIENTED_EDGE ( 'NONE', *, *, #10142, .T. ) ;
#3110 = EDGE_CURVE ( 'NONE', #1512, #4110, #1452, .T. ) ;
#3111 = VECTOR ( 'NONE', #4675, 1000.000000000000000 ) ;
#3112 = VERTEX_POINT ( 'NONE', #10112 ) ;
#3113 = DIRECTION ( 'NONE',  ( -0.000000000000000000, -1.000000000000000000, -0.000000000000000000 ) ) ;
#3114 = EDGE_CURVE ( 'NONE', #3085, #712, #5186, .T. ) ;
#3115 = DIRECTION ( 'NONE',  ( 0.000000000000000000, 0.000000000000000000, 1.000000000000000000 ) ) ;
#3116 = DIRECTION ( 'NONE',  ( 1.000000000000000000, 0.000000000000000000, -1.521687259628770718E-15 ) ) ;
#3117 = DIRECTION ( 'NONE',  ( 0.000000000000000000, 0.000000000000000000, 1.000000000000000000 ) ) ;
#3118 = FACE_OUTER_BOUND ( 'NONE', #10607, .T. ) ;
#3119 = CIRCLE ( 'NONE', #7006, 0.1150000000000000883 ) ;
#3120 = DIRECTION ( 'NONE',  ( 1.000000000000000000, 0.000000000000000000, -7.608436298143876268E-16 ) ) ;
#3121 = DIRECTION ( 'NONE',  ( 0.000000000000000000, 0.000000000000000000, -1.000000000000000000 ) ) ;
#3122 = EDGE_LOOP ( 'NONE', ( #3978, #2332, #2021, #1707 ) ) ;
#3123 = ADVANCED_FACE ( 'NONE', ( #772 ), #5849, .T. ) ;
#3124 = DIRECTION ( 'NONE',  ( 0.000000000000000000, -0.000000000000000000, 1.000000000000000000 ) ) ;
#3125 = UNCERTAINTY_MEASURE_WITH_UNIT (LENGTH_MEASURE( 1.000000000000000082E-05 ), #10154, 'distance_accuracy_value', 'NONE');
#3126 = DIRECTION ( 'NONE',  ( 0.000000000000000000, 1.000000000000000000, 0.000000000000000000 ) ) ;
#3127 = CARTESIAN_POINT ( 'NONE',  ( 1.365000000000000657, 0.2000000000000000111, -2.500000000000001332 ) ) ;
#3128 = PLANE ( 'NONE',  #2601 ) ;
#3129 =( NAMED_UNIT ( * ) PLANE_ANGLE_UNIT ( ) SI_UNIT ( $, .RADIAN. ) );
#3130 = VECTOR ( 'NONE', #4689, 1000.000000000000000 ) ;
#3131 = ORIENTED_EDGE ( 'NONE', *, *, #9556, .F. ) ;
#3132 = DIRECTION ( 'NONE',  ( 0.000000000000000000, -0.000000000000000000, 1.000000000000000000 ) ) ;
#3133 = EDGE_CURVE ( 'NONE', #9157, #10919, #5966, .T. ) ;
#3134 = ORIENTED_EDGE ( 'NONE', *, *, #7256, .T. ) ;
#3135 = ORIENTED_EDGE ( 'NONE', *, *, #1587, .F. ) ;
#3136 = DIRECTION ( 'NONE',  ( 0.000000000000000000, -1.000000000000000000, 0.000000000000000000 ) ) ;
#3137 = EDGE_CURVE ( 'NONE', #1992, #3946, #1714, .T. ) ;
#3138 = ORIENTED_EDGE ( 'NONE', *, *, #661, .T. ) ;
#3139 = ORIENTED_EDGE ( 'NONE', *, *, #6548, .T. ) ;
#3140 = CARTESIAN_POINT ( 'NONE',  ( -1.749999999999999112, 0.2000000000000000111, 2.215000000000001190 ) ) ;
#3141 = SURFACE_SIDE_STYLE ('',( #5682 ) ) ;
#3142 = ORIENTED_EDGE ( 'NONE', *, *, #8124, .T. ) ;
#3143 = FACE_OUTER_BOUND ( 'NONE', #6888, .T. ) ;
#3144 = DIRECTION ( 'NONE',  ( 0.000000000000000000, 0.000000000000000000, 1.000000000000000000 ) ) ;
#3145 = LINE ( 'NONE', #5468, #9748 ) ;
#3146 = DIRECTION ( 'NONE',  ( 3.771137991253918417E-15, 0.000000000000000000, -1.000000000000000000 ) ) ;
#3147 = EDGE_LOOP ( 'NONE', ( #9914, #3334, #4736, #5627 ) ) ;
#3148 = ORIENTED_EDGE ( 'NONE', *, *, #7286, .F. ) ;
#3149 = ADVANCED_FACE ( 'NONE', ( #989 ), #3368, .T. ) ;
#3150 = ORIENTED_EDGE ( 'NONE', *, *, #2622, .F. ) ;
#3151 = ORIENTED_EDGE ( 'NONE', *, *, #1735, .F. ) ;
#3152 = ORIENTED_EDGE ( 'NONE', *, *, #3114, .F. ) ;
#3153 = CARTESIAN_POINT ( 'NONE',  ( -1.749999999999999112, 0.2000000000000000111, 2.215000000000001190 ) ) ;
#3154 = DIRECTION ( 'NONE',  ( 0.000000000000000000, -1.000000000000000000, 0.000000000000000000 ) ) ;
#3155 = DIRECTION ( 'NONE',  ( -1.000000000000000000, 0.000000000000000000, 8.673617379884035472E-17 ) ) ;
#3156 = DIRECTION ( 'NONE',  ( -0.000000000000000000, -1.000000000000000000, -0.000000000000000000 ) ) ;
#3157 = CARTESIAN_POINT ( 'NONE',  ( 1.135000000000000897, 0.2000000000000000111, 2.500000000000001332 ) ) ;
#3158 = CYLINDRICAL_SURFACE ( 'NONE', #10099, 0.1150000000000000883 ) ;
#3159 = EDGE_LOOP ( 'NONE', ( #5722, #9612, #8998, #10934 ) ) ;
#3160 = ADVANCED_FACE ( 'NONE', ( #2561 ), #3428, .F. ) ;
#3161 = EDGE_CURVE ( 'NONE', #1046, #7687, #6906, .T. ) ;
#3162 = ORIENTED_EDGE ( 'NONE', *, *, #4363, .T. ) ;
#3163 = DIRECTION ( 'NONE',  ( 3.771137991253918417E-15, -0.000000000000000000, 1.000000000000000000 ) ) ;
#3164 = ORIENTED_EDGE ( 'NONE', *, *, #3226, .F. ) ;
#3165 = DIRECTION ( 'NONE',  ( -1.000000000000000000, 0.000000000000000000, 7.608436298143875282E-16 ) ) ;
#3166 = CARTESIAN_POINT ( 'NONE',  ( 2.500000000000002220, 0.6614108798023753399, 1.635000000000000009 ) ) ;
#3167 = DIRECTION ( 'NONE',  ( -7.608436298143888101E-16, 0.000000000000000000, -1.000000000000000000 ) ) ;
#3168 = LINE ( 'NONE', #9980, #901 ) ;
#3169 = AXIS2_PLACEMENT_3D ( 'NONE', #10899, #9223, #6855 ) ;
#3170 = DIRECTION ( 'NONE',  ( 1.000000000000000000, 0.000000000000000000, -7.608436298143875282E-16 ) ) ;
#3171 = ORIENTED_EDGE ( 'NONE', *, *, #7053, .F. ) ;
#3172 = ORIENTED_EDGE ( 'NONE', *, *, #2148, .T. ) ;
#3173 = EDGE_CURVE ( 'NONE', #10732, #9971, #6804, .T. ) ;
#3174 = ORIENTED_EDGE ( 'NONE', *, *, #3110, .F. ) ;
#3175 = VERTEX_POINT ( 'NONE', #7512 ) ;
#3176 = PRESENTATION_LAYER_ASSIGNMENT (  '', '', ( #8811 ) ) ;
#3177 = ADVANCED_FACE ( 'NONE', ( #872 ), #10901, .F. ) ;
#3178 = CARTESIAN_POINT ( 'NONE',  ( 1.635000000000000897, 0.000000000000000000, -2.500000000000001332 ) ) ;
#3179 = DIRECTION ( 'NONE',  ( 0.000000000000000000, 0.000000000000000000, -1.000000000000000000 ) ) ;
#3180 = ORIENTED_EDGE ( 'NONE', *, *, #10462, .T. ) ;
#3181 = CARTESIAN_POINT ( 'NONE',  ( -0.1349999999999992595, 0.000000000000000000, -2.215000000000001190 ) ) ;
#3182 = CARTESIAN_POINT ( 'NONE',  ( 2.500000000000001332, 0.1999999999999999833, -0.1349999999999994815 ) ) ;
#3183 = DIRECTION ( 'NONE',  ( 0.000000000000000000, 1.000000000000000000, 0.000000000000000000 ) ) ;
#3184 = LINE ( 'NONE', #9941, #4080 ) ;
#3185 = ADVANCED_FACE ( 'NONE', ( #10054 ), #8492, .T. ) ;
#3186 = VECTOR ( 'NONE', #1909, 1000.000000000000000 ) ;
#3187 = ORIENTED_EDGE ( 'NONE', *, *, #9851, .T. ) ;
#3188 = VECTOR ( 'NONE', #10043, 1000.000000000000000 ) ;
#3189 = ORIENTED_EDGE ( 'NONE', *, *, #6388, .F. ) ;
#3190 = DIRECTION ( 'NONE',  ( 0.000000000000000000, -0.000000000000000000, -1.000000000000000000 ) ) ;
#3191 = ORIENTED_EDGE ( 'NONE', *, *, #9614, .F. ) ;
#3192 =( NAMED_UNIT ( * ) PLANE_ANGLE_UNIT ( ) SI_UNIT ( $, .RADIAN. ) );
#3193 = PLANE ( 'NONE',  #6446 ) ;
#3194 = FACE_OUTER_BOUND ( 'NONE', #8657, .T. ) ;
#3195 = VERTEX_POINT ( 'NONE', #5910 ) ;
#3196 = DIRECTION ( 'NONE',  ( 7.608436298143888101E-16, 0.000000000000000000, -1.000000000000000000 ) ) ;
#3197 = CARTESIAN_POINT ( 'NONE',  ( 1.365000000000000657, 0.05000000000000000278, 0.000000000000000000 ) ) ;
#3198 = VECTOR ( 'NONE', #10372, 1000.000000000000000 ) ;
#3199 = DIRECTION ( 'NONE',  ( 7.608436298143888101E-16, 0.000000000000000000, -1.000000000000000000 ) ) ;
#3200 = CARTESIAN_POINT ( 'NONE',  ( -1.365000000000001101, 0.05000000000000000278, 1.038551554696641764E-15 ) ) ;
#3201 = CIRCLE ( 'NONE', #1617, 0.1150000000000001993 ) ;
#3202 = AXIS2_PLACEMENT_3D ( 'NONE', #5524, #9520, #397 ) ;
#3203 = VECTOR ( 'NONE', #3700, 1000.000000000000000 ) ;
#3204 = VERTEX_POINT ( 'NONE', #4195 ) ;
#3205 = ORIENTED_EDGE ( 'NONE', *, *, #6384, .T. ) ;
#3206 = EDGE_CURVE ( 'NONE', #7631, #8813, #4150, .T. ) ;
#3207 = AXIS2_PLACEMENT_3D ( 'NONE', #7171, #10376, #2806 ) ;
#3208 = ORIENTED_EDGE ( 'NONE', *, *, #7004, .T. ) ;
#3209 = AXIS2_PLACEMENT_3D ( 'NONE', #7779, #3530, #8550 ) ;
#3210 = VERTEX_POINT ( 'NONE', #63 ) ;
#3211 = FILL_AREA_STYLE ('',( #1383 ) ) ;
#3212 = VECTOR ( 'NONE', #8595, 1000.000000000000000 ) ;
#3213 = AXIS2_PLACEMENT_3D ( 'NONE', #4002, #7206, #415 ) ;
#3214 = ORIENTED_EDGE ( 'NONE', *, *, #1072, .T. ) ;
#3215 = DIRECTION ( 'NONE',  ( 0.000000000000000000, 0.000000000000000000, 1.000000000000000000 ) ) ;
#3216 = ORIENTED_EDGE ( 'NONE', *, *, #7241, .T. ) ;
#3217 = CARTESIAN_POINT ( 'NONE',  ( 2.215000000000000746, 0.000000000000000000, 1.865000000000000879 ) ) ;
#3218 = EDGE_CURVE ( 'NONE', #5720, #10157, #8339, .T. ) ;
#3219 = ADVANCED_FACE ( 'NONE', ( #7681 ), #9226, .F. ) ;
#3220 = FACE_OUTER_BOUND ( 'NONE', #10619, .T. ) ;
#3221 = DIRECTION ( 'NONE',  ( -0.000000000000000000, -1.000000000000000000, -0.000000000000000000 ) ) ;
#3222 = CARTESIAN_POINT ( 'NONE',  ( -2.500000000000002220, 0.04999999999999969746, -1.365000000000000213 ) ) ;
#3223 = VECTOR ( 'NONE', #5093, 1000.000000000000000 ) ;
#3224 = STYLED_ITEM ( 'NONE', ( #5452 ), #6149 ) ;
#3225 = EDGE_LOOP ( 'NONE', ( #8364, #7639, #9787, #1859, #4648 ) ) ;
#3226 = EDGE_CURVE ( 'NONE', #1602, #135, #7980, .T. ) ;
#3227 = VECTOR ( 'NONE', #1864, 1000.000000000000000 ) ;
#3228 = ORIENTED_EDGE ( 'NONE', *, *, #5471, .F. ) ;
#3229 = PRESENTATION_LAYER_ASSIGNMENT (  '', '', ( #9762 ) ) ;
#3230 = LINE ( 'NONE', #7418, #2201 ) ;
#3231 = COLOUR_RGB ( '',0.2509803921568627416, 0.2509803921568627416, 0.2509803921568627416 ) ;
#3232 = EDGE_LOOP ( 'NONE', ( #10138, #1835, #2331, #4592 ) ) ;
#3233 = LINE ( 'NONE', #6607, #8680 ) ;
#3234 = DIRECTION ( 'NONE',  ( -7.608436298143875282E-16, 0.000000000000000000, -1.000000000000000000 ) ) ;
#3235 = DIRECTION ( 'NONE',  ( 0.000000000000000000, 0.000000000000000000, -1.000000000000000000 ) ) ;
#3236 = AXIS2_PLACEMENT_3D ( 'NONE', #8768, #7850, #225 ) ;
#3237 = DIRECTION ( 'NONE',  ( 0.000000000000000000, 0.000000000000000000, 1.000000000000000000 ) ) ;
#3238 = ADVANCED_FACE ( 'NONE', ( #2657 ), #9383, .T. ) ;
#3239 = CARTESIAN_POINT ( 'NONE',  ( -1.634999999999999343, 0.2000000000000000111, -2.215000000000001190 ) ) ;
#3240 = ORIENTED_EDGE ( 'NONE', *, *, #5602, .F. ) ;
#3241 = EDGE_LOOP ( 'NONE', ( #10694, #2870, #4034, #4271 ) ) ;
#3242 = VECTOR ( 'NONE', #266, 1000.000000000000000 ) ;
#3243 = ORIENTED_EDGE ( 'NONE', *, *, #7883, .F. ) ;
#3244 = LINE ( 'NONE', #4020, #4970 ) ;
#3245 = AXIS2_PLACEMENT_3D ( 'NONE', #739, #10754, #10699 ) ;
#3246 = DIRECTION ( 'NONE',  ( 7.608436298143888101E-16, 0.000000000000000000, -1.000000000000000000 ) ) ;
#3247 = DIRECTION ( 'NONE',  ( 0.000000000000000000, -1.000000000000000000, 0.000000000000000000 ) ) ;
#3248 = AXIS2_PLACEMENT_3D ( 'NONE', #8079, #505, #2020 ) ;
#3249 = DIRECTION ( 'NONE',  ( 0.000000000000000000, 0.000000000000000000, 1.000000000000000000 ) ) ;
#3250 = DIRECTION ( 'NONE',  ( -0.000000000000000000, -1.000000000000000000, -0.000000000000000000 ) ) ;
#3251 = CARTESIAN_POINT ( 'NONE',  ( 2.500000000000001332, 0.1999999999999999833, -0.6349999999999994538 ) ) ;
#3252 = ORIENTED_EDGE ( 'NONE', *, *, #8207, .T. ) ;
#3253 = EDGE_CURVE ( 'NONE', #9258, #9411, #4572, .T. ) ;
#3254 = ORIENTED_EDGE ( 'NONE', *, *, #5087, .T. ) ;
#3255 = ORIENTED_EDGE ( 'NONE', *, *, #1470, .T. ) ;
#3256 = CARTESIAN_POINT ( 'NONE',  ( 1.365000000000000879, 0.1999999999999999833, 2.215000000000001190 ) ) ;
#3257 = EDGE_LOOP ( 'NONE', ( #7334, #9249, #2570, #8088 ) ) ;
#3258 = ORIENTED_EDGE ( 'NONE', *, *, #5396, .F. ) ;
#3259 = LINE ( 'NONE', #10006, #1157 ) ;
#3260 = CARTESIAN_POINT ( 'NONE',  ( -0.8649999999999992140, 0.2000000000000000111, -2.500000000000001332 ) ) ;
#3261 = CARTESIAN_POINT ( 'NONE',  ( -0.2499999999999991396, 0.2000000000000000111, 2.215000000000001190 ) ) ;
#3262 = FACE_OUTER_BOUND ( 'NONE', #2558, .T. ) ;
#3263 = EDGE_LOOP ( 'NONE', ( #8605, #6168, #3603, #5758, #9409 ) ) ;
#3264 = EDGE_LOOP ( 'NONE', ( #2503, #3298, #10447, #3033 ) ) ;
#3265 = ORIENTED_EDGE ( 'NONE', *, *, #10415, .T. ) ;
#3266 = VERTEX_POINT ( 'NONE', #10550 ) ;
#3267 = SURFACE_STYLE_FILL_AREA ( #10856 ) ;
#3268 = ADVANCED_FACE ( 'NONE', ( #6183 ), #375, .F. ) ;
#3269 = ORIENTED_EDGE ( 'NONE', *, *, #1031, .T. ) ;
#3270 = VECTOR ( 'NONE', #9950, 1000.000000000000000 ) ;
#3271 = CARTESIAN_POINT ( 'NONE',  ( 1.750000000000000666, 0.2000000000000000111, -2.215000000000001190 ) ) ;
#3272 = AXIS2_PLACEMENT_3D ( 'NONE', #1444, #562, #7361 ) ;
#3273 = CARTESIAN_POINT ( 'NONE',  ( -2.500000000000002220, 0.1999999999999999833, -1.365000000000000213 ) ) ;
#3274 = DIRECTION ( 'NONE',  ( -1.000000000000000000, 0.000000000000000000, -1.521687259628770718E-15 ) ) ;
#3275 = DIRECTION ( 'NONE',  ( 0.000000000000000000, 1.000000000000000000, 0.000000000000000000 ) ) ;
#3276 = CARTESIAN_POINT ( 'NONE',  ( -2.500000000000000444, 0.2000000000000005107, -0.1349999999999997036 ) ) ;
#3277 = ORIENTED_EDGE ( 'NONE', *, *, #10353, .F. ) ;
#3278 = VECTOR ( 'NONE', #8317, 1000.000000000000000 ) ;
#3279 = VECTOR ( 'NONE', #2827, 1000.000000000000000 ) ;
#3280 = EDGE_CURVE ( 'NONE', #3539, #3204, #3590, .T. ) ;
#3281 = EDGE_CURVE ( 'NONE', #5422, #3302, #9554, .T. ) ;
#3282 = ORIENTED_EDGE ( 'NONE', *, *, #10656, .T. ) ;
#3283 = DIRECTION ( 'NONE',  ( 0.000000000000000000, 0.000000000000000000, 1.000000000000000000 ) ) ;
#3284 = ORIENTED_EDGE ( 'NONE', *, *, #8743, .T. ) ;
#3285 = EDGE_CURVE ( 'NONE', #9878, #8732, #1989, .T. ) ;
#3286 = CARTESIAN_POINT ( 'NONE',  ( 2.215000000000000746, 0.000000000000000000, 0.6349999999999988987 ) ) ;
#3287 = CARTESIAN_POINT ( 'NONE',  ( -1.749999999999999334, 0.2000000000000000111, -2.215000000000001190 ) ) ;
#3288 = DIRECTION ( 'NONE',  ( 0.000000000000000000, 0.000000000000000000, 1.000000000000000000 ) ) ;
#3289 = LINE ( 'NONE', #10031, #2852 ) ;
#3290 = DIRECTION ( 'NONE',  ( -7.608436298143888101E-16, 0.000000000000000000, -1.000000000000000000 ) ) ;
#3291 = ORIENTED_EDGE ( 'NONE', *, *, #2462, .F. ) ;
#3292 = EDGE_LOOP ( 'NONE', ( #1522, #1332, #8439, #8800 ) ) ;
#3293 = EDGE_CURVE ( 'NONE', #790, #3072, #10332, .T. ) ;
#3294 = CIRCLE ( 'NONE', #6126, 0.1150000000000000883 ) ;
#3295 = CARTESIAN_POINT ( 'NONE',  ( 0.1350000000000005640, 0.1999999999999999833, 2.215000000000001190 ) ) ;
#3296 = EDGE_CURVE ( 'NONE', #4, #4504, #8710, .T. ) ;
#3297 = DIRECTION ( 'NONE',  ( 0.000000000000000000, 0.000000000000000000, 1.000000000000000000 ) ) ;
#3298 = ORIENTED_EDGE ( 'NONE', *, *, #4588, .T. ) ;
#3299 = DIRECTION ( 'NONE',  ( -1.000000000000000000, 0.000000000000000000, -1.521687259628770718E-15 ) ) ;
#3300 = LINE ( 'NONE', #9205, #9911 ) ;
#3301 = DIRECTION ( 'NONE',  ( -0.000000000000000000, -0.000000000000000000, 1.000000000000000000 ) ) ;
#3302 = VERTEX_POINT ( 'NONE', #323 ) ;
#3303 = AXIS2_PLACEMENT_3D ( 'NONE', #5554, #7383, #3179 ) ;
#3304 = ORIENTED_EDGE ( 'NONE', *, *, #79, .T. ) ;
#3305 = EDGE_CURVE ( 'NONE', #3923, #8813, #4522, .T. ) ;
#3306 = EDGE_CURVE ( 'NONE', #1706, #10171, #1932, .T. ) ;
#3307 = CYLINDRICAL_SURFACE ( 'NONE', #7439, 0.1150000000000000883 ) ;
#3308 = EDGE_CURVE ( 'NONE', #4500, #7340, #7014, .T. ) ;
#3309 = ORIENTED_EDGE ( 'NONE', *, *, #8959, .T. ) ;
#3310 = ORIENTED_EDGE ( 'NONE', *, *, #10142, .F. ) ;
#3311 = DIRECTION ( 'NONE',  ( 0.000000000000000000, 1.000000000000000000, 0.000000000000000000 ) ) ;
#3312 = VECTOR ( 'NONE', #4011, 1000.000000000000000 ) ;
#3313 = FACE_OUTER_BOUND ( 'NONE', #4881, .T. ) ;
#3314 = CARTESIAN_POINT ( 'NONE',  ( -0.3649999999999992140, 0.6614108798023734526, -2.500000000000001332 ) ) ;
#3315 =( NAMED_UNIT ( * ) PLANE_ANGLE_UNIT ( ) SI_UNIT ( $, .RADIAN. ) );
#3316 = CARTESIAN_POINT ( 'NONE',  ( 0.2500000000000008882, 0.1999999999999999833, 2.215000000000001190 ) ) ;
#3317 = DIRECTION ( 'NONE',  ( -0.000000000000000000, -1.000000000000000000, -0.000000000000000000 ) ) ;
#3318 = ORIENTED_EDGE ( 'NONE', *, *, #8871, .T. ) ;
#3319 = EDGE_CURVE ( 'NONE', #7906, #10857, #4628, .T. ) ;
#3320 = ORIENTED_EDGE ( 'NONE', *, *, #117, .T. ) ;
#3321 = PLANE ( 'NONE',  #9942 ) ;
#3322 = ORIENTED_EDGE ( 'NONE', *, *, #10298, .T. ) ;
#3323 = DIRECTION ( 'NONE',  ( 0.000000000000000000, -1.000000000000000000, 0.000000000000000000 ) ) ;
#3324 = ORIENTED_EDGE ( 'NONE', *, *, #1200, .F. ) ;
#3325 = SURFACE_STYLE_USAGE ( .BOTH. , #2182 ) ;
#3326 = EDGE_CURVE ( 'NONE', #7877, #5143, #2979, .T. ) ;
#3327 = LINE ( 'NONE', #4204, #102 ) ;
#3328 = DIRECTION ( 'NONE',  ( 0.000000000000000000, 1.000000000000000000, 0.000000000000000000 ) ) ;
#3329 = DIRECTION ( 'NONE',  ( 0.000000000000000000, 0.000000000000000000, 1.000000000000000000 ) ) ;
#3330 = CARTESIAN_POINT ( 'NONE',  ( 0.6350000000000005640, 0.2000000000000000111, 2.215000000000001190 ) ) ;
#3331 = EDGE_LOOP ( 'NONE', ( #8480, #429, #1549, #5060 ) ) ;
#3332 = ORIENTED_EDGE ( 'NONE', *, *, #4693, .F. ) ;
#3333 = AXIS2_PLACEMENT_3D ( 'NONE', #2216, #1167, #7904 ) ;
#3334 = ORIENTED_EDGE ( 'NONE', *, *, #2139, .T. ) ;
#3335 = CARTESIAN_POINT ( 'NONE',  ( -2.500000000000001332, 0.1999999999999999833, 0.3650000000000005462 ) ) ;
#3336 = ORIENTED_EDGE ( 'NONE', *, *, #10644, .F. ) ;
#3337 = DIRECTION ( 'NONE',  ( -1.000000000000000000, 0.000000000000000000, 8.673617379884035472E-17 ) ) ;
#3338 = CARTESIAN_POINT ( 'NONE',  ( -1.134999999999999343, 0.2000000000000000111, 2.215000000000001190 ) ) ;
#3339 = CARTESIAN_POINT ( 'NONE',  ( -1.749999999999999334, 0.2000000000000000111, -2.215000000000001190 ) ) ;
#3340 = CARTESIAN_POINT ( 'NONE',  ( 2.215000000000000746, 0.6614108798023753399, -0.6349999999999992317 ) ) ;
#3341 = EDGE_CURVE ( 'NONE', #9282, #277, #2048, .T. ) ;
#3342 = PLANE ( 'NONE',  #1630 ) ;
#3343 = ORIENTED_EDGE ( 'NONE', *, *, #3438, .T. ) ;
#3344 = ORIENTED_EDGE ( 'NONE', *, *, #1315, .T. ) ;
#3345 = EDGE_CURVE ( 'NONE', #6971, #8298, #4278, .T. ) ;
#3346 = ORIENTED_EDGE ( 'NONE', *, *, #3930, .F. ) ;
#3347 = LINE ( 'NONE', #5217, #4785 ) ;
#3348 = CARTESIAN_POINT ( 'NONE',  ( -2.215000000000000746, 0.1999999999999999833, -0.2499999999999997780 ) ) ;
#3349 = ORIENTED_EDGE ( 'NONE', *, *, #187, .F. ) ;
#3350 = DIRECTION ( 'NONE',  ( -0.000000000000000000, -1.000000000000000000, -0.000000000000000000 ) ) ;
#3351 = DIRECTION ( 'NONE',  ( -0.000000000000000000, -1.000000000000000000, 0.000000000000000000 ) ) ;
#3352 = ADVANCED_FACE ( 'NONE', ( #10384 ), #8764, .F. ) ;
#3353 = EDGE_CURVE ( 'NONE', #2823, #5412, #8003, .T. ) ;
#3354 = CARTESIAN_POINT ( 'NONE',  ( 2.215000000000000746, 0.1999999999999999833, -1.865000000000001101 ) ) ;
#3355 = ORIENTED_EDGE ( 'NONE', *, *, #9875, .T. ) ;
#3356 = COLOUR_RGB ( '',0.7921568627450980005, 0.8196078431372548767, 0.9333333333333333481 ) ;
#3357 = ORIENTED_EDGE ( 'NONE', *, *, #5712, .T. ) ;
#3358 = CARTESIAN_POINT ( 'NONE',  ( 1.635000000000000675, 0.04999999999999999584, 2.215000000000001190 ) ) ;
#3359 = ORIENTED_EDGE ( 'NONE', *, *, #5134, .T. ) ;
#3360 = ORIENTED_EDGE ( 'NONE', *, *, #3206, .F. ) ;
#3361 = PRESENTATION_STYLE_ASSIGNMENT (( #2711 ) ) ;
#3362 = DIRECTION ( 'NONE',  ( -1.000000000000000000, 0.000000000000000000, 0.000000000000000000 ) ) ;
#3363 = CARTESIAN_POINT ( 'NONE',  ( 0.1350000000000007860, 0.2000000000000000111, 2.500000000000001332 ) ) ;
#3364 = SURFACE_SIDE_STYLE ('',( #10948 ) ) ;
#3365 = LINE ( 'NONE', #8394, #1450 ) ;
#3366 = AXIS2_PLACEMENT_3D ( 'NONE', #3789, #7154, #10528 ) ;
#3367 = ADVANCED_FACE ( 'NONE', ( #2927 ), #3755, .T. ) ;
#3368 = PLANE ( 'NONE',  #3572 ) ;
#3369 = AXIS2_PLACEMENT_3D ( 'NONE', #2851, #4558, #10583 ) ;
#3370 = CARTESIAN_POINT ( 'NONE',  ( -0.6349999999999992317, 0.6614108798023734526, 2.500000000000001332 ) ) ;
#3371 = EDGE_CURVE ( 'NONE', #4486, #4684, #4619, .T. ) ;
#3372 = ORIENTED_EDGE ( 'NONE', *, *, #889, .F. ) ;
#3373 = ORIENTED_EDGE ( 'NONE', *, *, #6876, .T. ) ;
#3374 = DIRECTION ( 'NONE',  ( 0.000000000000000000, 0.000000000000000000, 1.000000000000000000 ) ) ;
#3375 = VERTEX_POINT ( 'NONE', #698 ) ;
#3376 = VECTOR ( 'NONE', #7931, 1000.000000000000000 ) ;
#3377 = ORIENTED_EDGE ( 'NONE', *, *, #1059, .F. ) ;
#3378 = SURFACE_STYLE_USAGE ( .BOTH. , #7408 ) ;
#3379 = CARTESIAN_POINT ( 'NONE',  ( -1.749999999999999112, 0.6614108798023734526, 2.215000000000001190 ) ) ;
#3380 = DIRECTION ( 'NONE',  ( 7.608436298143888101E-16, 0.000000000000000000, -1.000000000000000000 ) ) ;
#3381 = AXIS2_PLACEMENT_3D ( 'NONE', #4015, #3121, #6491 ) ;
#3382 = DIRECTION ( 'NONE',  ( 0.000000000000000000, 0.000000000000000000, 1.000000000000000000 ) ) ;
#3383 = DIRECTION ( 'NONE',  ( 0.000000000000000000, -1.000000000000000000, 0.000000000000000000 ) ) ;
#3384 = DIRECTION ( 'NONE',  ( 0.000000000000000000, 1.000000000000000000, -0.000000000000000000 ) ) ;
#3385 = ORIENTED_EDGE ( 'NONE', *, *, #5372, .T. ) ;
#3386 = VECTOR ( 'NONE', #6782, 1000.000000000000000 ) ;
#3387 = CIRCLE ( 'NONE', #379, 0.1150000000000000883 ) ;
#3388 = ADVANCED_FACE ( 'NONE', ( #10833 ), #2382, .F. ) ;
#3389 = AXIS2_PLACEMENT_3D ( 'NONE', #10235, #5035, #6697 ) ;
#3390 = AXIS2_PLACEMENT_3D ( 'NONE', #155, #3732, #2961 ) ;
#3391 = ORIENTED_EDGE ( 'NONE', *, *, #4907, .F. ) ;
#3392 = CYLINDRICAL_SURFACE ( 'NONE', #776, 0.1150000000000001993 ) ;
#3393 = ORIENTED_EDGE ( 'NONE', *, *, #1088, .T. ) ;
#3394 = LINE ( 'NONE', #2466, #3925 ) ;
#3395 = DIRECTION ( 'NONE',  ( -1.000000000000000000, -0.000000000000000000, -1.521687259628770718E-15 ) ) ;
#3396 = VECTOR ( 'NONE', #4215, 1000.000000000000000 ) ;
#3397 = DIRECTION ( 'NONE',  ( -1.521687259628770718E-15, 0.000000000000000000, 1.000000000000000000 ) ) ;
#3398 = VECTOR ( 'NONE', #10563, 1000.000000000000000 ) ;
#3399 = DIRECTION ( 'NONE',  ( 0.000000000000000000, 1.000000000000000000, 0.000000000000000000 ) ) ;
#3400 = EDGE_LOOP ( 'NONE', ( #9607, #4681, #8236, #5065 ) ) ;
#3401 = AXIS2_PLACEMENT_3D ( 'NONE', #2239, #9695, #2291 ) ;
#3402 = CARTESIAN_POINT ( 'NONE',  ( -0.6349999999999992317, 0.05000000000000000278, 0.000000000000000000 ) ) ;
#3403 = EDGE_LOOP ( 'NONE', ( #5815, #10761, #6507, #2859 ) ) ;
#3404 = MECHANICAL_DESIGN_GEOMETRIC_PRESENTATION_REPRESENTATION (  '', ( #5512 ), #9589 ) ;
#3405 = VECTOR ( 'NONE', #215, 1000.000000000000000 ) ;
#3406 = VECTOR ( 'NONE', #3535, 1000.000000000000000 ) ;
#3407 = DIRECTION ( 'NONE',  ( -0.000000000000000000, -1.000000000000000000, 0.000000000000000000 ) ) ;
#3408 = PLANE ( 'NONE',  #7990 ) ;
#3409 = CARTESIAN_POINT ( 'NONE',  ( -2.500000000000002220, 0.6614108798023753399, -0.3650000000000001021 ) ) ;
#3410 = EDGE_CURVE ( 'NONE', #7687, #7874, #9821, .T. ) ;
#3411 = DIRECTION ( 'NONE',  ( -7.608436298143888101E-16, 0.000000000000000000, 1.000000000000000000 ) ) ;
#3412 = SURFACE_SIDE_STYLE ('',( #4900 ) ) ;
#3413 = DIRECTION ( 'NONE',  ( 0.000000000000000000, 1.000000000000000000, -0.000000000000000000 ) ) ;
#3414 = CIRCLE ( 'NONE', #3061, 0.1150000000000000883 ) ;
#3415 = EDGE_LOOP ( 'NONE', ( #2369, #4327, #10405, #534 ) ) ;
#3416 = ORIENTED_EDGE ( 'NONE', *, *, #7915, .T. ) ;
#3417 = ADVANCED_FACE ( 'NONE', ( #532 ), #3023, .F. ) ;
#3418 = MECHANICAL_DESIGN_GEOMETRIC_PRESENTATION_REPRESENTATION (  '', ( #6785 ), #6600 ) ;
#3419 = PLANE ( 'NONE',  #7969 ) ;
#3420 = AXIS2_PLACEMENT_3D ( 'NONE', #8676, #4593, #4490 ) ;
#3421 = VERTEX_POINT ( 'NONE', #5559 ) ;
#3422 = VERTEX_POINT ( 'NONE', #8980 ) ;
#3423 = DIRECTION ( 'NONE',  ( 7.608436298143888101E-16, 0.000000000000000000, -1.000000000000000000 ) ) ;
#3424 = ADVANCED_FACE ( 'NONE', ( #8877 ), #9774, .F. ) ;
#3425 = LINE ( 'NONE', #8593, #4880 ) ;
#3426 =( NAMED_UNIT ( * ) PLANE_ANGLE_UNIT ( ) SI_UNIT ( $, .RADIAN. ) );
#3427 = DIRECTION ( 'NONE',  ( 0.000000000000000000, -0.000000000000000000, -1.000000000000000000 ) ) ;
#3428 = PLANE ( 'NONE',  #5332 ) ;
#3429 = AXIS2_PLACEMENT_3D ( 'NONE', #5882, #5155, #9254 ) ;
#3430 = DIRECTION ( 'NONE',  ( -0.000000000000000000, -1.000000000000000000, -0.000000000000000000 ) ) ;
#3431 = VERTEX_POINT ( 'NONE', #5729 ) ;
#3432 = VECTOR ( 'NONE', #4313, 1000.000000000000000 ) ;
#3433 = ADVANCED_FACE ( 'NONE', ( #6559 ), #648, .F. ) ;
#3434 = ORIENTED_EDGE ( 'NONE', *, *, #283, .F. ) ;
#3435 = CARTESIAN_POINT ( 'NONE',  ( 1.750000000000000888, 0.2000000000000000111, 2.215000000000001190 ) ) ;
#3436 = EDGE_LOOP ( 'NONE', ( #10098, #389, #10393, #10414, #9175 ) ) ;
#3437 = LINE ( 'NONE', #5248, #10636 ) ;
#3438 = EDGE_CURVE ( 'NONE', #5354, #9877, #10658, .T. ) ;
#3439 = ORIENTED_EDGE ( 'NONE', *, *, #4570, .F. ) ;
#3440 = DIRECTION ( 'NONE',  ( 0.000000000000000000, 0.000000000000000000, 1.000000000000000000 ) ) ;
#3441 = CARTESIAN_POINT ( 'NONE',  ( 2.499999999999999556, 0.9999999999999991118, 2.499999999999998668 ) ) ;
#3442 = CARTESIAN_POINT ( 'NONE',  ( -1.364999999999999325, 0.6614108798023734526, 2.500000000000001332 ) ) ;
#3443 = PLANE ( 'NONE',  #7792 ) ;
#3444 = DIRECTION ( 'NONE',  ( 0.000000000000000000, -0.000000000000000000, -1.000000000000000000 ) ) ;
#3445 = ORIENTED_EDGE ( 'NONE', *, *, #10428, .F. ) ;
#3446 = VECTOR ( 'NONE', #4644, 1000.000000000000000 ) ;
#3447 = ORIENTED_EDGE ( 'NONE', *, *, #116, .T. ) ;
#3448 = CARTESIAN_POINT ( 'NONE',  ( 2.499999999999999556, 0.2000000000000005107, -0.3650000000000007683 ) ) ;
#3449 = EDGE_CURVE ( 'NONE', #9569, #1499, #5158, .T. ) ;
#3450 = ORIENTED_EDGE ( 'NONE', *, *, #8385, .T. ) ;
#3451 = DIRECTION ( 'NONE',  ( -0.000000000000000000, -1.000000000000000000, -0.000000000000000000 ) ) ;
#3452 = CARTESIAN_POINT ( 'NONE',  ( 1.365000000000000657, 0.000000000000000000, -2.215000000000001190 ) ) ;
#3453 = CARTESIAN_POINT ( 'NONE',  ( -1.800000000000001155, 0.9000000000000000222, -1.800000000000000711 ) ) ;
#3454 = FACE_OUTER_BOUND ( 'NONE', #7389, .T. ) ;
#3455 = EDGE_CURVE ( 'NONE', #9233, #1576, #8105, .T. ) ;
#3456 = ORIENTED_EDGE ( 'NONE', *, *, #3371, .F. ) ;
#3457 = CARTESIAN_POINT ( 'NONE',  ( -0.1349999999999992595, 0.2000000000000000111, 2.215000000000001190 ) ) ;
#3458 = ORIENTED_EDGE ( 'NONE', *, *, #7914, .T. ) ;
#3459 = PRESENTATION_LAYER_ASSIGNMENT (  '', '', ( #9095 ) ) ;
#3460 = EDGE_LOOP ( 'NONE', ( #5759, #9453, #8080, #6543 ) ) ;
#3461 = EDGE_CURVE ( 'NONE', #7018, #7687, #5508, .T. ) ;
#3462 = ORIENTED_EDGE ( 'NONE', *, *, #1520, .F. ) ;
#3463 = LINE ( 'NONE', #7596, #2518 ) ;
#3464 = LINE ( 'NONE', #6841, #1284 ) ;
#3465 = UNCERTAINTY_MEASURE_WITH_UNIT (LENGTH_MEASURE( 1.000000000000000082E-05 ), #2300, 'distance_accuracy_value', 'NONE');
#3466 = PLANE ( 'NONE',  #1904 ) ;
#3467 = ADVANCED_FACE ( 'NONE', ( #7443 ), #3916, .F. ) ;
#3468 = FACE_OUTER_BOUND ( 'NONE', #3098, .T. ) ;
#3469 = PRESENTATION_STYLE_ASSIGNMENT (( #7670 ) ) ;
#3470 = DIRECTION ( 'NONE',  ( -0.000000000000000000, 0.000000000000000000, 1.000000000000000000 ) ) ;
#3471 = ORIENTED_EDGE ( 'NONE', *, *, #9076, .F. ) ;
#3472 = AXIS2_PLACEMENT_3D ( 'NONE', #9619, #9666, #1094 ) ;
#3473 = LINE ( 'NONE', #6849, #10622 ) ;
#3474 = ORIENTED_EDGE ( 'NONE', *, *, #4732, .T. ) ;
#3475 = CARTESIAN_POINT ( 'NONE',  ( 0.2500000000000006661, 0.2000000000000000111, -2.215000000000001190 ) ) ;
#3476 = LINE ( 'NONE', #210, #2929 ) ;
#3477 = DIRECTION ( 'NONE',  ( 0.000000000000000000, 0.000000000000000000, 1.000000000000000000 ) ) ;
#3478 = FACE_OUTER_BOUND ( 'NONE', #1060, .T. ) ;
#3479 = DIRECTION ( 'NONE',  ( -0.000000000000000000, -1.000000000000000000, -0.000000000000000000 ) ) ;
#3480 = CARTESIAN_POINT ( 'NONE',  ( -0.7499999999999993339, 0.000000000000000000, -2.215000000000001190 ) ) ;
#3481 = ADVANCED_FACE ( 'NONE', ( #3865 ), #4849, .T. ) ;
#3482 = LINE ( 'NONE', #9074, #1809 ) ;
#3483 = EDGE_CURVE ( 'NONE', #4745, #801, #4784, .T. ) ;
#3484 = VERTEX_POINT ( 'NONE', #4028 ) ;
#3485 = AXIS2_PLACEMENT_3D ( 'NONE', #8990, #1427, #4740 ) ;
#3486 = DIRECTION ( 'NONE',  ( 1.000000000000000000, 0.000000000000000000, -7.608436298143888101E-16 ) ) ;
#3487 = ORIENTED_EDGE ( 'NONE', *, *, #9389, .T. ) ;
#3488 = DIRECTION ( 'NONE',  ( 1.000000000000000000, -0.000000000000000000, 7.608436298143875282E-16 ) ) ;
#3489 = VERTEX_POINT ( 'NONE', #10597 ) ;
#3490 = SURFACE_STYLE_USAGE ( .BOTH. , #1169 ) ;
#3491 = VERTEX_POINT ( 'NONE', #597 ) ;
#3492 = CARTESIAN_POINT ( 'NONE',  ( 1.750000000000000222, 5.149747468305832854, -1.634999999999998899 ) ) ;
#3493 = DIRECTION ( 'NONE',  ( -1.521687259628770718E-15, 0.000000000000000000, 1.000000000000000000 ) ) ;
#3494 = CARTESIAN_POINT ( 'NONE',  ( 2.500000000000001332, 0.1999999999999999833, -0.6349999999999994538 ) ) ;
#3495 = CARTESIAN_POINT ( 'NONE',  ( -0.2499999999999993616, 0.04999999999999999584, -2.215000000000001190 ) ) ;
#3496 = LINE ( 'NONE', #7645, #9202 ) ;
#3497 = EDGE_CURVE ( 'NONE', #880, #514, #3975, .T. ) ;
#3498 = VECTOR ( 'NONE', #6904, 1000.000000000000000 ) ;
#3499 = ORIENTED_EDGE ( 'NONE', *, *, #16, .T. ) ;
#3500 = EDGE_CURVE ( 'NONE', #1852, #2618, #3184, .T. ) ;
#3501 = ORIENTED_EDGE ( 'NONE', *, *, #10256, .F. ) ;
#3502 = FACE_OUTER_BOUND ( 'NONE', #9908, .T. ) ;
#3503 = ORIENTED_EDGE ( 'NONE', *, *, #509, .F. ) ;
#3504 = CARTESIAN_POINT ( 'NONE',  ( -1.634999999999999343, 0.1999999999999999833, 2.500000000000001332 ) ) ;
#3505 = CARTESIAN_POINT ( 'NONE',  ( 0.6350000000000003419, 0.2000000000000005107, -2.500000000000001332 ) ) ;
#3506 = LINE ( 'NONE', #8367, #2384 ) ;
#3507 = PLANE ( 'NONE',  #5659 ) ;
#3508 = EDGE_LOOP ( 'NONE', ( #7179, #6535, #3823, #2451 ) ) ;
#3509 = CARTESIAN_POINT ( 'NONE',  ( -2.215000000000000746, 0.6614108798023753399, 1.135000000000000231 ) ) ;
#3510 = ADVANCED_FACE ( 'NONE', ( #8268 ), #6453, .T. ) ;
#3511 = CLOSED_SHELL ( 'NONE', ( #941, #2346, #1294, #7017, #4288, #6715 ) ) ;
#3512 = EDGE_CURVE ( 'NONE', #72, #7019, #7607, .T. ) ;
#3513 = ORIENTED_EDGE ( 'NONE', *, *, #8005, .T. ) ;
#3514 = CARTESIAN_POINT ( 'NONE',  ( 2.215000000000000746, 0.05000000000000002359, 1.634999999999998899 ) ) ;
#3515 = DIRECTION ( 'NONE',  ( 0.000000000000000000, 0.000000000000000000, 1.000000000000000000 ) ) ;
#3516 = DIRECTION ( 'NONE',  ( -1.521687259628770718E-15, 0.000000000000000000, 1.000000000000000000 ) ) ;
#3517 = CARTESIAN_POINT ( 'NONE',  ( -0.2499999999999991396, 0.6614108798023734526, 2.215000000000001190 ) ) ;
#3518 = CARTESIAN_POINT ( 'NONE',  ( 0.6350000000000007860, 0.000000000000000000, -2.500000000000001332 ) ) ;
#3519 = CARTESIAN_POINT ( 'NONE',  ( 2.500000000000001332, 0.04999999999999969746, 0.8650000000000005462 ) ) ;
#3520 = FACE_OUTER_BOUND ( 'NONE', #5036, .T. ) ;
#3521 = EDGE_CURVE ( 'NONE', #8382, #4579, #550, .T. ) ;
#3522 = ORIENTED_EDGE ( 'NONE', *, *, #10755, .F. ) ;
#3523 = EDGE_CURVE ( 'NONE', #2761, #5143, #6004, .T. ) ;
#3524 = CARTESIAN_POINT ( 'NONE',  ( -1.134999999999999343, 0.2000000000000000111, -2.500000000000001332 ) ) ;
#3525 = ORIENTED_EDGE ( 'NONE', *, *, #2941, .F. ) ;
#3526 = DIRECTION ( 'NONE',  ( 0.000000000000000000, 0.000000000000000000, -1.000000000000000000 ) ) ;
#3527 = CARTESIAN_POINT ( 'NONE',  ( 2.500000000000001332, 0.6614108798023753399, -1.134999999999999565 ) ) ;
#3528 = LINE ( 'NONE', #1823, #4347 ) ;
#3529 = FILL_AREA_STYLE ('',( #1929 ) ) ;
#3530 = DIRECTION ( 'NONE',  ( 0.000000000000000000, 1.000000000000000000, -0.000000000000000000 ) ) ;
#3531 = CARTESIAN_POINT ( 'NONE',  ( -1.364999999999999325, 0.000000000000000000, -2.500000000000001332 ) ) ;
#3532 = CARTESIAN_POINT ( 'NONE',  ( -0.6349999999999992317, 0.2000000000000000111, 2.215000000000001190 ) ) ;
#3533 = STYLED_ITEM ( 'NONE', ( #2812 ), #2301 ) ;
#3534 = ORIENTED_EDGE ( 'NONE', *, *, #5883, .T. ) ;
#3535 = DIRECTION ( 'NONE',  ( 0.000000000000000000, -1.000000000000000000, 0.000000000000000000 ) ) ;
#3536 = ORIENTED_EDGE ( 'NONE', *, *, #643, .F. ) ;
#3537 = VERTEX_POINT ( 'NONE', #5174 ) ;
#3538 = STYLED_ITEM ( 'NONE', ( #8267 ), #2437 ) ;
#3539 = VERTEX_POINT ( 'NONE', #4184 ) ;
#3540 = DIRECTION ( 'NONE',  ( -7.608436298143888101E-16, 0.000000000000000000, -1.000000000000000000 ) ) ;
#3541 = CARTESIAN_POINT ( 'NONE',  ( 2.499999999999999556, 0.05000000000000000278, 2.499999999999998668 ) ) ;
#3542 = CARTESIAN_POINT ( 'NONE',  ( -2.500000000000001332, 0.1999999999999999833, -1.134999999999999565 ) ) ;
#3543 = CARTESIAN_POINT ( 'NONE',  ( -0.7499999999999991118, 0.000000000000000000, 2.215000000000001190 ) ) ;
#3544 = DIRECTION ( 'NONE',  ( 0.000000000000000000, -1.000000000000000000, 0.000000000000000000 ) ) ;
#3545 = EDGE_LOOP ( 'NONE', ( #10323, #8651, #9107, #1954 ) ) ;
#3546 = AXIS2_PLACEMENT_3D ( 'NONE', #794, #10697, #8254 ) ;
#3547 = EDGE_CURVE ( 'NONE', #10662, #5444, #4345, .T. ) ;
#3548 = ORIENTED_EDGE ( 'NONE', *, *, #5022, .F. ) ;
#3549 = EDGE_CURVE ( 'NONE', #6420, #2400, #5011, .T. ) ;
#3550 = CARTESIAN_POINT ( 'NONE',  ( -2.215000000000000746, 0.6614108798023753399, 0.6350000000000001199 ) ) ;
#3551 = CIRCLE ( 'NONE', #200, 0.1149999999999998662 ) ;
#3552 = ORIENTED_EDGE ( 'NONE', *, *, #2757, .F. ) ;
#3553 = DIRECTION ( 'NONE',  ( -1.000000000000000000, 0.000000000000000000, 8.673617379884035472E-17 ) ) ;
#3554 = CARTESIAN_POINT ( 'NONE',  ( -1.634999999999999121, 0.1999999999999999833, 2.215000000000001190 ) ) ;
#3555 = CARTESIAN_POINT ( 'NONE',  ( -2.500000000000002220, 0.6614108798023753399, 0.6349999999999998979 ) ) ;
#3556 = DIRECTION ( 'NONE',  ( 3.771137991253918417E-15, -0.000000000000000000, 1.000000000000000000 ) ) ;
#3557 = EDGE_CURVE ( 'NONE', #10506, #6809, #6722, .T. ) ;
#3558 = DIRECTION ( 'NONE',  ( 0.000000000000000000, -0.000000000000000000, -1.000000000000000000 ) ) ;
#3559 = AXIS2_PLACEMENT_3D ( 'NONE', #7540, #742, #797 ) ;
#3560 = EDGE_LOOP ( 'NONE', ( #4188, #2030, #5955, #6968 ) ) ;
#3561 = LINE ( 'NONE', #8622, #1453 ) ;
#3562 = VECTOR ( 'NONE', #9635, 1000.000000000000000 ) ;
#3563 = VECTOR ( 'NONE', #6760, 1000.000000000000000 ) ;
#3564 = AXIS2_PLACEMENT_3D ( 'NONE', #2441, #10215, #6675 ) ;
#3565 = VERTEX_POINT ( 'NONE', #3354 ) ;
#3566 = AXIS2_PLACEMENT_3D ( 'NONE', #8974, #2253, #2306 ) ;
#3567 = AXIS2_PLACEMENT_3D ( 'NONE', #2169, #8072, #4042 ) ;
#3568 = CARTESIAN_POINT ( 'NONE',  ( 2.499999999999999556, 0.05000000000000000278, -2.500000000000001332 ) ) ;
#3569 = CARTESIAN_POINT ( 'NONE',  ( 2.215000000000000746, 0.1999999999999999833, -0.7500000000000008882 ) ) ;
#3570 = UNCERTAINTY_MEASURE_WITH_UNIT (LENGTH_MEASURE( 1.000000000000000082E-05 ), #8906, 'distance_accuracy_value', 'NONE');
#3571 = LINE ( 'NONE', #6949, #3844 ) ;
#3572 = AXIS2_PLACEMENT_3D ( 'NONE', #2611, #9329, #8442 ) ;
#3573 = ADVANCED_FACE ( 'NONE', ( #1582 ), #6791, .T. ) ;
#3574 = SURFACE_STYLE_USAGE ( .BOTH. , #5106 ) ;
#3575 = VECTOR ( 'NONE', #9650, 1000.000000000000000 ) ;
#3576 = CARTESIAN_POINT ( 'NONE',  ( 2.500000000000002220, 0.1999999999999999833, -0.3650000000000001021 ) ) ;
#3577 = CARTESIAN_POINT ( 'NONE',  ( 0.7500000000000008882, 0.04999999999999999584, 2.215000000000001190 ) ) ;
#3578 = AXIS2_PLACEMENT_3D ( 'NONE', #2849, #6996, #9603 ) ;
#3579 = ORIENTED_EDGE ( 'NONE', *, *, #8742, .F. ) ;
#3580 = VECTOR ( 'NONE', #4877, 1000.000000000000000 ) ;
#3581 = AXIS2_PLACEMENT_3D ( 'NONE', #2790, #9263, #5268 ) ;
#3582 = ORIENTED_EDGE ( 'NONE', *, *, #7344, .F. ) ;
#3583 = STYLED_ITEM ( 'NONE', ( #3706 ), #9511 ) ;
#3584 = CARTESIAN_POINT ( 'NONE',  ( 2.215000000000000746, 0.1999999999999999833, -1.634999999999999343 ) ) ;
#3585 = LINE ( 'NONE', #6960, #8384 ) ;
#3586 =( GEOMETRIC_REPRESENTATION_CONTEXT ( 3 ) GLOBAL_UNCERTAINTY_ASSIGNED_CONTEXT ( ( #4132 ) ) GLOBAL_UNIT_ASSIGNED_CONTEXT ( ( #5448, #5231, #2923 ) ) REPRESENTATION_CONTEXT ( 'NONE', 'WORKASPACE' ) );
#3587 = CARTESIAN_POINT ( 'NONE',  ( 2.500000000000001332, 0.6614108798023753399, 1.365000000000000435 ) ) ;
#3588 = SURFACE_STYLE_USAGE ( .BOTH. , #8760 ) ;
#3589 = CARTESIAN_POINT ( 'NONE',  ( -2.215000000000000746, 0.05000000000000002359, -0.6349999999999992317 ) ) ;
#3590 = LINE ( 'NONE', #7893, #9212 ) ;
#3591 = EDGE_CURVE ( 'NONE', #3648, #6946, #5482, .T. ) ;
#3592 = ORIENTED_EDGE ( 'NONE', *, *, #4196, .F. ) ;
#3593 = CARTESIAN_POINT ( 'NONE',  ( 2.215000000000000746, 0.6614108798023753399, 0.6349999999999988987 ) ) ;
#3594 = COLOUR_RGB ( '',0.7921568627450980005, 0.8196078431372548767, 0.9333333333333333481 ) ;
#3595 = EDGE_LOOP ( 'NONE', ( #5246, #2838, #45, #10044 ) ) ;
#3596 = CARTESIAN_POINT ( 'NONE',  ( 0.7500000000000006661, 0.1999999999999999833, -2.215000000000001190 ) ) ;
#3597 = ADVANCED_FACE ( 'NONE', ( #10938 ), #2598, .F. ) ;
#3598 = EDGE_LOOP ( 'NONE', ( #2103, #10558, #9533, #6933 ) ) ;
#3599 = ORIENTED_EDGE ( 'NONE', *, *, #10820, .T. ) ;
#3600 =( NAMED_UNIT ( * ) SI_UNIT ( $, .STERADIAN. ) SOLID_ANGLE_UNIT ( ) );
#3601 = ORIENTED_EDGE ( 'NONE', *, *, #10706, .F. ) ;
#3602 =( NAMED_UNIT ( * ) PLANE_ANGLE_UNIT ( ) SI_UNIT ( $, .RADIAN. ) );
#3603 = ORIENTED_EDGE ( 'NONE', *, *, #9211, .F. ) ;
#3604 = PLANE ( 'NONE',  #6847 ) ;
#3605 = DIRECTION ( 'NONE',  ( 0.000000000000000000, 0.000000000000000000, 1.000000000000000000 ) ) ;
#3606 = CARTESIAN_POINT ( 'NONE',  ( -2.215000000000000746, 0.1999999999999999833, -0.3649999999999999911 ) ) ;
#3607 = LINE ( 'NONE', #8665, #8848 ) ;
#3608 = EDGE_LOOP ( 'NONE', ( #9331, #1780, #2213, #6184 ) ) ;
#3609 = DIRECTION ( 'NONE',  ( -7.608436298143888101E-16, 0.000000000000000000, 1.000000000000000000 ) ) ;
#3610 = CIRCLE ( 'NONE', #10312, 0.1150000000000002964 ) ;
#3611 = VERTEX_POINT ( 'NONE', #5784 ) ;
#3612 = EDGE_CURVE ( 'NONE', #5434, #7176, #5951, .T. ) ;
#3613 = ORIENTED_EDGE ( 'NONE', *, *, #9159, .T. ) ;
#3614 = CARTESIAN_POINT ( 'NONE',  ( 2.215000000000000746, 0.1999999999999999833, 1.634999999999998899 ) ) ;
#3615 = VERTEX_POINT ( 'NONE', #5059 ) ;
#3616 = CARTESIAN_POINT ( 'NONE',  ( 2.215000000000000746, 0.6614108798023753399, 1.365000000000000657 ) ) ;
#3617 = CARTESIAN_POINT ( 'NONE',  ( -1.134999999999999343, 0.1999999999999999833, 2.215000000000001190 ) ) ;
#3618 = LINE ( 'NONE', #9529, #4813 ) ;
#3619 = LINE ( 'NONE', #8843, #7665 ) ;
#3620 = CARTESIAN_POINT ( 'NONE',  ( -1.749999999999999334, 0.2000000000000000111, -2.215000000000001190 ) ) ;
#3621 = LINE ( 'NONE', #142, #8850 ) ;
#3622 = EDGE_CURVE ( 'NONE', #4281, #10171, #8319, .T. ) ;
#3623 = ADVANCED_FACE ( 'NONE', ( #2547 ), #4232, .F. ) ;
#3624 = EDGE_CURVE ( 'NONE', #5833, #1833, #9003, .T. ) ;
#3625 = ORIENTED_EDGE ( 'NONE', *, *, #9901, .T. ) ;
#3626 = CARTESIAN_POINT ( 'NONE',  ( -1.749999999999999778, 5.149747468305832854, -1.634999999999999343 ) ) ;
#3627 = DIRECTION ( 'NONE',  ( 1.000000000000000000, -0.000000000000000000, -0.000000000000000000 ) ) ;
#3628 = CARTESIAN_POINT ( 'NONE',  ( 2.215000000000000746, 0.1999999999999999833, -0.3650000000000011569 ) ) ;
#3629 = SURFACE_STYLE_FILL_AREA ( #259 ) ;
#3630 = VECTOR ( 'NONE', #4623, 1000.000000000000000 ) ;
#3631 = FACE_OUTER_BOUND ( 'NONE', #677, .T. ) ;
#3632 = AXIS2_PLACEMENT_3D ( 'NONE', #7577, #3493, #7696 ) ;
#3633 = CARTESIAN_POINT ( 'NONE',  ( -1.134999999999999121, 0.1999999999999999833, 2.215000000000001190 ) ) ;
#3634 = ADVANCED_FACE ( 'NONE', ( #5898 ), #858, .F. ) ;
#3635 = VECTOR ( 'NONE', #2378, 1000.000000000000000 ) ;
#3636 = CARTESIAN_POINT ( 'NONE',  ( 2.500000000000001332, 0.6614108798023753399, -0.6349999999999994538 ) ) ;
#3637 = CARTESIAN_POINT ( 'NONE',  ( -0.8649999999999994360, 0.2000000000000000111, -2.215000000000001190 ) ) ;
#3638 = CARTESIAN_POINT ( 'NONE',  ( 1.635000000000000897, 0.2000000000000000111, -2.500000000000001332 ) ) ;
#3639 = LINE ( 'NONE', #5450, #3652 ) ;
#3640 = CARTESIAN_POINT ( 'NONE',  ( 1.865000000000000879, 0.000000000000000000, 2.215000000000001190 ) ) ;
#3641 = DIRECTION ( 'NONE',  ( 1.000000000000000000, 0.000000000000000000, -7.608436298143875282E-16 ) ) ;
#3642 = CARTESIAN_POINT ( 'NONE',  ( -0.3649999999999992140, 0.000000000000000000, 2.500000000000001332 ) ) ;
#3643 = ORIENTED_EDGE ( 'NONE', *, *, #4321, .F. ) ;
#3644 = CARTESIAN_POINT ( 'NONE',  ( 2.500000000000002220, 0.1999999999999999833, 1.135000000000000009 ) ) ;
#3645 = ADVANCED_FACE ( 'NONE', ( #8478 ), #7671, .T. ) ;
#3646 = VERTEX_POINT ( 'NONE', #6846 ) ;
#3647 = EDGE_CURVE ( 'NONE', #4579, #2537, #9367, .T. ) ;
#3648 = VERTEX_POINT ( 'NONE', #10321 ) ;
#3649 = DIRECTION ( 'NONE',  ( 0.000000000000000000, -0.000000000000000000, 1.000000000000000000 ) ) ;
#3650 = ORIENTED_EDGE ( 'NONE', *, *, #2911, .T. ) ;
#3651 =( NAMED_UNIT ( * ) SI_UNIT ( $, .STERADIAN. ) SOLID_ANGLE_UNIT ( ) );
#3652 = VECTOR ( 'NONE', #8759, 1000.000000000000000 ) ;
#3653 = CARTESIAN_POINT ( 'NONE',  ( 0.3650000000000007683, 0.000000000000000000, -2.500000000000001332 ) ) ;
#3654 = PLANE ( 'NONE',  #10128 ) ;
#3655 = ORIENTED_EDGE ( 'NONE', *, *, #2140, .F. ) ;
#3656 = CARTESIAN_POINT ( 'NONE',  ( 1.750000000000000888, 0.000000000000000000, 2.215000000000001190 ) ) ;
#3657 = CARTESIAN_POINT ( 'NONE',  ( -0.8649999999999994360, 0.04999999999999999584, -2.215000000000001190 ) ) ;
#3658 = DIRECTION ( 'NONE',  ( -0.000000000000000000, -1.000000000000000000, -0.000000000000000000 ) ) ;
#3659 = CARTESIAN_POINT ( 'NONE',  ( 1.135000000000000897, 0.000000000000000000, -2.500000000000001332 ) ) ;
#3660 = CARTESIAN_POINT ( 'NONE',  ( 0.3650000000000007683, 0.000000000000000000, 2.215000000000001190 ) ) ;
#3661 = ORIENTED_EDGE ( 'NONE', *, *, #2757, .T. ) ;
#3662 = EDGE_LOOP ( 'NONE', ( #5852, #4771, #7479, #5350 ) ) ;
#3663 = ADVANCED_FACE ( 'NONE', ( #7769 ), #4453, .F. ) ;
#3664 = VECTOR ( 'NONE', #7666, 1000.000000000000000 ) ;
#3665 = ADVANCED_FACE ( 'NONE', ( #9543 ), #203, .T. ) ;
#3666 = ORIENTED_EDGE ( 'NONE', *, *, #2578, .T. ) ;
#3667 = LINE ( 'NONE', #8028, #7304 ) ;
#3668 = ORIENTED_EDGE ( 'NONE', *, *, #8149, .T. ) ;
#3669 = CARTESIAN_POINT ( 'NONE',  ( -0.6349999999999992317, 0.1999999999999999833, -2.215000000000001190 ) ) ;
#3670 = LINE ( 'NONE', #9528, #7683 ) ;
#3671 = CARTESIAN_POINT ( 'NONE',  ( 2.499999999999999556, 0.05000000000000000278, 2.499999999999998668 ) ) ;
#3672 = LINE ( 'NONE', #1911, #3918 ) ;
#3673 = AXIS2_PLACEMENT_3D ( 'NONE', #3314, #8174, #9112 ) ;
#3674 = CYLINDRICAL_SURFACE ( 'NONE', #2858, 0.1150000000000001993 ) ;
#3675 = LINE ( 'NONE', #10413, #1280 ) ;
#3676 = ORIENTED_EDGE ( 'NONE', *, *, #2427, .F. ) ;
#3677 = ORIENTED_EDGE ( 'NONE', *, *, #8832, .F. ) ;
#3678 = LINE ( 'NONE', #5485, #9026 ) ;
#3679 = CARTESIAN_POINT ( 'NONE',  ( -2.500000000000001332, 0.000000000000000000, -0.6349999999999994538 ) ) ;
#3680 = EDGE_CURVE ( 'NONE', #8482, #6692, #2918, .T. ) ;
#3681 = CARTESIAN_POINT ( 'NONE',  ( 2.215000000000000746, 0.000000000000000000, -0.7500000000000008882 ) ) ;
#3682 = SURFACE_SIDE_STYLE ('',( #8858 ) ) ;
#3683 = CARTESIAN_POINT ( 'NONE',  ( -2.500000000000002220, 0.04999999999999969746, 1.635000000000000009 ) ) ;
#3684 = CARTESIAN_POINT ( 'NONE',  ( -2.215000000000000746, 0.000000000000000000, 0.7500000000000002220 ) ) ;
#3685 = ORIENTED_EDGE ( 'NONE', *, *, #1213, .F. ) ;
#3686 = VECTOR ( 'NONE', #2391, 1000.000000000000000 ) ;
#3687 = PLANE ( 'NONE',  #9381 ) ;
#3688 = ADVANCED_FACE ( 'NONE', ( #3520 ), #7003, .T. ) ;
#3689 = EDGE_CURVE ( 'NONE', #8876, #1238, #312, .T. ) ;
#3690 = DIRECTION ( 'NONE',  ( 1.000000000000000000, 0.000000000000000000, -0.000000000000000000 ) ) ;
#3691 = PLANE ( 'NONE',  #6635 ) ;
#3692 = DIRECTION ( 'NONE',  ( 0.000000000000000000, 0.000000000000000000, -1.000000000000000000 ) ) ;
#3693 = FACE_OUTER_BOUND ( 'NONE', #5567, .T. ) ;
#3694 = ORIENTED_EDGE ( 'NONE', *, *, #8866, .F. ) ;
#3695 = DIRECTION ( 'NONE',  ( -0.000000000000000000, -1.000000000000000000, -0.000000000000000000 ) ) ;
#3696 = ORIENTED_EDGE ( 'NONE', *, *, #2290, .T. ) ;
#3697 = FACE_OUTER_BOUND ( 'NONE', #2768, .T. ) ;
#3698 = EDGE_LOOP ( 'NONE', ( #2795, #587, #7185, #7151 ) ) ;
#3699 = ORIENTED_EDGE ( 'NONE', *, *, #8370, .F. ) ;
#3700 = DIRECTION ( 'NONE',  ( -0.000000000000000000, -1.000000000000000000, -0.000000000000000000 ) ) ;
#3701 = ORIENTED_EDGE ( 'NONE', *, *, #7995, .F. ) ;
#3702 = ORIENTED_EDGE ( 'NONE', *, *, #6777, .F. ) ;
#3703 = DIRECTION ( 'NONE',  ( -1.000000000000000000, 0.000000000000000000, 0.000000000000000000 ) ) ;
#3704 = ADVANCED_FACE ( 'NONE', ( #6293 ), #1975, .T. ) ;
#3705 = CYLINDRICAL_SURFACE ( 'NONE', #9860, 0.1150000000000000883 ) ;
#3706 = PRESENTATION_STYLE_ASSIGNMENT (( #3490 ) ) ;
#3707 = ORIENTED_EDGE ( 'NONE', *, *, #5146, .F. ) ;
#3708 = DIRECTION ( 'NONE',  ( 0.000000000000000000, -1.000000000000000000, 0.000000000000000000 ) ) ;
#3709 = LINE ( 'NONE', #9571, #6281 ) ;
#3710 = CIRCLE ( 'NONE', #2828, 0.1150000000000000883 ) ;
#3711 = DIRECTION ( 'NONE',  ( 0.000000000000000000, 0.000000000000000000, 1.000000000000000000 ) ) ;
#3712 = CARTESIAN_POINT ( 'NONE',  ( -0.8649999999999992140, 0.1999999999999999833, -2.500000000000001332 ) ) ;
#3713 = EDGE_CURVE ( 'NONE', #781, #378, #8752, .T. ) ;
#3714 = FACE_OUTER_BOUND ( 'NONE', #7043, .T. ) ;
#3715 = ORIENTED_EDGE ( 'NONE', *, *, #8997, .T. ) ;
#3716 = VERTEX_POINT ( 'NONE', #2802 ) ;
#3717 = VECTOR ( 'NONE', #1870, 1000.000000000000000 ) ;
#3718 = VERTEX_POINT ( 'NONE', #1083 ) ;
#3719 = LINE ( 'NONE', #5529, #10654 ) ;
#3720 = ORIENTED_EDGE ( 'NONE', *, *, #1142, .T. ) ;
#3721 = LINE ( 'NONE', #6273, #2710 ) ;
#3722 = CARTESIAN_POINT ( 'NONE',  ( -1.864999999999999547, 0.04999999999999999584, 2.215000000000001190 ) ) ;
#3723 = CARTESIAN_POINT ( 'NONE',  ( 0.8650000000000007683, 0.2000000000000000111, 2.215000000000001190 ) ) ;
#3724 = DIRECTION ( 'NONE',  ( -1.326241189584715283E-16, 0.000000000000000000, 1.000000000000000000 ) ) ;
#3725 = FACE_OUTER_BOUND ( 'NONE', #231, .T. ) ;
#3726 = DIRECTION ( 'NONE',  ( 0.000000000000000000, -1.000000000000000000, 0.000000000000000000 ) ) ;
#3727 = CARTESIAN_POINT ( 'NONE',  ( -2.215000000000000746, 0.05000000000000002359, -0.2499999999999997780 ) ) ;
#3728 = EDGE_CURVE ( 'NONE', #10910, #309, #2857, .T. ) ;
#3729 = VECTOR ( 'NONE', #4657, 1000.000000000000000 ) ;
#3730 = AXIS2_PLACEMENT_3D ( 'NONE', #2638, #1631, #4998 ) ;
#3731 = ORIENTED_EDGE ( 'NONE', *, *, #3161, .F. ) ;
#3732 = DIRECTION ( 'NONE',  ( 0.000000000000000000, 1.000000000000000000, 0.000000000000000000 ) ) ;
#3733 = DIRECTION ( 'NONE',  ( 0.000000000000000000, 0.000000000000000000, 1.000000000000000000 ) ) ;
#3734 = AXIS2_PLACEMENT_3D ( 'NONE', #8354, #9239, #832 ) ;
#3735 = FACE_OUTER_BOUND ( 'NONE', #8123, .T. ) ;
#3737 = CARTESIAN_POINT ( 'NONE',  ( 0.3650000000000007683, 0.000000000000000000, 2.500000000000001332 ) ) ;
#3736 = AXIS2_PLACEMENT_3D ( 'NONE', #10320, #8751, #2855 ) ;
#3738 = DIRECTION ( 'NONE',  ( 3.771137991253918417E-15, -0.000000000000000000, 1.000000000000000000 ) ) ;
#3739 = LINE ( 'NONE', #199, #7432 ) ;
#3740 = AXIS2_PLACEMENT_3D ( 'NONE', #236, #5417, #7802 ) ;
#3741 = VECTOR ( 'NONE', #8062, 1000.000000000000000 ) ;
#3742 = CARTESIAN_POINT ( 'NONE',  ( 2.215000000000000746, 0.1999999999999999833, -0.8650000000000012124 ) ) ;
#3743 = AXIS2_PLACEMENT_3D ( 'NONE', #4460, #7837, #265 ) ;
#3744 = VERTEX_POINT ( 'NONE', #3633 ) ;
#3745 = AXIS2_PLACEMENT_3D ( 'NONE', #10626, #10743, #8957 ) ;
#3746 = AXIS2_PLACEMENT_3D ( 'NONE', #8809, #1259, #5401 ) ;
#3747 = EDGE_CURVE ( 'NONE', #994, #3266, #369, .T. ) ;
#3748 = VECTOR ( 'NONE', #3136, 1000.000000000000000 ) ;
#3749 = DIRECTION ( 'NONE',  ( 0.000000000000000000, -1.000000000000000000, 0.000000000000000000 ) ) ;
#3750 = DIRECTION ( 'NONE',  ( 0.000000000000000000, -1.000000000000000000, 0.000000000000000000 ) ) ;
#3751 = FACE_OUTER_BOUND ( 'NONE', #487, .T. ) ;
#3752 = PLANE ( 'NONE',  #2774 ) ;
#3753 = PLANE ( 'NONE',  #10416 ) ;
#3754 = VECTOR ( 'NONE', #6947, 1000.000000000000000 ) ;
#3755 = PLANE ( 'NONE',  #6751 ) ;
#3756 = VECTOR ( 'NONE', #4743, 1000.000000000000000 ) ;
#3757 = VECTOR ( 'NONE', #6402, 1000.000000000000000 ) ;
#3758 = ORIENTED_EDGE ( 'NONE', *, *, #4721, .F. ) ;
#3759 = VECTOR ( 'NONE', #8035, 1000.000000000000000 ) ;
#3760 = EDGE_CURVE ( 'NONE', #10371, #1852, #2038, .T. ) ;
#3761 = ORIENTED_EDGE ( 'NONE', *, *, #10874, .T. ) ;
#3762 = ORIENTED_EDGE ( 'NONE', *, *, #8423, .T. ) ;
#3764 = CARTESIAN_POINT ( 'NONE',  ( 2.215000000000000746, 0.6614108798023753399, -1.134999999999999343 ) ) ;
#3763 =( GEOMETRIC_REPRESENTATION_CONTEXT ( 3 ) GLOBAL_UNCERTAINTY_ASSIGNED_CONTEXT ( ( #9992 ) ) GLOBAL_UNIT_ASSIGNED_CONTEXT ( ( #8350, #7689, #4201 ) ) REPRESENTATION_CONTEXT ( 'NONE', 'WORKASPACE' ) );
#3765 = ADVANCED_FACE ( 'NONE', ( #7932 ), #5224, .T. ) ;
#3766 = VERTEX_POINT ( 'NONE', #363 ) ;
#3767 = VERTEX_POINT ( 'NONE', #3742 ) ;
#3768 = AXIS2_PLACEMENT_3D ( 'NONE', #2055, #8652, #2881 ) ;
#3769 = DIRECTION ( 'NONE',  ( 1.000000000000000000, 0.000000000000000000, -1.521687259628770718E-15 ) ) ;
#3770 = FACE_OUTER_BOUND ( 'NONE', #5594, .T. ) ;
#3771 = ORIENTED_EDGE ( 'NONE', *, *, #5004, .F. ) ;
#3772 = DIRECTION ( 'NONE',  ( 7.608436298143875282E-16, 0.000000000000000000, -1.000000000000000000 ) ) ;
#3773 = PLANE ( 'NONE',  #5553 ) ;
#3774 = CARTESIAN_POINT ( 'NONE',  ( -0.7499999999999991118, 0.2000000000000000111, 2.100000000000000977 ) ) ;
#3775 = CARTESIAN_POINT ( 'NONE',  ( -2.215000000000000746, 0.6614108798023753399, -0.1349999999999992595 ) ) ;
#3776 = COLOUR_RGB ( '',0.7921568627450980005, 0.8196078431372548767, 0.9333333333333333481 ) ;
#3777 = ORIENTED_EDGE ( 'NONE', *, *, #6187, .F. ) ;
#3778 = ORIENTED_EDGE ( 'NONE', *, *, #9900, .T. ) ;
#3779 = VECTOR ( 'NONE', #2605, 1000.000000000000000 ) ;
#3780 = ADVANCED_FACE ( 'NONE', ( #10489 ), #9660, .T. ) ;
#3781 = EDGE_CURVE ( 'NONE', #2796, #2203, #152, .T. ) ;
#3782 = ORIENTED_EDGE ( 'NONE', *, *, #10042, .F. ) ;
#3783 = MECHANICAL_DESIGN_GEOMETRIC_PRESENTATION_REPRESENTATION (  '', ( #4827 ), #6424 ) ;
#3784 = DIRECTION ( 'NONE',  ( -0.000000000000000000, -1.000000000000000000, -0.000000000000000000 ) ) ;
#3785 = VERTEX_POINT ( 'NONE', #9434 ) ;
#3786 = PLANE ( 'NONE',  #6227 ) ;
#3787 = VECTOR ( 'NONE', #6156, 1000.000000000000000 ) ;
#3788 = LINE ( 'NONE', #5317, #4324 ) ;
#3789 = CARTESIAN_POINT ( 'NONE',  ( -0.7499999999999991118, 0.1999999999999999833, 2.215000000000001190 ) ) ;
#3790 = CARTESIAN_POINT ( 'NONE',  ( -1.364999999999999547, 0.1999999999999999833, 2.215000000000001190 ) ) ;
#3791 = LINE ( 'NONE', #2958, #10466 ) ;
#3792 = VECTOR ( 'NONE', #796, 1000.000000000000000 ) ;
#3793 = EDGE_CURVE ( 'NONE', #3766, #3210, #3551, .T. ) ;
#3794 = EDGE_CURVE ( 'NONE', #5735, #5243, #4423, .T. ) ;
#3795 = VERTEX_POINT ( 'NONE', #4720 ) ;
#3796 = CARTESIAN_POINT ( 'NONE',  ( 0.7500000000000008882, 0.6614108798023734526, 2.100000000000000977 ) ) ;
#3797 = DIRECTION ( 'NONE',  ( 0.000000000000000000, 0.000000000000000000, -1.000000000000000000 ) ) ;
#3798 = PLANE ( 'NONE',  #1249 ) ;
#3799 = ADVANCED_FACE ( 'NONE', ( #4670 ), #5719, .F. ) ;
#3800 = CARTESIAN_POINT ( 'NONE',  ( -2.500000000000002220, 0.1999999999999999833, 1.135000000000000009 ) ) ;
#3801 =( LENGTH_UNIT ( ) NAMED_UNIT ( * ) SI_UNIT ( .MILLI., .METRE. ) );
#3802 = DIRECTION ( 'NONE',  ( -1.000000000000000000, 0.000000000000000000, -7.608436298143875282E-16 ) ) ;
#3803 = FACE_OUTER_BOUND ( 'NONE', #9345, .T. ) ;
#3804 = ADVANCED_FACE ( 'NONE', ( #5493 ), #9927, .T. ) ;
#3805 = ORIENTED_EDGE ( 'NONE', *, *, #10236, .T. ) ;
#3806 = VECTOR ( 'NONE', #158, 1000.000000000000000 ) ;
#3807 = ADVANCED_FACE ( 'NONE', ( #1403 ), #8861, .F. ) ;
#3808 = PLANE ( 'NONE',  #3207 ) ;
#3809 = AXIS2_PLACEMENT_3D ( 'NONE', #10409, #5426, #3840 ) ;
#3810 = CYLINDRICAL_SURFACE ( 'NONE', #2722, 0.1150000000000000883 ) ;
#3811 = CARTESIAN_POINT ( 'NONE',  ( -1.634999999999999343, 0.000000000000000000, 2.500000000000001332 ) ) ;
#3812 = LINE ( 'NONE', #2975, #5938 ) ;
#3813 = SURFACE_SIDE_STYLE ('',( #3915 ) ) ;
#3814 = EDGE_LOOP ( 'NONE', ( #3148, #8057, #9414, #5804 ) ) ;
#3815 = DIRECTION ( 'NONE',  ( 0.000000000000000000, 0.000000000000000000, 1.000000000000000000 ) ) ;
#3816 = ORIENTED_EDGE ( 'NONE', *, *, #10527, .T. ) ;
#3817 = PRESENTATION_LAYER_ASSIGNMENT (  '', '', ( #7167 ) ) ;
#3818 = ORIENTED_EDGE ( 'NONE', *, *, #4211, .F. ) ;
#3819 = ORIENTED_EDGE ( 'NONE', *, *, #10247, .F. ) ;
#3820 = VERTEX_POINT ( 'NONE', #7992 ) ;
#3821 = DIRECTION ( 'NONE',  ( 7.608436298143888101E-16, 0.000000000000000000, -1.000000000000000000 ) ) ;
#3822 = ORIENTED_EDGE ( 'NONE', *, *, #2973, .T. ) ;
#3823 = ORIENTED_EDGE ( 'NONE', *, *, #8670, .T. ) ;
#3824 = SURFACE_STYLE_FILL_AREA ( #7069 ) ;
#3825 = EDGE_LOOP ( 'NONE', ( #9960, #10509, #6504, #4378 ) ) ;
#3826 = DIRECTION ( 'NONE',  ( -1.521687259628770718E-15, 0.000000000000000000, 1.000000000000000000 ) ) ;
#3827 = VERTEX_POINT ( 'NONE', #7216 ) ;
#3828 = CARTESIAN_POINT ( 'NONE',  ( -2.500000000000000444, 0.2000000000000005107, 1.365000000000000435 ) ) ;
#3829 = DIRECTION ( 'NONE',  ( 1.000000000000000000, -0.000000000000000000, -1.734723475976807094E-16 ) ) ;
#3830 = EDGE_CURVE ( 'NONE', #8709, #408, #3903, .T. ) ;
#3831 = DIRECTION ( 'NONE',  ( -0.000000000000000000, -1.000000000000000000, -0.000000000000000000 ) ) ;
#3832 = LINE ( 'NONE', #7960, #913 ) ;
#3833 = ORIENTED_EDGE ( 'NONE', *, *, #7819, .T. ) ;
#3834 = EDGE_CURVE ( 'NONE', #8930, #208, #10645, .T. ) ;
#3835 = VECTOR ( 'NONE', #6497, 1000.000000000000000 ) ;
#3836 = EDGE_LOOP ( 'NONE', ( #69, #9661, #664, #123 ) ) ;
#3837 = DIRECTION ( 'NONE',  ( -7.608436298143888101E-16, 0.000000000000000000, -1.000000000000000000 ) ) ;
#3838 = ORIENTED_EDGE ( 'NONE', *, *, #8566, .T. ) ;
#3839 = CARTESIAN_POINT ( 'NONE',  ( -2.215000000000000746, 0.000000000000000000, -0.3649999999999998801 ) ) ;
#3840 = DIRECTION ( 'NONE',  ( 0.000000000000000000, 0.000000000000000000, 1.000000000000000000 ) ) ;
#3841 = ADVANCED_FACE ( 'NONE', ( #3803 ), #9761, .F. ) ;
#3842 = LINE ( 'NONE', #7202, #8132 ) ;
#3843 = DIRECTION ( 'NONE',  ( -0.000000000000000000, -1.000000000000000000, -0.000000000000000000 ) ) ;
#3844 = VECTOR ( 'NONE', #2033, 1000.000000000000000 ) ;
#3845 = PLANE ( 'NONE',  #4803 ) ;
#3846 = EDGE_CURVE ( 'NONE', #4476, #2549, #10757, .T. ) ;
#3847 = ORIENTED_EDGE ( 'NONE', *, *, #5372, .F. ) ;
#3848 = LINE ( 'NONE', #3796, #1441 ) ;
#3849 = VECTOR ( 'NONE', #5197, 1000.000000000000000 ) ;
#3850 = CARTESIAN_POINT ( 'NONE',  ( 0.1350000000000007860, 0.04999999999999969746, -2.500000000000001332 ) ) ;
#3851 = CYLINDRICAL_SURFACE ( 'NONE', #3369, 0.1150000000000000883 ) ;
#3852 = CARTESIAN_POINT ( 'NONE',  ( 2.499999999999999556, 0.05000000000000000278, 2.499999999999998668 ) ) ;
#3853 = ADVANCED_FACE ( 'NONE', ( #6443 ), #5601, .T. ) ;
#3854 = CARTESIAN_POINT ( 'NONE',  ( 0.1350000000000007860, 0.1999999999999999833, 2.500000000000001332 ) ) ;
#3855 = EDGE_CURVE ( 'NONE', #3375, #1602, #5548, .T. ) ;
#3856 = DIRECTION ( 'NONE',  ( -0.000000000000000000, -1.000000000000000000, -0.000000000000000000 ) ) ;
#3857 = VECTOR ( 'NONE', #10410, 1000.000000000000000 ) ;
#3858 = ORIENTED_EDGE ( 'NONE', *, *, #3253, .F. ) ;
#3859 = CARTESIAN_POINT ( 'NONE',  ( -2.215000000000000746, 0.1999999999999999833, -0.1349999999999992595 ) ) ;
#3860 = DIRECTION ( 'NONE',  ( 0.000000000000000000, -0.000000000000000000, 1.000000000000000000 ) ) ;
#3861 = CARTESIAN_POINT ( 'NONE',  ( 2.500000000000001332, 0.04999999999999969746, -1.634999999999999565 ) ) ;
#3862 = DIRECTION ( 'NONE',  ( -0.000000000000000000, -1.000000000000000000, -0.000000000000000000 ) ) ;
#3863 =( LENGTH_UNIT ( ) NAMED_UNIT ( * ) SI_UNIT ( .MILLI., .METRE. ) );
#3864 = ORIENTED_EDGE ( 'NONE', *, *, #6387, .F. ) ;
#3865 = FACE_OUTER_BOUND ( 'NONE', #3403, .T. ) ;
#3866 = ADVANCED_FACE ( 'NONE', ( #8147 ), #1304, .T. ) ;
#3867 = EDGE_LOOP ( 'NONE', ( #3180, #9526, #2231, #7192 ) ) ;
#3868 = ORIENTED_EDGE ( 'NONE', *, *, #6945, .T. ) ;
#3869 = CARTESIAN_POINT ( 'NONE',  ( 0.8650000000000007683, 0.2000000000000000111, 2.500000000000001332 ) ) ;
#3870 = VERTEX_POINT ( 'NONE', #7324 ) ;
#3871 = ORIENTED_EDGE ( 'NONE', *, *, #9159, .F. ) ;
#3872 = LINE ( 'NONE', #10005, #8357 ) ;
#3873 = ORIENTED_EDGE ( 'NONE', *, *, #9194, .F. ) ;
#3874 = FACE_OUTER_BOUND ( 'NONE', #3122, .T. ) ;
#3875 = ORIENTED_EDGE ( 'NONE', *, *, #1012, .F. ) ;
#3876 = DIRECTION ( 'NONE',  ( 0.000000000000000000, 0.000000000000000000, -1.000000000000000000 ) ) ;
#3877 = FILL_AREA_STYLE ('',( #8991 ) ) ;
#3878 = DIRECTION ( 'NONE',  ( 7.608436298143888101E-16, 0.000000000000000000, -1.000000000000000000 ) ) ;
#3879 = DIRECTION ( 'NONE',  ( 0.000000000000000000, -1.000000000000000000, 0.000000000000000000 ) ) ;
#3880 = VERTEX_POINT ( 'NONE', #8919 ) ;
#3881 = EDGE_LOOP ( 'NONE', ( #10444, #4170, #4871, #6192 ) ) ;
#3882 = ORIENTED_EDGE ( 'NONE', *, *, #8005, .F. ) ;
#3883 = ORIENTED_EDGE ( 'NONE', *, *, #4125, .F. ) ;
#3884 = DIRECTION ( 'NONE',  ( -1.000000000000000000, 0.000000000000000000, -1.326241189584715283E-16 ) ) ;
#3885 = ADVANCED_FACE ( 'NONE', ( #1352 ), #10703, .F. ) ;
#3886 = ORIENTED_EDGE ( 'NONE', *, *, #9013, .T. ) ;
#3887 = DIRECTION ( 'NONE',  ( 0.000000000000000000, 1.000000000000000000, 0.000000000000000000 ) ) ;
#3888 = DIRECTION ( 'NONE',  ( -1.000000000000000000, 0.000000000000000000, 0.000000000000000000 ) ) ;
#3889 = CARTESIAN_POINT ( 'NONE',  ( 0.6350000000000005640, 0.04999999999999999584, -2.215000000000001190 ) ) ;
#3890 = DIRECTION ( 'NONE',  ( 3.771137991253918417E-15, -0.000000000000000000, 1.000000000000000000 ) ) ;
#3891 = LINE ( 'NONE', #3062, #8505 ) ;
#3892 =( GEOMETRIC_REPRESENTATION_CONTEXT ( 3 ) GLOBAL_UNCERTAINTY_ASSIGNED_CONTEXT ( ( #8212 ) ) GLOBAL_UNIT_ASSIGNED_CONTEXT ( ( #1411, #5610, #2976 ) ) REPRESENTATION_CONTEXT ( 'NONE', 'WORKASPACE' ) );
#3893 = EDGE_CURVE ( 'NONE', #4545, #1405, #9560, .T. ) ;
#3894 = EDGE_CURVE ( 'NONE', #2524, #3210, #1465, .T. ) ;
#3895 = ORIENTED_EDGE ( 'NONE', *, *, #4329, .F. ) ;
#3896 = CARTESIAN_POINT ( 'NONE',  ( -0.2499999999999991396, 0.1999999999999999833, 2.215000000000001190 ) ) ;
#3897 = EDGE_CURVE ( 'NONE', #6472, #4476, #638, .T. ) ;
#3898 = DIRECTION ( 'NONE',  ( -0.000000000000000000, -1.000000000000000000, -0.000000000000000000 ) ) ;
#3899 = LINE ( 'NONE', #7928, #10598 ) ;
#3900 = CARTESIAN_POINT ( 'NONE',  ( 2.215000000000000746, 0.000000000000000000, -1.134999999999999343 ) ) ;
#3901 = AXIS2_PLACEMENT_3D ( 'NONE', #9470, #10074, #5153 ) ;
#3902 = DIRECTION ( 'NONE',  ( 0.000000000000000000, -1.000000000000000000, 0.000000000000000000 ) ) ;
#3903 = LINE ( 'NONE', #8048, #10431 ) ;
#3904 = ADVANCED_FACE ( 'NONE', ( #6541 ), #4890, .T. ) ;
#3905 = EDGE_LOOP ( 'NONE', ( #8770, #4700, #8308, #1053 ) ) ;
#3906 = VECTOR ( 'NONE', #2573, 1000.000000000000000 ) ;
#3907 = VECTOR ( 'NONE', #1913, 1000.000000000000000 ) ;
#3908 = ADVANCED_FACE ( 'NONE', ( #8369 ), #10033, .F. ) ;
#3909 = CARTESIAN_POINT ( 'NONE',  ( 2.500000000000002220, 0.000000000000000000, 0.6349999999999998979 ) ) ;
#3910 = DIRECTION ( 'NONE',  ( 0.000000000000000000, 0.000000000000000000, -1.000000000000000000 ) ) ;
#3911 = AXIS2_PLACEMENT_3D ( 'NONE', #3071, #1521, #2303 ) ;
#3912 = CARTESIAN_POINT ( 'NONE',  ( 2.500000000000001332, 0.000000000000000000, -1.134999999999999565 ) ) ;
#3913 = DIRECTION ( 'NONE',  ( 1.000000000000000000, 0.000000000000000000, -7.608436298143875282E-16 ) ) ;
#3914 = FILL_AREA_STYLE_COLOUR ( '', #2659 ) ;
#3915 = SURFACE_STYLE_FILL_AREA ( #4677 ) ;
#3916 = PLANE ( 'NONE',  #1815 ) ;
#3917 = VECTOR ( 'NONE', #3749, 1000.000000000000000 ) ;
#3918 = VECTOR ( 'NONE', #7817, 1000.000000000000000 ) ;
#3919 = AXIS2_PLACEMENT_3D ( 'NONE', #675, #6527, #7477 ) ;
#3920 = VECTOR ( 'NONE', #10773, 1000.000000000000000 ) ;
#3921 = ORIENTED_EDGE ( 'NONE', *, *, #6188, .F. ) ;
#3922 = CARTESIAN_POINT ( 'NONE',  ( 2.500000000000002220, 0.6614108798023753399, -0.3650000000000001021 ) ) ;
#3923 = VERTEX_POINT ( 'NONE', #2421 ) ;
#3924 = ORIENTED_EDGE ( 'NONE', *, *, #1491, .F. ) ;
#3925 = VECTOR ( 'NONE', #1681, 1000.000000000000000 ) ;
#3926 = DIRECTION ( 'NONE',  ( 0.000000000000000000, -0.000000000000000000, 1.000000000000000000 ) ) ;
#3927 = AXIS2_PLACEMENT_3D ( 'NONE', #4913, #7622, #1599 ) ;
#3928 = DIRECTION ( 'NONE',  ( -0.000000000000000000, -1.000000000000000000, -0.000000000000000000 ) ) ;
#3929 = CARTESIAN_POINT ( 'NONE',  ( -1.249999999999999112, 0.6614108798023734526, 2.100000000000000977 ) ) ;
#3930 = EDGE_CURVE ( 'NONE', #5745, #5354, #10875, .T. ) ;
#3931 = VERTEX_POINT ( 'NONE', #799 ) ;
#3932 = DIRECTION ( 'NONE',  ( 0.000000000000000000, 0.000000000000000000, 1.000000000000000000 ) ) ;
#3933 = DIRECTION ( 'NONE',  ( 0.000000000000000000, 1.000000000000000000, 0.000000000000000000 ) ) ;
#3934 = VECTOR ( 'NONE', #6582, 1000.000000000000000 ) ;
#3935 = DIRECTION ( 'NONE',  ( -0.000000000000000000, -1.000000000000000000, -0.000000000000000000 ) ) ;
#3936 = VECTOR ( 'NONE', #1962, 1000.000000000000000 ) ;
#3937 = CARTESIAN_POINT ( 'NONE',  ( -2.215000000000000746, 0.1999999999999999833, 1.865000000000000879 ) ) ;
#3938 = ORIENTED_EDGE ( 'NONE', *, *, #10942, .F. ) ;
#3939 = ORIENTED_EDGE ( 'NONE', *, *, #4337, .T. ) ;
#3940 = ORIENTED_EDGE ( 'NONE', *, *, #3557, .F. ) ;
#3941 = CIRCLE ( 'NONE', #3950, 0.1150000000000000883 ) ;
#3942 = COLOUR_RGB ( '',0.7921568627450980005, 0.8196078431372548767, 0.9333333333333333481 ) ;
#3943 = EDGE_CURVE ( 'NONE', #7615, #6307, #4977, .T. ) ;
#3944 = ORIENTED_EDGE ( 'NONE', *, *, #4129, .T. ) ;
#3945 = VECTOR ( 'NONE', #9281, 1000.000000000000000 ) ;
#3946 = VERTEX_POINT ( 'NONE', #1686 ) ;
#3947 = ORIENTED_EDGE ( 'NONE', *, *, #3133, .T. ) ;
#3948 = LINE ( 'NONE', #2999, #4808 ) ;
#3949 = CARTESIAN_POINT ( 'NONE',  ( -1.800000000000001155, 1.000000000000000000, -1.800000000000000711 ) ) ;
#3950 = AXIS2_PLACEMENT_3D ( 'NONE', #6693, #7470, #830 ) ;
#3951 = CARTESIAN_POINT ( 'NONE',  ( 0.1350000000000007860, 0.2000000000000000111, 2.500000000000001332 ) ) ;
#3952 = CARTESIAN_POINT ( 'NONE',  ( 2.500000000000001332, 0.6614108798023753399, -0.6349999999999994538 ) ) ;
#3953 = CYLINDRICAL_SURFACE ( 'NONE', #5850, 0.1150000000000002964 ) ;
#3954 = DIRECTION ( 'NONE',  ( 1.521687259628770718E-15, -0.000000000000000000, 1.000000000000000000 ) ) ;
#3955 = ORIENTED_EDGE ( 'NONE', *, *, #5233, .T. ) ;
#3956 = VECTOR ( 'NONE', #6534, 1000.000000000000000 ) ;
#3957 = ORIENTED_EDGE ( 'NONE', *, *, #6777, .T. ) ;
#3958 = CARTESIAN_POINT ( 'NONE',  ( -2.215000000000000746, 0.6614108798023753399, 0.8650000000000007683 ) ) ;
#3959 = PLANE ( 'NONE',  #6938 ) ;
#3960 = FACE_OUTER_BOUND ( 'NONE', #4360, .T. ) ;
#3961 = PLANE ( 'NONE',  #10365 ) ;
#3962 = CYLINDRICAL_SURFACE ( 'NONE', #9368, 0.1150000000000000883 ) ;
#3963 = ADVANCED_FACE ( 'NONE', ( #10817 ), #4175, .T. ) ;
#3964 = DIRECTION ( 'NONE',  ( 1.000000000000000000, 0.000000000000000000, 1.521687259628770718E-15 ) ) ;
#3965 = STYLED_ITEM ( 'NONE', ( #5750 ), #5797 ) ;
#3966 = ADVANCED_FACE ( 'NONE', ( #4220 ), #10926, .F. ) ;
#3967 = ORIENTED_EDGE ( 'NONE', *, *, #8443, .T. ) ;
#3968 = DIRECTION ( 'NONE',  ( 0.000000000000000000, 0.000000000000000000, -1.000000000000000000 ) ) ;
#3969 = CYLINDRICAL_SURFACE ( 'NONE', #3303, 0.1150000000000000883 ) ;
#3970 = CARTESIAN_POINT ( 'NONE',  ( -0.6349999999999990097, 0.2000000000000000111, 2.215000000000001190 ) ) ;
#3971 = CARTESIAN_POINT ( 'NONE',  ( -2.215000000000000746, 0.1999999999999999833, -0.1349999999999992595 ) ) ;
#3972 =( LENGTH_UNIT ( ) NAMED_UNIT ( * ) SI_UNIT ( .MILLI., .METRE. ) );
#3973 = ADVANCED_FACE ( 'NONE', ( #7593 ), #3342, .F. ) ;
#3974 = ORIENTED_EDGE ( 'NONE', *, *, #4001, .T. ) ;
#3975 = LINE ( 'NONE', #10770, #1611 ) ;
#3976 = ORIENTED_EDGE ( 'NONE', *, *, #5982, .T. ) ;
#3977 = VECTOR ( 'NONE', #8452, 1000.000000000000000 ) ;
#3978 = ORIENTED_EDGE ( 'NONE', *, *, #5161, .T. ) ;
#3979 = LINE ( 'NONE', #7229, #3748 ) ;
#3980 = ORIENTED_EDGE ( 'NONE', *, *, #7734, .F. ) ;
#3981 = ORIENTED_EDGE ( 'NONE', *, *, #6016, .F. ) ;
#3982 = DIRECTION ( 'NONE',  ( 0.000000000000000000, 0.000000000000000000, -1.000000000000000000 ) ) ;
#3983 = LINE ( 'NONE', #10667, #6871 ) ;
#3984 = ORIENTED_EDGE ( 'NONE', *, *, #9964, .T. ) ;
#3985 = FACE_OUTER_BOUND ( 'NONE', #9794, .T. ) ;
#3986 = CARTESIAN_POINT ( 'NONE',  ( 5.554158497644956528E-16, 0.05000000000000000278, -0.3649999999999962719 ) ) ;
#3987 = CARTESIAN_POINT ( 'NONE',  ( -2.500000000000002220, 0.1999999999999999833, 0.1349999999999999256 ) ) ;
#3988 = EDGE_CURVE ( 'NONE', #3931, #9141, #8258, .T. ) ;
#3989 = CARTESIAN_POINT ( 'NONE',  ( 1.865000000000000879, 0.1999999999999999833, -2.215000000000001190 ) ) ;
#3990 = MECHANICAL_DESIGN_GEOMETRIC_PRESENTATION_REPRESENTATION (  '', ( #9095 ), #2930 ) ;
#3991 = ADVANCED_FACE ( 'NONE', ( #27 ), #6658, .F. ) ;
#3992 = EDGE_CURVE ( 'NONE', #522, #7862, #10144, .T. ) ;
#3993 = ORIENTED_EDGE ( 'NONE', *, *, #3760, .F. ) ;
#3994 = ORIENTED_EDGE ( 'NONE', *, *, #4363, .F. ) ;
#3995 = ORIENTED_EDGE ( 'NONE', *, *, #1400, .F. ) ;
#3996 = EDGE_LOOP ( 'NONE', ( #8835, #1274, #4855, #4576 ) ) ;
#3997 = FACE_OUTER_BOUND ( 'NONE', #9046, .T. ) ;
#3998 = DIRECTION ( 'NONE',  ( 0.000000000000000000, 0.000000000000000000, 1.000000000000000000 ) ) ;
#3999 = CARTESIAN_POINT ( 'NONE',  ( 1.250000000000000888, 0.000000000000000000, 2.100000000000000977 ) ) ;
#4000 = CARTESIAN_POINT ( 'NONE',  ( -2.215000000000000746, 0.6614108798023753399, -1.749999999999999778 ) ) ;
#4001 = EDGE_CURVE ( 'NONE', #4527, #130, #4067, .T. ) ;
#4002 = CARTESIAN_POINT ( 'NONE',  ( -0.7499999999999993339, 0.2000000000000000111, -2.215000000000001190 ) ) ;
#4003 = EDGE_LOOP ( 'NONE', ( #4069, #6282, #9563, #6255 ) ) ;
#4004 = CIRCLE ( 'NONE', #9475, 0.1150000000000002964 ) ;
#4005 = EDGE_CURVE ( 'NONE', #8560, #6887, #4938, .T. ) ;
#4006 = ORIENTED_EDGE ( 'NONE', *, *, #7144, .F. ) ;
#4007 = LINE ( 'NONE', #7369, #5002 ) ;
#4008 = EDGE_LOOP ( 'NONE', ( #9973, #5920, #6211, #5419 ) ) ;
#4009 = DIRECTION ( 'NONE',  ( 0.000000000000000000, -1.000000000000000000, 0.000000000000000000 ) ) ;
#4010 = DIRECTION ( 'NONE',  ( 0.000000000000000000, 0.000000000000000000, 1.000000000000000000 ) ) ;
#4011 = DIRECTION ( 'NONE',  ( 0.000000000000000000, -1.000000000000000000, 0.000000000000000000 ) ) ;
#4012 = AXIS2_PLACEMENT_3D ( 'NONE', #6286, #9428, #6120 ) ;
#4013 = EDGE_CURVE ( 'NONE', #7862, #1565, #2533, .T. ) ;
#4014 = CARTESIAN_POINT ( 'NONE',  ( 2.500000000000002220, 0.1999999999999999833, 0.6349999999999998979 ) ) ;
#4015 = CARTESIAN_POINT ( 'NONE',  ( 0.3650000000000007683, 0.6614108798023734526, 2.500000000000001332 ) ) ;
#4016 = VERTEX_POINT ( 'NONE', #10196 ) ;
#4017 = ORIENTED_EDGE ( 'NONE', *, *, #7218, .T. ) ;
#4018 = VERTEX_POINT ( 'NONE', #5885 ) ;
#4019 = VECTOR ( 'NONE', #8939, 1000.000000000000000 ) ;
#4020 = CARTESIAN_POINT ( 'NONE',  ( -1.134999999999999343, 0.2000000000000000111, -2.215000000000001190 ) ) ;
#4021 = FACE_OUTER_BOUND ( 'NONE', #2729, .T. ) ;
#4022 = DIRECTION ( 'NONE',  ( 0.000000000000000000, 0.000000000000000000, -1.000000000000000000 ) ) ;
#4023 = PRODUCT_DEFINITION ( 'UNKNOWN', '', #576, #9427 ) ;
#4024 = DIRECTION ( 'NONE',  ( 1.000000000000000000, -0.000000000000000000, 1.326241189584715283E-16 ) ) ;
#4025 = PRESENTATION_STYLE_ASSIGNMENT (( #6398 ) ) ;
#4026 = VECTOR ( 'NONE', #7678, 1000.000000000000000 ) ;
#4027 = ORIENTED_EDGE ( 'NONE', *, *, #925, .T. ) ;
#4028 = CARTESIAN_POINT ( 'NONE',  ( 0.8650000000000007683, 0.04999999999999999584, -2.215000000000001190 ) ) ;
#4029 = ORIENTED_EDGE ( 'NONE', *, *, #10520, .T. ) ;
#4030 = ADVANCED_FACE ( 'NONE', ( #7426 ), #5939, .F. ) ;
#4031 = EDGE_CURVE ( 'NONE', #8222, #9169, #5771, .T. ) ;
#4032 = ORIENTED_EDGE ( 'NONE', *, *, #94, .F. ) ;
#4033 = FACE_OUTER_BOUND ( 'NONE', #6510, .T. ) ;
#4034 = ORIENTED_EDGE ( 'NONE', *, *, #682, .T. ) ;
#4035 = ORIENTED_EDGE ( 'NONE', *, *, #7201, .F. ) ;
#4036 =( LENGTH_UNIT ( ) NAMED_UNIT ( * ) SI_UNIT ( .MILLI., .METRE. ) );
#4037 = DIRECTION ( 'NONE',  ( 0.000000000000000000, -1.000000000000000000, 0.000000000000000000 ) ) ;
#4038 = FACE_OUTER_BOUND ( 'NONE', #2250, .T. ) ;
#4039 = ADVANCED_FACE ( 'NONE', ( #745 ), #7822, .T. ) ;
#4040 = CARTESIAN_POINT ( 'NONE',  ( -2.500000000000001332, 0.6614108798023753399, -0.1349999999999994815 ) ) ;
#4041 = CARTESIAN_POINT ( 'NONE',  ( 0.3650000000000007683, 0.000000000000000000, -2.215000000000001190 ) ) ;
#4042 = DIRECTION ( 'NONE',  ( 0.000000000000000000, 0.000000000000000000, 1.000000000000000000 ) ) ;
#4043 = LINE ( 'NONE', #5743, #7447 ) ;
#4044 = ORIENTED_EDGE ( 'NONE', *, *, #1022, .F. ) ;
#4045 = VERTEX_POINT ( 'NONE', #4333 ) ;
#4046 = EDGE_LOOP ( 'NONE', ( #9685, #5628, #9651, #10774 ) ) ;
#4047 = EDGE_LOOP ( 'NONE', ( #10808, #704, #3974, #2740 ) ) ;
#4048 = CARTESIAN_POINT ( 'NONE',  ( 2.500000000000001332, 0.1999999999999999833, -1.134999999999999565 ) ) ;
#4049 = EDGE_CURVE ( 'NONE', #1534, #9120, #6112, .T. ) ;
#4050 = ORIENTED_EDGE ( 'NONE', *, *, #9432, .F. ) ;
#4051 = FACE_OUTER_BOUND ( 'NONE', #4733, .T. ) ;
#4052 = VERTEX_POINT ( 'NONE', #1860 ) ;
#4053 = FACE_OUTER_BOUND ( 'NONE', #4651, .T. ) ;
#4054 = DIRECTION ( 'NONE',  ( -0.000000000000000000, -1.000000000000000000, -0.000000000000000000 ) ) ;
#4055 = CARTESIAN_POINT ( 'NONE',  ( -2.500000000000002220, 0.000000000000000000, 1.635000000000000009 ) ) ;
#4056 = DIRECTION ( 'NONE',  ( -0.000000000000000000, -0.000000000000000000, -1.000000000000000000 ) ) ;
#4057 = ORIENTED_EDGE ( 'NONE', *, *, #9490, .F. ) ;
#4058 = ORIENTED_EDGE ( 'NONE', *, *, #10480, .F. ) ;
#4059 = CARTESIAN_POINT ( 'NONE',  ( 1.365000000000000879, 0.2000000000000000111, 2.215000000000001190 ) ) ;
#4060 = ORIENTED_EDGE ( 'NONE', *, *, #4488, .F. ) ;
#4061 = LINE ( 'NONE', #9080, #1103 ) ;
#4062 = DIRECTION ( 'NONE',  ( -1.000000000000000000, 0.000000000000000000, 0.000000000000000000 ) ) ;
#4063 = PLANE ( 'NONE',  #4361 ) ;
#4064 = EDGE_CURVE ( 'NONE', #1499, #72, #2170, .T. ) ;
#4065 = DIRECTION ( 'NONE',  ( 7.608436298143888101E-16, -0.000000000000000000, 1.000000000000000000 ) ) ;
#4066 = VECTOR ( 'NONE', #9443, 1000.000000000000000 ) ;
#4067 = LINE ( 'NONE', #3457, #7981 ) ;
#4068 = VERTEX_POINT ( 'NONE', #5271 ) ;
#4069 = ORIENTED_EDGE ( 'NONE', *, *, #5562, .F. ) ;
#4070 = ADVANCED_FACE ( 'NONE', ( #6886 ), #5381, .T. ) ;
#4071 = MECHANICAL_DESIGN_GEOMETRIC_PRESENTATION_REPRESENTATION (  '', ( #8811 ), #2665 ) ;
#4072 = DIRECTION ( 'NONE',  ( 0.000000000000000000, -0.000000000000000000, -1.000000000000000000 ) ) ;
#4073 = PLANE ( 'NONE',  #5411 ) ;
#4074 = CARTESIAN_POINT ( 'NONE',  ( 0.6349999999999988987, 0.05000000000000000278, 4.831357049321360533E-16 ) ) ;
#4075 = CARTESIAN_POINT ( 'NONE',  ( 1.750000000000000666, 0.000000000000000000, -2.215000000000001190 ) ) ;
#4076 = CARTESIAN_POINT ( 'NONE',  ( -1.749999999999999334, 0.2000000000000000111, -2.215000000000001190 ) ) ;
#4077 = VECTOR ( 'NONE', #9978, 1000.000000000000000 ) ;
#4078 = ORIENTED_EDGE ( 'NONE', *, *, #4079, .F. ) ;
#4079 = EDGE_CURVE ( 'NONE', #2192, #3766, #3561, .T. ) ;
#4080 = VECTOR ( 'NONE', #4901, 1000.000000000000000 ) ;
#4081 = ORIENTED_EDGE ( 'NONE', *, *, #1122, .T. ) ;
#4082 = DIRECTION ( 'NONE',  ( 1.000000000000000000, 0.000000000000000000, -7.608436298143888101E-16 ) ) ;
#4083 = EDGE_LOOP ( 'NONE', ( #9124, #6008, #4498, #5578 ) ) ;
#4084 = DIRECTION ( 'NONE',  ( 1.000000000000000000, 0.000000000000000000, -3.771137991253918417E-15 ) ) ;
#4085 = CARTESIAN_POINT ( 'NONE',  ( -0.3649999999999994360, 0.04999999999999999584, -2.215000000000001190 ) ) ;
#4086 = PLANE ( 'NONE',  #6290 ) ;
#4087 = VECTOR ( 'NONE', #3902, 1000.000000000000000 ) ;
#4088 = DIRECTION ( 'NONE',  ( 3.771137991253918417E-15, -0.000000000000000000, 1.000000000000000000 ) ) ;
#4089 = CARTESIAN_POINT ( 'NONE',  ( -2.215000000000000746, 0.000000000000000000, -1.634999999999999343 ) ) ;
#4090 = CIRCLE ( 'NONE', #8311, 0.1150000000000000883 ) ;
#4091 = EDGE_CURVE ( 'NONE', #7342, #1783, #2029, .T. ) ;
#4092 = VECTOR ( 'NONE', #9073, 1000.000000000000000 ) ;
#4093 = CIRCLE ( 'NONE', #6925, 0.1150000000000000883 ) ;
#4094 = ORIENTED_EDGE ( 'NONE', *, *, #9893, .T. ) ;
#4095 = EDGE_CURVE ( 'NONE', #9881, #6500, #6752, .T. ) ;
#4096 = ADVANCED_FACE ( 'NONE', ( #10363 ), #10309, .T. ) ;
#4097 = AXIS2_PLACEMENT_3D ( 'NONE', #8051, #316, #2864 ) ;
#4098 = ORIENTED_EDGE ( 'NONE', *, *, #10656, .F. ) ;
#4099 = VECTOR ( 'NONE', #3878, 1000.000000000000000 ) ;
#4100 = ORIENTED_EDGE ( 'NONE', *, *, #2247, .F. ) ;
#4101 = CARTESIAN_POINT ( 'NONE',  ( 0.3650000000000007683, 0.1999999999999999833, -2.500000000000001332 ) ) ;
#4102 = ORIENTED_EDGE ( 'NONE', *, *, #6207, .T. ) ;
#4103 = LINE ( 'NONE', #5974, #7464 ) ;
#4104 = CARTESIAN_POINT ( 'NONE',  ( -1.749999999999999778, 0.2000000000000000111, -1.300032178889605650 ) ) ;
#4105 = LINE ( 'NONE', #10912, #6208 ) ;
#4106 = DIRECTION ( 'NONE',  ( 0.000000000000000000, 0.000000000000000000, 1.000000000000000000 ) ) ;
#4107 = CARTESIAN_POINT ( 'NONE',  ( 0.3650000000000007683, 0.1999999999999999833, -2.215000000000001190 ) ) ;
#4108 = VECTOR ( 'NONE', #7536, 1000.000000000000000 ) ;
#4109 = EDGE_CURVE ( 'NONE', #836, #3422, #9532, .T. ) ;
#4110 = VERTEX_POINT ( 'NONE', #300 ) ;
#4111 = EDGE_LOOP ( 'NONE', ( #3868, #6828, #2970, #10818 ) ) ;
#4112 = EDGE_CURVE ( 'NONE', #1065, #6971, #8740, .T. ) ;
#4113 = AXIS2_PLACEMENT_3D ( 'NONE', #7571, #4199, #2502 ) ;
#4114 = EDGE_CURVE ( 'NONE', #8482, #7303, #10249, .T. ) ;
#4115 = ORIENTED_EDGE ( 'NONE', *, *, #2834, .T. ) ;
#4116 = PRESENTATION_LAYER_ASSIGNMENT (  '', '', ( #10115 ) ) ;
#4117 = DIRECTION ( 'NONE',  ( 0.000000000000000000, -1.000000000000000000, 0.000000000000000000 ) ) ;
#4118 =( GEOMETRIC_REPRESENTATION_CONTEXT ( 3 ) GLOBAL_UNCERTAINTY_ASSIGNED_CONTEXT ( ( #1578 ) ) GLOBAL_UNIT_ASSIGNED_CONTEXT ( ( #7345, #10666, #9784 ) ) REPRESENTATION_CONTEXT ( 'NONE', 'WORKASPACE' ) );
#4119 = ORIENTED_EDGE ( 'NONE', *, *, #10107, .F. ) ;
#4120 = LINE ( 'NONE', #7487, #9752 ) ;
#4121 = PLANE ( 'NONE',  #1781 ) ;
#4122 = VECTOR ( 'NONE', #7787, 1000.000000000000000 ) ;
#4123 = PLANE ( 'NONE',  #7790 ) ;
#4124 = DIRECTION ( 'NONE',  ( -1.000000000000000000, 0.000000000000000000, 0.000000000000000000 ) ) ;
#4125 = EDGE_CURVE ( 'NONE', #6307, #8732, #3621, .T. ) ;
#4126 = ORIENTED_EDGE ( 'NONE', *, *, #3206, .T. ) ;
#4127 = ORIENTED_EDGE ( 'NONE', *, *, #9332, .T. ) ;
#4128 = CIRCLE ( 'NONE', #2552, 0.1150000000000000883 ) ;
#4129 = EDGE_CURVE ( 'NONE', #9233, #7372, #6993, .T. ) ;
#4130 = VECTOR ( 'NONE', #6851, 1000.000000000000000 ) ;
#4131 = CARTESIAN_POINT ( 'NONE',  ( 2.500000000000002220, 0.1999999999999999833, 1.135000000000000009 ) ) ;
#4132 = UNCERTAINTY_MEASURE_WITH_UNIT (LENGTH_MEASURE( 1.000000000000000082E-05 ), #5448, 'distance_accuracy_value', 'NONE');
#4133 = PRESENTATION_LAYER_ASSIGNMENT (  '', '', ( #1135 ) ) ;
#4134 = DIRECTION ( 'NONE',  ( -1.521687259628770718E-15, 0.000000000000000000, 1.000000000000000000 ) ) ;
#4135 = CARTESIAN_POINT ( 'NONE',  ( 2.215000000000000746, 0.6614108798023753399, -0.6349999999999992317 ) ) ;
#4136 = AXIS2_PLACEMENT_3D ( 'NONE', #9348, #1784, #4326 ) ;
#4137 = DIRECTION ( 'NONE',  ( 0.000000000000000000, 1.000000000000000000, -0.000000000000000000 ) ) ;
#4138 = CARTESIAN_POINT ( 'NONE',  ( -2.215000000000000746, 0.6614108798023753399, -1.134999999999999343 ) ) ;
#4139 = CARTESIAN_POINT ( 'NONE',  ( -1.749999999999999112, 0.2000000000000000111, 2.215000000000001190 ) ) ;
#4140 = ORIENTED_EDGE ( 'NONE', *, *, #222, .F. ) ;
#4141 = ORIENTED_EDGE ( 'NONE', *, *, #2050, .F. ) ;
#4142 = EDGE_CURVE ( 'NONE', #6946, #4045, #8687, .T. ) ;
#4143 = ORIENTED_EDGE ( 'NONE', *, *, #1729, .T. ) ;
#4144 = FACE_OUTER_BOUND ( 'NONE', #3331, .T. ) ;
#4145 = ORIENTED_EDGE ( 'NONE', *, *, #9144, .F. ) ;
#4146 = VERTEX_POINT ( 'NONE', #7872 ) ;
#4147 = FACE_OUTER_BOUND ( 'NONE', #7694, .T. ) ;
#4148 = PLANE ( 'NONE',  #3485 ) ;
#4149 = DIRECTION ( 'NONE',  ( 1.000000000000000000, 0.000000000000000000, -7.608436298143875282E-16 ) ) ;
#4150 = LINE ( 'NONE', #3531, #8152 ) ;
#4151 = VERTEX_POINT ( 'NONE', #6051 ) ;
#4152 = ORIENTED_EDGE ( 'NONE', *, *, #1831, .T. ) ;
#4153 = ORIENTED_EDGE ( 'NONE', *, *, #7058, .F. ) ;
#4154 = LINE ( 'NONE', #7517, #7648 ) ;
#4155 = EDGE_CURVE ( 'NONE', #8649, #6020, #3675, .T. ) ;
#4156 = ORIENTED_EDGE ( 'NONE', *, *, #8149, .F. ) ;
#4157 = ORIENTED_EDGE ( 'NONE', *, *, #9295, .F. ) ;
#4158 = CARTESIAN_POINT ( 'NONE',  ( -1.749999999999999778, 0.1999999999999996503, -1.634999999999999343 ) ) ;
#4159 = CIRCLE ( 'NONE', #7863, 0.1150000000000001993 ) ;
#4160 = CARTESIAN_POINT ( 'NONE',  ( -2.215000000000000746, 0.1999999999999999833, -1.864999999999999991 ) ) ;
#4161 = PLANE ( 'NONE',  #5658 ) ;
#4162 = LINE ( 'NONE', #5867, #10263 ) ;
#4163 = LINE ( 'NONE', #4929, #9572 ) ;
#4164 = ORIENTED_EDGE ( 'NONE', *, *, #10577, .T. ) ;
#4165 = VERTEX_POINT ( 'NONE', #2844 ) ;
#4166 = CIRCLE ( 'NONE', #8916, 0.1150000000000000883 ) ;
#4167 = EDGE_LOOP ( 'NONE', ( #6089, #4251, #4434, #8099 ) ) ;
#4168 = ADVANCED_FACE ( 'NONE', ( #6221 ), #8577, .F. ) ;
#4169 = LINE ( 'NONE', #9974, #5532 ) ;
#4170 = ORIENTED_EDGE ( 'NONE', *, *, #9522, .T. ) ;
#4171 = LINE ( 'NONE', #7586, #10094 ) ;
#4172 = CARTESIAN_POINT ( 'NONE',  ( -2.215000000000000746, 0.1999999999999999833, -0.2499999999999997780 ) ) ;
#4173 = CARTESIAN_POINT ( 'NONE',  ( 2.500000000000001332, 0.6614108798023753399, 1.865000000000000657 ) ) ;
#4174 = CARTESIAN_POINT ( 'NONE',  ( 1.135000000000000897, 0.000000000000000000, 2.500000000000001332 ) ) ;
#4175 = PLANE ( 'NONE',  #9935 ) ;
#4176 = ORIENTED_EDGE ( 'NONE', *, *, #10032, .F. ) ;
#4177 = VECTOR ( 'NONE', #3078, 1000.000000000000000 ) ;
#4178 = EDGE_CURVE ( 'NONE', #4527, #4323, #353, .T. ) ;
#4179 = DIRECTION ( 'NONE',  ( -0.000000000000000000, -0.000000000000000000, -1.000000000000000000 ) ) ;
#4180 = CARTESIAN_POINT ( 'NONE',  ( 2.500000000000001332, 0.1999999999999999833, -0.6349999999999994538 ) ) ;
#4181 = ADVANCED_FACE ( 'NONE', ( #7366 ), #3004, .T. ) ;
#4182 = DIRECTION ( 'NONE',  ( 1.000000000000000000, 0.000000000000000000, 1.521687259628770718E-15 ) ) ;
#4183 = DIRECTION ( 'NONE',  ( -1.000000000000000000, 0.000000000000000000, 0.000000000000000000 ) ) ;
#4184 = CARTESIAN_POINT ( 'NONE',  ( -0.6349999999999992317, 0.000000000000000000, 2.500000000000001332 ) ) ;
#4185 = ORIENTED_EDGE ( 'NONE', *, *, #7241, .F. ) ;
#4186 = VECTOR ( 'NONE', #10698, 1000.000000000000000 ) ;
#4187 = LINE ( 'NONE', #7557, #2689 ) ;
#4188 = ORIENTED_EDGE ( 'NONE', *, *, #8871, .F. ) ;
#4189 = VERTEX_POINT ( 'NONE', #2188 ) ;
#4190 = LINE ( 'NONE', #6902, #1646 ) ;
#4191 = VECTOR ( 'NONE', #1221, 1000.000000000000000 ) ;
#4192 = LINE ( 'NONE', #6734, #6983 ) ;
#4193 = CARTESIAN_POINT ( 'NONE',  ( 0.8650000000000007683, 0.2000000000000000111, -2.500000000000001332 ) ) ;
#4194 = DIRECTION ( 'NONE',  ( 0.000000000000000000, -0.000000000000000000, -1.000000000000000000 ) ) ;
#4195 = CARTESIAN_POINT ( 'NONE',  ( -0.6349999999999990097, 0.000000000000000000, 2.215000000000001190 ) ) ;
#4196 = EDGE_CURVE ( 'NONE', #9169, #868, #3891, .T. ) ;
#4197 = LINE ( 'NONE', #6019, #6393 ) ;
#4198 = ORIENTED_EDGE ( 'NONE', *, *, #7569, .T. ) ;
#4199 = DIRECTION ( 'NONE',  ( 0.000000000000000000, 1.000000000000000000, 0.000000000000000000 ) ) ;
#4200 = ORIENTED_EDGE ( 'NONE', *, *, #3253, .T. ) ;
#4201 =( NAMED_UNIT ( * ) SI_UNIT ( $, .STERADIAN. ) SOLID_ANGLE_UNIT ( ) );
#4202 = VERTEX_POINT ( 'NONE', #8847 ) ;
#4203 = CARTESIAN_POINT ( 'NONE',  ( 0.1350000000000005640, 0.04999999999999999584, -2.215000000000001190 ) ) ;
#4204 = CARTESIAN_POINT ( 'NONE',  ( 1.635000000000000897, 0.2000000000000000111, 2.500000000000001332 ) ) ;
#4205 = LINE ( 'NONE', #6695, #3906 ) ;
#4206 = CARTESIAN_POINT ( 'NONE',  ( -0.1349999999999992595, 0.1999999999999999833, -2.215000000000001190 ) ) ;
#4207 = CARTESIAN_POINT ( 'NONE',  ( -2.215000000000000746, 0.000000000000000000, -1.134999999999999343 ) ) ;
#4208 = ORIENTED_EDGE ( 'NONE', *, *, #6054, .F. ) ;
#4209 = ORIENTED_EDGE ( 'NONE', *, *, #7256, .F. ) ;
#4210 = CLOSED_SHELL ( 'NONE', ( #9673, #4237, #9943, #4168, #5723, #191, #2577 ) ) ;
#4211 = EDGE_CURVE ( 'NONE', #5196, #6475, #7254, .T. ) ;
#4212 = ORIENTED_EDGE ( 'NONE', *, *, #4005, .F. ) ;
#4213 = LINE ( 'NONE', #134, #1477 ) ;
#4214 = VERTEX_POINT ( 'NONE', #10629 ) ;
#4215 = DIRECTION ( 'NONE',  ( 0.000000000000000000, -1.000000000000000000, 0.000000000000000000 ) ) ;
#4216 = PLANE ( 'NONE',  #195 ) ;
#4217 = CARTESIAN_POINT ( 'NONE',  ( -2.215000000000000746, 0.1999999999999999833, -1.634999999999999343 ) ) ;
#4218 = DIRECTION ( 'NONE',  ( 0.000000000000000000, 0.000000000000000000, -1.000000000000000000 ) ) ;
#4219 = VERTEX_POINT ( 'NONE', #10689 ) ;
#4220 = FACE_OUTER_BOUND ( 'NONE', #6862, .T. ) ;
#4221 = ORIENTED_EDGE ( 'NONE', *, *, #10298, .F. ) ;
#4222 = EDGE_CURVE ( 'NONE', #9798, #408, #10745, .T. ) ;
#4223 = EDGE_CURVE ( 'NONE', #10602, #760, #6434, .T. ) ;
#4224 = ADVANCED_FACE ( 'NONE', ( #6372 ), #3158, .F. ) ;
#4225 = CARTESIAN_POINT ( 'NONE',  ( 2.500000000000002220, 0.6614108798023753399, -0.8650000000000001021 ) ) ;
#4226 = CARTESIAN_POINT ( 'NONE',  ( -0.8649999999999992140, 0.6614108798023734526, 2.500000000000001332 ) ) ;
#4227 = DIRECTION ( 'NONE',  ( 3.771137991253918417E-15, 0.000000000000000000, -1.000000000000000000 ) ) ;
#4228 =( GEOMETRIC_REPRESENTATION_CONTEXT ( 3 ) GLOBAL_UNCERTAINTY_ASSIGNED_CONTEXT ( ( #5219 ) ) GLOBAL_UNIT_ASSIGNED_CONTEXT ( ( #8336, #5120, #4305 ) ) REPRESENTATION_CONTEXT ( 'NONE', 'WORKASPACE' ) );
#4229 = DIRECTION ( 'NONE',  ( 0.000000000000000000, 1.000000000000000000, 0.000000000000000000 ) ) ;
#4230 = DIRECTION ( 'NONE',  ( 0.000000000000000000, -1.000000000000000000, 0.000000000000000000 ) ) ;
#4231 = CARTESIAN_POINT ( 'NONE',  ( 1.865000000000000879, 0.6614108798023734526, -2.500000000000001332 ) ) ;
#4232 = PLANE ( 'NONE',  #1082 ) ;
#4233 = EDGE_CURVE ( 'NONE', #5604, #868, #9848, .T. ) ;
#4234 = ORIENTED_EDGE ( 'NONE', *, *, #7012, .F. ) ;
#4235 = MECHANICAL_DESIGN_GEOMETRIC_PRESENTATION_REPRESENTATION (  '', ( #3538 ), #1598 ) ;
#4236 = ORIENTED_EDGE ( 'NONE', *, *, #3591, .T. ) ;
#4237 = ADVANCED_FACE ( 'NONE', ( #1340 ), #9008, .T. ) ;
#4238 = CARTESIAN_POINT ( 'NONE',  ( 0.7500000000000006661, 0.6614108798023734526, -2.215000000000001190 ) ) ;
#4239 = VERTEX_POINT ( 'NONE', #8087 ) ;
#4240 = ORIENTED_EDGE ( 'NONE', *, *, #10480, .T. ) ;
#4241 = FACE_OUTER_BOUND ( 'NONE', #9880, .T. ) ;
#4242 = ORIENTED_EDGE ( 'NONE', *, *, #439, .F. ) ;
#4243 = CARTESIAN_POINT ( 'NONE',  ( -0.3649999999999992140, 0.04999999999999969746, -2.500000000000001332 ) ) ;
#4244 = CARTESIAN_POINT ( 'NONE',  ( -0.2499999999999991396, 0.000000000000000000, 2.215000000000001190 ) ) ;
#4245 = PLANE ( 'NONE',  #9581 ) ;
#4246 = DIRECTION ( 'NONE',  ( -1.000000000000000000, 0.000000000000000000, 0.000000000000000000 ) ) ;
#4247 = AXIS2_PLACEMENT_3D ( 'NONE', #1516, #4062, #4010 ) ;
#4248 = DIRECTION ( 'NONE',  ( -7.608436298143888101E-16, 0.000000000000000000, -1.000000000000000000 ) ) ;
#4249 = AXIS2_PLACEMENT_3D ( 'NONE', #5109, #6671, #10888 ) ;
#4250 = ADVANCED_FACE ( 'NONE', ( #465 ), #8789, .T. ) ;
#4251 = ORIENTED_EDGE ( 'NONE', *, *, #6474, .T. ) ;
#4252 = FACE_OUTER_BOUND ( 'NONE', #2582, .T. ) ;
#4253 = VECTOR ( 'NONE', #1289, 1000.000000000000000 ) ;
#4254 = EDGE_LOOP ( 'NONE', ( #2996, #9521, #6462, #7509 ) ) ;
#4255 = AXIS2_PLACEMENT_3D ( 'NONE', #2917, #1081, #10488 ) ;
#4256 = VERTEX_POINT ( 'NONE', #8130 ) ;
#4257 = DIRECTION ( 'NONE',  ( 1.000000000000000000, -0.000000000000000000, 7.608436298143875282E-16 ) ) ;
#4258 = DIRECTION ( 'NONE',  ( -0.000000000000000000, -0.000000000000000000, 1.000000000000000000 ) ) ;
#4259 = CARTESIAN_POINT ( 'NONE',  ( 0.7500000000000006661, 0.2000000000000000111, -2.215000000000001190 ) ) ;
#4260 = DIRECTION ( 'NONE',  ( -0.000000000000000000, -1.000000000000000000, -0.000000000000000000 ) ) ;
#4261 = CARTESIAN_POINT ( 'NONE',  ( -2.215000000000000746, 0.1999999999999999833, 0.2500000000000002220 ) ) ;
#4262 = LINE ( 'NONE', #4417, #4436 ) ;
#4263 = VERTEX_POINT ( 'NONE', #513 ) ;
#4264 = VECTOR ( 'NONE', #4179, 1000.000000000000000 ) ;
#4265 = VECTOR ( 'NONE', #7203, 1000.000000000000000 ) ;
#4266 = AXIS2_PLACEMENT_3D ( 'NONE', #9276, #7565, #10950 ) ;
#4267 = AXIS2_PLACEMENT_3D ( 'NONE', #7260, #10265, #420 ) ;
#4268 = ADVANCED_FACE ( 'NONE', ( #567 ), #2078, .F. ) ;
#4269 = ORIENTED_EDGE ( 'NONE', *, *, #4471, .F. ) ;
#4270 = LINE ( 'NONE', #6827, #5708 ) ;
#4271 = ORIENTED_EDGE ( 'NONE', *, *, #7595, .T. ) ;
#4272 = CARTESIAN_POINT ( 'NONE',  ( -2.215000000000000746, 0.05000000000000002359, -1.364999999999999991 ) ) ;
#4273 = DIRECTION ( 'NONE',  ( 0.000000000000000000, -1.000000000000000000, 0.000000000000000000 ) ) ;
#4274 = CIRCLE ( 'NONE', #7630, 0.1150000000000000883 ) ;
#4275 = LINE ( 'NONE', #1683, #3792 ) ;
#4276 = CIRCLE ( 'NONE', #10463, 0.1150000000000000883 ) ;
#4277 = LINE ( 'NONE', #6706, #8645 ) ;
#4278 = CIRCLE ( 'NONE', #3746, 0.1150000000000000883 ) ;
#4279 = CIRCLE ( 'NONE', #5687, 0.1150000000000000883 ) ;
#4280 = CARTESIAN_POINT ( 'NONE',  ( 1.635000000000000897, 0.1999999999999999833, 2.500000000000001332 ) ) ;
#4281 = VERTEX_POINT ( 'NONE', #10576 ) ;
#4282 = CIRCLE ( 'NONE', #10472, 0.1150000000000001993 ) ;
#4283 = ORIENTED_EDGE ( 'NONE', *, *, #7490, .T. ) ;
#4284 =( GEOMETRIC_REPRESENTATION_CONTEXT ( 3 ) GLOBAL_UNCERTAINTY_ASSIGNED_CONTEXT ( ( #10086 ) ) GLOBAL_UNIT_ASSIGNED_CONTEXT ( ( #280, #8886, #3600 ) ) REPRESENTATION_CONTEXT ( 'NONE', 'WORKASPACE' ) );
#4285 = AXIS2_PLACEMENT_3D ( 'NONE', #163, #1828, #5188 ) ;
#4286 = LINE ( 'NONE', #5890, #1977 ) ;
#4287 = DIRECTION ( 'NONE',  ( -0.000000000000000000, -1.000000000000000000, -0.000000000000000000 ) ) ;
#4288 = ADVANCED_FACE ( 'NONE', ( #1449 ), #3845, .F. ) ;
#4289 = CARTESIAN_POINT ( 'NONE',  ( 2.215000000000000746, 0.1999999999999999833, 0.8650000000000007683 ) ) ;
#4290 = CYLINDRICAL_SURFACE ( 'NONE', #2732, 0.1150000000000001993 ) ;
#4291 = DIRECTION ( 'NONE',  ( 0.000000000000000000, -0.000000000000000000, 1.000000000000000000 ) ) ;
#4292 = SURFACE_STYLE_FILL_AREA ( #101 ) ;
#4293 = MECHANICAL_DESIGN_GEOMETRIC_PRESENTATION_REPRESENTATION (  '', ( #1468 ), #5363 ) ;
#4294 = CARTESIAN_POINT ( 'NONE',  ( -2.215000000000000746, 0.1999999999999999833, 1.250000000000000222 ) ) ;
#4295 = ADVANCED_FACE ( 'NONE', ( #4824 ), #627, .F. ) ;
#4296 =( GEOMETRIC_REPRESENTATION_CONTEXT ( 3 ) GLOBAL_UNCERTAINTY_ASSIGNED_CONTEXT ( ( #9096 ) ) GLOBAL_UNIT_ASSIGNED_CONTEXT ( ( #4036, #3192, #7454 ) ) REPRESENTATION_CONTEXT ( 'NONE', 'WORKASPACE' ) );
#4297 = AXIS2_PLACEMENT_3D ( 'NONE', #5738, #914, #9363 ) ;
#4298 = LINE ( 'NONE', #50, #3029 ) ;
#4299 = VECTOR ( 'NONE', #3784, 1000.000000000000000 ) ;
#4300 = VERTEX_POINT ( 'NONE', #9747 ) ;
#4301 = EDGE_CURVE ( 'NONE', #9740, #5326, #3791, .T. ) ;
#4302 = CARTESIAN_POINT ( 'NONE',  ( 1.865000000000000879, 0.000000000000000000, 2.215000000000001190 ) ) ;
#4303 = DIRECTION ( 'NONE',  ( 0.000000000000000000, 1.000000000000000000, 0.000000000000000000 ) ) ;
#4304 = CARTESIAN_POINT ( 'NONE',  ( -2.500000000000000444, 0.05000000000000000278, 2.499999999999999556 ) ) ;
#4305 =( NAMED_UNIT ( * ) SI_UNIT ( $, .STERADIAN. ) SOLID_ANGLE_UNIT ( ) );
#4306 = LINE ( 'NONE', #2560, #2693 ) ;
#4307 = CARTESIAN_POINT ( 'NONE',  ( 1.250000000000000888, 0.6614108798023734526, 2.100000000000000977 ) ) ;
#4308 = VECTOR ( 'NONE', #8463, 1000.000000000000000 ) ;
#4309 = DIRECTION ( 'NONE',  ( 0.000000000000000000, -1.000000000000000000, 0.000000000000000000 ) ) ;
#4310 = ORIENTED_EDGE ( 'NONE', *, *, #4618, .F. ) ;
#4311 = DIRECTION ( 'NONE',  ( 0.000000000000000000, 0.000000000000000000, -1.000000000000000000 ) ) ;
#4312 = ORIENTED_EDGE ( 'NONE', *, *, #3483, .F. ) ;
#4313 = DIRECTION ( 'NONE',  ( 0.000000000000000000, -1.000000000000000000, 0.000000000000000000 ) ) ;
#4314 = EDGE_CURVE ( 'NONE', #8624, #3539, #5480, .T. ) ;
#4315 = ORIENTED_EDGE ( 'NONE', *, *, #3647, .F. ) ;
#4316 = LINE ( 'NONE', #7905, #9412 ) ;
#4317 = PLANE ( 'NONE',  #7194 ) ;
#4318 = CARTESIAN_POINT ( 'NONE',  ( -2.215000000000000746, 0.000000000000000000, 0.6350000000000001199 ) ) ;
#4319 = LINE ( 'NONE', #10233, #542 ) ;
#4320 = CARTESIAN_POINT ( 'NONE',  ( -0.2499999999999993616, 0.2000000000000000111, -2.215000000000001190 ) ) ;
#4321 = EDGE_CURVE ( 'NONE', #7611, #9971, #10169, .T. ) ;
#4322 = LINE ( 'NONE', #4372, #1089 ) ;
#4323 = VERTEX_POINT ( 'NONE', #1716 ) ;
#4324 = VECTOR ( 'NONE', #1126, 1000.000000000000000 ) ;
#4325 = VERTEX_POINT ( 'NONE', #6742 ) ;
#4326 = DIRECTION ( 'NONE',  ( -3.771137991253918417E-15, 0.000000000000000000, 1.000000000000000000 ) ) ;
#4327 = ORIENTED_EDGE ( 'NONE', *, *, #4805, .F. ) ;
#4328 = CARTESIAN_POINT ( 'NONE',  ( -0.6349999999999992317, 0.6614108798023734526, 2.500000000000001332 ) ) ;
#4329 = EDGE_CURVE ( 'NONE', #3101, #8260, #9750, .T. ) ;
#4330 = FACE_OUTER_BOUND ( 'NONE', #8120, .T. ) ;
#4331 = DIRECTION ( 'NONE',  ( 0.000000000000000000, -1.000000000000000000, 0.000000000000000000 ) ) ;
#4332 = LINE ( 'NONE', #9190, #3907 ) ;
#4333 = CARTESIAN_POINT ( 'NONE',  ( -2.215000000000000746, 0.05000000000000002359, 1.135000000000000231 ) ) ;
#4334 = ORIENTED_EDGE ( 'NONE', *, *, #882, .T. ) ;
#4335 = EDGE_CURVE ( 'NONE', #10237, #1941, #4279, .T. ) ;
#4336 = ORIENTED_EDGE ( 'NONE', *, *, #7084, .T. ) ;
#4337 = EDGE_CURVE ( 'NONE', #6727, #7368, #9330, .T. ) ;
#4338 = CARTESIAN_POINT ( 'NONE',  ( -1.864999999999999547, 0.1999999999999999833, 2.215000000000001190 ) ) ;
#4339 = CARTESIAN_POINT ( 'NONE',  ( 2.215000000000000746, 0.1999999999999999833, -0.8650000000000012124 ) ) ;
#4340 = UNCERTAINTY_MEASURE_WITH_UNIT (LENGTH_MEASURE( 1.000000000000000082E-05 ), #8658, 'distance_accuracy_value', 'NONE');
#4341 = CARTESIAN_POINT ( 'NONE',  ( -1.634999999999999121, 0.6614108798023734526, 2.215000000000001190 ) ) ;
#4342 = DIRECTION ( 'NONE',  ( -0.000000000000000000, -1.000000000000000000, -0.000000000000000000 ) ) ;
#4343 = DIRECTION ( 'NONE',  ( 0.000000000000000000, -1.000000000000000000, 0.000000000000000000 ) ) ;
#4344 = CARTESIAN_POINT ( 'NONE',  ( 2.215000000000000746, 0.000000000000000000, 1.749999999999999112 ) ) ;
#4345 = LINE ( 'NONE', #9318, #6213 ) ;
#4346 = ORIENTED_EDGE ( 'NONE', *, *, #1570, .F. ) ;
#4347 = VECTOR ( 'NONE', #8549, 1000.000000000000000 ) ;
#4348 = DIRECTION ( 'NONE',  ( 0.000000000000000000, -1.000000000000000000, 0.000000000000000000 ) ) ;
#4349 = ORIENTED_EDGE ( 'NONE', *, *, #527, .T. ) ;
#4350 = CARTESIAN_POINT ( 'NONE',  ( -2.215000000000000746, 0.1999999999999999833, 1.635000000000000231 ) ) ;
#4351 = CARTESIAN_POINT ( 'NONE',  ( 2.499999999999999556, 0.9999999999999991118, -2.500000000000001332 ) ) ;
#4352 = CARTESIAN_POINT ( 'NONE',  ( -2.500000000000000444, 0.2000000000000005107, -1.134999999999999787 ) ) ;
#4353 = FACE_OUTER_BOUND ( 'NONE', #8347, .T. ) ;
#4354 = LINE ( 'NONE', #10331, #5692 ) ;
#4355 = VECTOR ( 'NONE', #2479, 1000.000000000000000 ) ;
#4356 = DIRECTION ( 'NONE',  ( -1.000000000000000000, 0.000000000000000000, -7.608436298143875282E-16 ) ) ;
#4357 = CARTESIAN_POINT ( 'NONE',  ( -2.215000000000000746, 0.05000000000000002359, 0.1350000000000001477 ) ) ;
#4358 = EDGE_CURVE ( 'NONE', #6638, #5835, #221, .T. ) ;
#4359 = EDGE_CURVE ( 'NONE', #2618, #9117, #4403, .T. ) ;
#4360 = EDGE_LOOP ( 'NONE', ( #1024, #4050, #5973, #4409 ) ) ;
#4361 = AXIS2_PLACEMENT_3D ( 'NONE', #3492, #4412, #7796 ) ;
#4362 = CARTESIAN_POINT ( 'NONE',  ( 0.6350000000000005640, 0.2000000000000000111, -2.215000000000001190 ) ) ;
#4363 = EDGE_CURVE ( 'NONE', #683, #8181, #3482, .T. ) ;
#4364 = ORIENTED_EDGE ( 'NONE', *, *, #4969, .F. ) ;
#4365 = CARTESIAN_POINT ( 'NONE',  ( 2.215000000000000746, 0.05000000000000002359, -1.634999999999999343 ) ) ;
#4366 = VERTEX_POINT ( 'NONE', #2658 ) ;
#4367 = VERTEX_POINT ( 'NONE', #2719 ) ;
#4368 = LINE ( 'NONE', #6868, #6485 ) ;
#4369 = DIRECTION ( 'NONE',  ( 7.608436298143888101E-16, -0.000000000000000000, 1.000000000000000000 ) ) ;
#4370 = LINE ( 'NONE', #8564, #1606 ) ;
#4371 = DIRECTION ( 'NONE',  ( -0.000000000000000000, -1.000000000000000000, -0.000000000000000000 ) ) ;
#4372 = CARTESIAN_POINT ( 'NONE',  ( -2.500000000000001332, 0.1999999999999999833, 1.865000000000000657 ) ) ;
#4373 = EDGE_LOOP ( 'NONE', ( #5369, #3643, #6712, #8556 ) ) ;
#4374 = VECTOR ( 'NONE', #8956, 1000.000000000000000 ) ;
#4375 = EDGE_CURVE ( 'NONE', #8271, #667, #4197, .T. ) ;
#4376 = ORIENTED_EDGE ( 'NONE', *, *, #3713, .T. ) ;
#4377 = DIRECTION ( 'NONE',  ( 0.000000000000000000, 1.000000000000000000, -0.000000000000000000 ) ) ;
#4378 = ORIENTED_EDGE ( 'NONE', *, *, #828, .F. ) ;
#4379 = LINE ( 'NONE', #185, #574 ) ;
#4380 = CARTESIAN_POINT ( 'NONE',  ( -1.134999999999999343, 0.6614108798023734526, -2.500000000000001332 ) ) ;
#4381 = CARTESIAN_POINT ( 'NONE',  ( -1.634999999999999343, 0.6614108798023734526, -2.215000000000001190 ) ) ;
#4382 = DIRECTION ( 'NONE',  ( 0.000000000000000000, 0.000000000000000000, -1.000000000000000000 ) ) ;
#4383 = CARTESIAN_POINT ( 'NONE',  ( 1.250000000000000888, 0.2000000000000000111, 2.215000000000001190 ) ) ;
#4384 = AXIS2_PLACEMENT_3D ( 'NONE', #7346, #3089, #4908 ) ;
#4385 = ORIENTED_EDGE ( 'NONE', *, *, #2535, .T. ) ;
#4386 = ADVANCED_FACE ( 'NONE', ( #8444 ), #8495, .T. ) ;
#4387 = DIRECTION ( 'NONE',  ( 0.000000000000000000, 0.000000000000000000, 1.000000000000000000 ) ) ;
#4388 = LINE ( 'NONE', #5891, #229 ) ;
#4389 = PLANE ( 'NONE',  #10906 ) ;
#4390 = SURFACE_STYLE_USAGE ( .BOTH. , #6787 ) ;
#4391 = CARTESIAN_POINT ( 'NONE',  ( -2.500000000000002220, 0.04999999999999969746, -0.3650000000000001021 ) ) ;
#4392 = DIRECTION ( 'NONE',  ( 0.000000000000000000, 0.000000000000000000, -1.000000000000000000 ) ) ;
#4393 = ADVANCED_FACE ( 'NONE', ( #6529 ), #873, .T. ) ;
#4394 = ORIENTED_EDGE ( 'NONE', *, *, #7898, .F. ) ;
#4395 = FACE_OUTER_BOUND ( 'NONE', #4695, .T. ) ;
#4396 = VERTEX_POINT ( 'NONE', #65 ) ;
#4397 = DIRECTION ( 'NONE',  ( 0.000000000000000000, 1.000000000000000000, -0.000000000000000000 ) ) ;
#4398 = CARTESIAN_POINT ( 'NONE',  ( 0.7500000000000008882, 0.2000000000000000111, 2.215000000000001190 ) ) ;
#4399 = DIRECTION ( 'NONE',  ( 1.000000000000000000, 0.000000000000000000, -7.608436298143888101E-16 ) ) ;
#4400 = FILL_AREA_STYLE ('',( #2045 ) ) ;
#4401 = CARTESIAN_POINT ( 'NONE',  ( -2.215000000000000746, 0.6614108798023753399, -1.364999999999999991 ) ) ;
#4402 = CARTESIAN_POINT ( 'NONE',  ( -1.364999999999999325, 0.2000000000000000111, -2.500000000000001332 ) ) ;
#4403 = LINE ( 'NONE', #1765, #2352 ) ;
#4404 = VECTOR ( 'NONE', #212, 1000.000000000000000 ) ;
#4405 = EDGE_CURVE ( 'NONE', #1535, #3431, #2540, .T. ) ;
#4406 = ORIENTED_EDGE ( 'NONE', *, *, #5952, .F. ) ;
#4407 = CARTESIAN_POINT ( 'NONE',  ( -2.500000000000001332, 0.000000000000000000, -1.134999999999999565 ) ) ;
#4408 = VERTEX_POINT ( 'NONE', #4357 ) ;
#4409 = ORIENTED_EDGE ( 'NONE', *, *, #10902, .T. ) ;
#4410 = DIRECTION ( 'NONE',  ( -1.000000000000000000, 0.000000000000000000, 0.000000000000000000 ) ) ;
#4411 = ORIENTED_EDGE ( 'NONE', *, *, #9791, .T. ) ;
#4412 = DIRECTION ( 'NONE',  ( 1.000000000000000000, 0.000000000000000000, -0.000000000000000000 ) ) ;
#4413 = DIRECTION ( 'NONE',  ( 0.000000000000000000, -1.000000000000000000, 0.000000000000000000 ) ) ;
#4414 = EDGE_CURVE ( 'NONE', #8328, #9864, #1507, .T. ) ;
#4415 = LINE ( 'NONE', #3542, #8481 ) ;
#4416 = DIRECTION ( 'NONE',  ( 0.000000000000000000, 1.000000000000000000, 0.000000000000000000 ) ) ;
#4417 = CARTESIAN_POINT ( 'NONE',  ( 1.865000000000000879, 0.2000000000000000111, 2.215000000000001190 ) ) ;
#4418 = EDGE_CURVE ( 'NONE', #5614, #5507, #990, .T. ) ;
#4419 = ORIENTED_EDGE ( 'NONE', *, *, #4928, .T. ) ;
#4420 = EDGE_CURVE ( 'NONE', #5693, #5078, #6082, .T. ) ;
#4421 = ORIENTED_EDGE ( 'NONE', *, *, #4031, .F. ) ;
#4422 = DIRECTION ( 'NONE',  ( -0.000000000000000000, -1.000000000000000000, 0.000000000000000000 ) ) ;
#4423 = CIRCLE ( 'NONE', #7606, 0.1150000000000000883 ) ;
#4424 = ORIENTED_EDGE ( 'NONE', *, *, #5837, .T. ) ;
#4425 = CARTESIAN_POINT ( 'NONE',  ( 0.2500000000000008882, 0.2000000000000000111, 2.215000000000001190 ) ) ;
#4426 = DIRECTION ( 'NONE',  ( -0.000000000000000000, -1.000000000000000000, -0.000000000000000000 ) ) ;
#4427 = EDGE_CURVE ( 'NONE', #7581, #6500, #1887, .T. ) ;
#4428 = LINE ( 'NONE', #10039, #4987 ) ;
#4429 = CARTESIAN_POINT ( 'NONE',  ( -2.500000000000001332, 0.6614108798023753399, -0.6349999999999994538 ) ) ;
#4430 = CARTESIAN_POINT ( 'NONE',  ( 2.499999999999999556, 0.05000000000000000278, -2.500000000000001332 ) ) ;
#4431 = VECTOR ( 'NONE', #10756, 1000.000000000000000 ) ;
#4432 = DIRECTION ( 'NONE',  ( 0.000000000000000000, -1.000000000000000000, 0.000000000000000000 ) ) ;
#4433 = VECTOR ( 'NONE', #6822, 1000.000000000000000 ) ;
#4434 = ORIENTED_EDGE ( 'NONE', *, *, #8038, .T. ) ;
#4435 = EDGE_CURVE ( 'NONE', #10118, #3880, #10111, .T. ) ;
#4436 = VECTOR ( 'NONE', #9344, 1000.000000000000000 ) ;
#4437 = VECTOR ( 'NONE', #929, 1000.000000000000000 ) ;
#4438 = ORIENTED_EDGE ( 'NONE', *, *, #6455, .F. ) ;
#4439 = CIRCLE ( 'NONE', #9745, 0.1150000000000000883 ) ;
#4440 = VECTOR ( 'NONE', #10611, 1000.000000000000000 ) ;
#4441 = CARTESIAN_POINT ( 'NONE',  ( 1.365000000000000657, 0.000000000000000000, -2.500000000000001332 ) ) ;
#4442 = LINE ( 'NONE', #33, #8859 ) ;
#4443 = UNCERTAINTY_MEASURE_WITH_UNIT (LENGTH_MEASURE( 1.000000000000000082E-05 ), #10740, 'distance_accuracy_value', 'NONE');
#4444 = CARTESIAN_POINT ( 'NONE',  ( -0.8649999999999994360, 0.1999999999999999833, -2.215000000000001190 ) ) ;
#4445 = VECTOR ( 'NONE', #9501, 1000.000000000000000 ) ;
#4446 = LINE ( 'NONE', #1972, #1844 ) ;
#4447 = ORIENTED_EDGE ( 'NONE', *, *, #6689, .T. ) ;
#4448 = AXIS2_PLACEMENT_3D ( 'NONE', #7491, #848, #7658 ) ;
#4449 = EDGE_CURVE ( 'NONE', #6249, #6362, #6403, .T. ) ;
#4450 = PLANE ( 'NONE',  #6726 ) ;
#4451 = EDGE_CURVE ( 'NONE', #5899, #4214, #9278, .T. ) ;
#4452 = EDGE_CURVE ( 'NONE', #9931, #10759, #2705, .T. ) ;
#4453 = PLANE ( 'NONE',  #7785 ) ;
#4454 = VECTOR ( 'NONE', #9809, 1000.000000000000000 ) ;
#4455 = PRESENTATION_LAYER_ASSIGNMENT (  '', '', ( #7818 ) ) ;
#4456 =( GEOMETRIC_REPRESENTATION_CONTEXT ( 3 ) GLOBAL_UNCERTAINTY_ASSIGNED_CONTEXT ( ( #5997 ) ) GLOBAL_UNIT_ASSIGNED_CONTEXT ( ( #3863, #2258, #8056 ) ) REPRESENTATION_CONTEXT ( 'NONE', 'WORKASPACE' ) );
#4457 = ORIENTED_EDGE ( 'NONE', *, *, #6292, .F. ) ;
#4458 = VECTOR ( 'NONE', #10172, 1000.000000000000000 ) ;
#4459 = VECTOR ( 'NONE', #8682, 1000.000000000000000 ) ;
#4460 = CARTESIAN_POINT ( 'NONE',  ( 2.215000000000000746, 0.6614108798023753399, 1.865000000000000879 ) ) ;
#4461 = MECHANICAL_DESIGN_GEOMETRIC_PRESENTATION_REPRESENTATION (  '', ( #3583 ), #8521 ) ;
#4462 = CARTESIAN_POINT ( 'NONE',  ( -2.500000000000001332, 0.6614108798023753399, -1.634999999999999565 ) ) ;
#4463 = DIRECTION ( 'NONE',  ( 0.000000000000000000, 0.000000000000000000, 1.000000000000000000 ) ) ;
#4464 = DIRECTION ( 'NONE',  ( 0.000000000000000000, 1.000000000000000000, 0.000000000000000000 ) ) ;
#4465 = DIRECTION ( 'NONE',  ( -1.000000000000000000, 0.000000000000000000, -7.608436298143875282E-16 ) ) ;
#4466 = ADVANCED_FACE ( 'NONE', ( #3697 ), #7063, .T. ) ;
#4467 = CARTESIAN_POINT ( 'NONE',  ( 1.750000000000000222, 0.000000000000000000, 1.635000000000001341 ) ) ;
#4468 = DIRECTION ( 'NONE',  ( 1.000000000000000000, 0.000000000000000000, 1.521687259628770718E-15 ) ) ;
#4469 = ORIENTED_EDGE ( 'NONE', *, *, #3992, .T. ) ;
#4470 = DIRECTION ( 'NONE',  ( -0.000000000000000000, -1.000000000000000000, 0.000000000000000000 ) ) ;
#4471 = EDGE_CURVE ( 'NONE', #4219, #9182, #325, .T. ) ;
#4472 = PRESENTATION_LAYER_ASSIGNMENT (  '', '', ( #6593 ) ) ;
#4473 = VECTOR ( 'NONE', #10355, 1000.000000000000000 ) ;
#4474 = ORIENTED_EDGE ( 'NONE', *, *, #1523, .F. ) ;
#4475 = CARTESIAN_POINT ( 'NONE',  ( 2.215000000000000746, 0.000000000000000000, -0.2500000000000008882 ) ) ;
#4476 = VERTEX_POINT ( 'NONE', #10440 ) ;
#4477 = EDGE_LOOP ( 'NONE', ( #10326, #2667, #5676, #109 ) ) ;
#4478 = ORIENTED_EDGE ( 'NONE', *, *, #6083, .F. ) ;
#4479 = DIRECTION ( 'NONE',  ( 0.000000000000000000, 0.000000000000000000, 1.000000000000000000 ) ) ;
#4480 = LINE ( 'NONE', #5362, #2223 ) ;
#4481 = DIRECTION ( 'NONE',  ( 3.771137991253918417E-15, -0.000000000000000000, 1.000000000000000000 ) ) ;
#4482 = CARTESIAN_POINT ( 'NONE',  ( 2.215000000000000746, 0.000000000000000000, -1.750000000000000888 ) ) ;
#4483 = FACE_OUTER_BOUND ( 'NONE', #9296, .T. ) ;
#4484 =( GEOMETRIC_REPRESENTATION_CONTEXT ( 3 ) GLOBAL_UNCERTAINTY_ASSIGNED_CONTEXT ( ( #5103 ) ) GLOBAL_UNIT_ASSIGNED_CONTEXT ( ( #1321, #10450, #3651 ) ) REPRESENTATION_CONTEXT ( 'NONE', 'WORKASPACE' ) );
#4485 = VERTEX_POINT ( 'NONE', #5351 ) ;
#4486 = VERTEX_POINT ( 'NONE', #2769 ) ;
#4487 = EDGE_LOOP ( 'NONE', ( #2141, #10240, #800, #10748 ) ) ;
#4488 = EDGE_CURVE ( 'NONE', #10759, #3744, #9397, .T. ) ;
#4489 = VERTEX_POINT ( 'NONE', #6139 ) ;
#4490 = DIRECTION ( 'NONE',  ( 0.000000000000000000, 0.000000000000000000, -1.000000000000000000 ) ) ;
#4491 = ORIENTED_EDGE ( 'NONE', *, *, #7371, .F. ) ;
#4492 = EDGE_CURVE ( 'NONE', #8249, #1285, #6942, .T. ) ;
#4493 = PLANE ( 'NONE',  #1456 ) ;
#4494 = CARTESIAN_POINT ( 'NONE',  ( 2.499999999999999556, 0.05000000000000000278, 2.499999999999998668 ) ) ;
#4495 = DIRECTION ( 'NONE',  ( -0.000000000000000000, -1.000000000000000000, -0.000000000000000000 ) ) ;
#4496 = DIRECTION ( 'NONE',  ( 0.000000000000000000, 0.000000000000000000, -1.000000000000000000 ) ) ;
#4497 = DIRECTION ( 'NONE',  ( 0.000000000000000000, -0.000000000000000000, 1.000000000000000000 ) ) ;
#4498 = ORIENTED_EDGE ( 'NONE', *, *, #8557, .F. ) ;
#4499 = DIRECTION ( 'NONE',  ( 0.000000000000000000, -1.000000000000000000, 0.000000000000000000 ) ) ;
#4500 = VERTEX_POINT ( 'NONE', #3644 ) ;
#4501 = AXIS2_PLACEMENT_3D ( 'NONE', #5082, #9403, #8563 ) ;
#4502 = EDGE_CURVE ( 'NONE', #5354, #3421, #1817, .T. ) ;
#4503 = EDGE_CURVE ( 'NONE', #3421, #7618, #1934, .T. ) ;
#4504 = VERTEX_POINT ( 'NONE', #9559 ) ;
#4505 = CARTESIAN_POINT ( 'NONE',  ( -2.215000000000000746, 0.1999999999999999833, -0.8649999999999999911 ) ) ;
#4506 = CARTESIAN_POINT ( 'NONE',  ( -1.634999999999999121, 0.2000000000000000111, 2.215000000000001190 ) ) ;
#4507 = DIRECTION ( 'NONE',  ( -0.000000000000000000, -1.000000000000000000, -0.000000000000000000 ) ) ;
#4508 = LINE ( 'NONE', #308, #3070 ) ;
#4509 = ORIENTED_EDGE ( 'NONE', *, *, #2810, .T. ) ;
#4510 = DIRECTION ( 'NONE',  ( 0.000000000000000000, 0.000000000000000000, -1.000000000000000000 ) ) ;
#4511 = VECTOR ( 'NONE', #6324, 1000.000000000000000 ) ;
#4512 = DIRECTION ( 'NONE',  ( 0.000000000000000000, -0.000000000000000000, -1.000000000000000000 ) ) ;
#4513 = ORIENTED_EDGE ( 'NONE', *, *, #4828, .T. ) ;
#4514 = EDGE_CURVE ( 'NONE', #1891, #8882, #7664, .T. ) ;
#4515 = VECTOR ( 'NONE', #7496, 1000.000000000000000 ) ;
#4516 = EDGE_CURVE ( 'NONE', #8669, #8624, #4442, .T. ) ;
#4517 = FACE_OUTER_BOUND ( 'NONE', #10681, .T. ) ;
#4518 = DIRECTION ( 'NONE',  ( 3.771137991253918417E-15, 0.000000000000000000, -1.000000000000000000 ) ) ;
#4519 = CARTESIAN_POINT ( 'NONE',  ( 1.750000000000000888, 0.2000000000000000111, 2.100000000000000977 ) ) ;
#4520 = CARTESIAN_POINT ( 'NONE',  ( -1.364999999999999325, 0.2000000000000000111, 2.500000000000001332 ) ) ;
#4521 = LINE ( 'NONE', #7891, #8332 ) ;
#4522 = LINE ( 'NONE', #9667, #6233 ) ;
#4523 = VERTEX_POINT ( 'NONE', #5167 ) ;
#4524 = CARTESIAN_POINT ( 'NONE',  ( -2.215000000000000746, 0.000000000000000000, 1.750000000000000222 ) ) ;
#4525 = VECTOR ( 'NONE', #6245, 1000.000000000000000 ) ;
#4526 = VERTEX_POINT ( 'NONE', #1919 ) ;
#4527 = VERTEX_POINT ( 'NONE', #5996 ) ;
#4528 = ORIENTED_EDGE ( 'NONE', *, *, #10042, .T. ) ;
#4529 = CARTESIAN_POINT ( 'NONE',  ( 2.215000000000000746, 0.6614108798023753399, -0.1349999999999992595 ) ) ;
#4530 = EDGE_LOOP ( 'NONE', ( #8613, #1917, #8469, #5015, #8064 ) ) ;
#4531 = ORIENTED_EDGE ( 'NONE', *, *, #7846, .T. ) ;
#4532 = CARTESIAN_POINT ( 'NONE',  ( 0.3650000000000007683, 0.1999999999999999833, 2.500000000000001332 ) ) ;
#4533 = AXIS2_PLACEMENT_3D ( 'NONE', #2206, #8213, #3246 ) ;
#4534 = VERTEX_POINT ( 'NONE', #6890 ) ;
#4535 = FILL_AREA_STYLE_COLOUR ( '', #9945 ) ;
#4536 = EDGE_CURVE ( 'NONE', #8571, #9983, #2542, .T. ) ;
#4537 = VERTEX_POINT ( 'NONE', #7764 ) ;
#4538 = FACE_OUTER_BOUND ( 'NONE', #5789, .T. ) ;
#4539 = PLANE ( 'NONE',  #5914 ) ;
#4540 = LINE ( 'NONE', #2064, #890 ) ;
#4541 = DIRECTION ( 'NONE',  ( 0.000000000000000000, 0.000000000000000000, 1.000000000000000000 ) ) ;
#4542 = DIRECTION ( 'NONE',  ( 0.000000000000000000, -1.000000000000000000, 0.000000000000000000 ) ) ;
#4543 = ORIENTED_EDGE ( 'NONE', *, *, #4588, .F. ) ;
#4544 = VECTOR ( 'NONE', #9869, 1000.000000000000000 ) ;
#4545 = VERTEX_POINT ( 'NONE', #4339 ) ;
#4546 = CYLINDRICAL_SURFACE ( 'NONE', #3420, 0.1150000000000000883 ) ;
#4547 = ORIENTED_EDGE ( 'NONE', *, *, #10931, .T. ) ;
#4548 = DIRECTION ( 'NONE',  ( 0.000000000000000000, 0.000000000000000000, -1.000000000000000000 ) ) ;
#4549 = DIRECTION ( 'NONE',  ( 0.000000000000000000, -1.000000000000000000, 0.000000000000000000 ) ) ;
#4550 = PLANE ( 'NONE',  #2006 ) ;
#4551 = CARTESIAN_POINT ( 'NONE',  ( 1.634999999999999787, 5.149747468305832854, 1.750000000000001554 ) ) ;
#4552 = AXIS2_PLACEMENT_3D ( 'NONE', #6977, #6029, #10180 ) ;
#4553 = LINE ( 'NONE', #352, #5853 ) ;
#4554 = DIRECTION ( 'NONE',  ( -1.000000000000000000, 0.000000000000000000, 1.521687259628770718E-15 ) ) ;
#4555 = EDGE_CURVE ( 'NONE', #690, #10602, #1803, .T. ) ;
#4556 = ORIENTED_EDGE ( 'NONE', *, *, #6618, .F. ) ;
#4557 = DIRECTION ( 'NONE',  ( -0.000000000000000000, -1.000000000000000000, -0.000000000000000000 ) ) ;
#4558 = DIRECTION ( 'NONE',  ( 0.000000000000000000, -1.000000000000000000, 0.000000000000000000 ) ) ;
#4559 = CARTESIAN_POINT ( 'NONE',  ( 1.865000000000000879, 0.1999999999999999833, -2.500000000000001332 ) ) ;
#4560 = LINE ( 'NONE', #7930, #4652 ) ;
#4561 = CARTESIAN_POINT ( 'NONE',  ( 1.135000000000000675, 0.2000000000000000111, 2.215000000000001190 ) ) ;
#4562 = ADVANCED_FACE ( 'NONE', ( #10254 ), #3408, .T. ) ;
#4563 = DIRECTION ( 'NONE',  ( 7.608436298143888101E-16, -0.000000000000000000, 1.000000000000000000 ) ) ;
#4564 = EDGE_CURVE ( 'NONE', #2537, #8328, #6783, .T. ) ;
#4565 = VERTEX_POINT ( 'NONE', #9311 ) ;
#4566 = DIRECTION ( 'NONE',  ( 0.000000000000000000, 0.000000000000000000, -1.000000000000000000 ) ) ;
#4567 = LINE ( 'NONE', #7940, #4823 ) ;
#4568 = DIRECTION ( 'NONE',  ( 0.000000000000000000, 0.000000000000000000, 1.000000000000000000 ) ) ;
#4569 = CARTESIAN_POINT ( 'NONE',  ( -0.6349999999999992317, 0.04999999999999999584, -2.215000000000001190 ) ) ;
#4570 = EDGE_CURVE ( 'NONE', #769, #7031, #97, .T. ) ;
#4571 = CARTESIAN_POINT ( 'NONE',  ( 2.215000000000000746, 0.6614108798023753399, 0.8650000000000007683 ) ) ;
#4572 = LINE ( 'NONE', #216, #47 ) ;
#4573 = ORIENTED_EDGE ( 'NONE', *, *, #2151, .F. ) ;
#4574 = EDGE_CURVE ( 'NONE', #5863, #10173, #7716, .T. ) ;
#4575 = PRODUCT_DEFINITION_SHAPE ( 'NONE', 'NONE',  #4023 ) ;
#4576 = ORIENTED_EDGE ( 'NONE', *, *, #10446, .F. ) ;
#4577 = PLANE ( 'NONE',  #7466 ) ;
#4578 = ORIENTED_EDGE ( 'NONE', *, *, #1850, .T. ) ;
#4579 = VERTEX_POINT ( 'NONE', #6997 ) ;
#4580 = LINE ( 'NONE', #8655, #6428 ) ;
#4581 = CARTESIAN_POINT ( 'NONE',  ( -1.749999999999999334, 0.2000000000000000111, -2.215000000000001190 ) ) ;
#4582 = EDGE_LOOP ( 'NONE', ( #70, #6444, #3501, #4058 ) ) ;
#4583 = LINE ( 'NONE', #5465, #3130 ) ;
#4584 = DIRECTION ( 'NONE',  ( 0.000000000000000000, -1.000000000000000000, 0.000000000000000000 ) ) ;
#4585 = MECHANICAL_DESIGN_GEOMETRIC_PRESENTATION_REPRESENTATION (  '', ( #3533 ), #4760 ) ;
#4586 = DIRECTION ( 'NONE',  ( 0.000000000000000000, 0.000000000000000000, -1.000000000000000000 ) ) ;
#4587 = LINE ( 'NONE', #9576, #10088 ) ;
#4588 = EDGE_CURVE ( 'NONE', #1603, #790, #5102, .T. ) ;
#4589 = VERTEX_POINT ( 'NONE', #5218 ) ;
#4590 = EDGE_CURVE ( 'NONE', #6420, #6583, #8582, .T. ) ;
#4591 = CIRCLE ( 'NONE', #8465, 0.1149999999999998662 ) ;
#4592 = ORIENTED_EDGE ( 'NONE', *, *, #2046, .T. ) ;
#4593 = DIRECTION ( 'NONE',  ( -0.000000000000000000, -1.000000000000000000, -0.000000000000000000 ) ) ;
#4594 = EDGE_LOOP ( 'NONE', ( #3357, #4310, #9907, #3761 ) ) ;
#4595 = DIRECTION ( 'NONE',  ( 0.000000000000000000, -1.000000000000000000, 0.000000000000000000 ) ) ;
#4596 = DIRECTION ( 'NONE',  ( 1.000000000000000000, 0.000000000000000000, -1.521687259628770718E-15 ) ) ;
#4597 = DIRECTION ( 'NONE',  ( 0.000000000000000000, 1.000000000000000000, 0.000000000000000000 ) ) ;
#4598 = CARTESIAN_POINT ( 'NONE',  ( 0.1350000000000005640, 0.2000000000000000111, 2.215000000000001190 ) ) ;
#4599 = EDGE_CURVE ( 'NONE', #3785, #6744, #1026, .T. ) ;
#4600 = CARTESIAN_POINT ( 'NONE',  ( 2.215000000000000746, 0.6614108798023753399, 1.634999999999998899 ) ) ;
#4601 = CIRCLE ( 'NONE', #6373, 0.1150000000000001993 ) ;
#4602 = EDGE_CURVE ( 'NONE', #1907, #7452, #4388, .T. ) ;
#4603 = ORIENTED_EDGE ( 'NONE', *, *, #8625, .F. ) ;
#4604 = CARTESIAN_POINT ( 'NONE',  ( 0.6350000000000007860, 0.6614108798023734526, -2.500000000000001332 ) ) ;
#4605 = DIRECTION ( 'NONE',  ( -0.000000000000000000, -0.000000000000000000, -1.000000000000000000 ) ) ;
#4606 = CARTESIAN_POINT ( 'NONE',  ( -2.500000000000001332, 0.6614108798023753399, -0.1349999999999994815 ) ) ;
#4608 = CARTESIAN_POINT ( 'NONE',  ( 2.500000000000001332, 0.000000000000000000, -0.6349999999999994538 ) ) ;
#4607 = VECTOR ( 'NONE', #4065, 1000.000000000000000 ) ;
#4609 = SURFACE_STYLE_USAGE ( .BOTH. , #3682 ) ;
#4610 = AXIS2_PLACEMENT_3D ( 'NONE', #3495, #5978, #4927 ) ;
#4611 = DIRECTION ( 'NONE',  ( 1.000000000000000000, -0.000000000000000000, -0.000000000000000000 ) ) ;
#4612 = AXIS2_PLACEMENT_3D ( 'NONE', #1811, #7975, #5223 ) ;
#4613 = AXIS2_PLACEMENT_3D ( 'NONE', #3896, #5595, #6283 ) ;
#4614 = DIRECTION ( 'NONE',  ( 0.000000000000000000, 0.000000000000000000, -1.000000000000000000 ) ) ;
#4615 = VECTOR ( 'NONE', #9491, 1000.000000000000000 ) ;
#4616 = EDGE_LOOP ( 'NONE', ( #293, #6769, #435, #754 ) ) ;
#4617 = AXIS2_PLACEMENT_3D ( 'NONE', #8594, #6080, #8761 ) ;
#4618 = EDGE_CURVE ( 'NONE', #7894, #6349, #3464, .T. ) ;
#4619 = CIRCLE ( 'NONE', #8504, 0.1150000000000002964 ) ;
#4620 = AXIS2_PLACEMENT_3D ( 'NONE', #9306, #1743, #9981 ) ;
#4621 = DIRECTION ( 'NONE',  ( -1.000000000000000000, 0.000000000000000000, -3.771137991253918417E-15 ) ) ;
#4622 = DIRECTION ( 'NONE',  ( -1.000000000000000000, 0.000000000000000000, 1.521687259628770718E-15 ) ) ;
#4623 = DIRECTION ( 'NONE',  ( -1.000000000000000000, 0.000000000000000000, 7.608436298143875282E-16 ) ) ;
#4624 = EDGE_CURVE ( 'NONE', #3767, #6642, #7461, .T. ) ;
#4625 = DIRECTION ( 'NONE',  ( -1.000000000000000000, 0.000000000000000000, -3.771137991253918417E-15 ) ) ;
#4626 = CIRCLE ( 'NONE', #566, 0.1150000000000000883 ) ;
#4627 = CARTESIAN_POINT ( 'NONE',  ( -1.749999999999999778, 0.000000000000000000, -1.634999999999999343 ) ) ;
#4628 = LINE ( 'NONE', #5453, #1099 ) ;
#4629 = ORIENTED_EDGE ( 'NONE', *, *, #1356, .F. ) ;
#4630 = AXIS2_PLACEMENT_3D ( 'NONE', #9481, #5276, #8627 ) ;
#4631 = EDGE_LOOP ( 'NONE', ( #7128, #1007, #978, #7135, #777 ) ) ;
#4632 = ADVANCED_FACE ( 'NONE', ( #2749 ), #5946, .T. ) ;
#4633 = ORIENTED_EDGE ( 'NONE', *, *, #8269, .T. ) ;
#4635 = CARTESIAN_POINT ( 'NONE',  ( -1.249999999999999112, 0.2000000000000000111, 2.215000000000001190 ) ) ;
#4634 = PRESENTATION_LAYER_ASSIGNMENT (  '', '', ( #10295 ) ) ;
#4636 = ORIENTED_EDGE ( 'NONE', *, *, #2993, .T. ) ;
#4637 = VERTEX_POINT ( 'NONE', #1078 ) ;
#4638 = LINE ( 'NONE', #4685, #8863 ) ;
#4639 = AXIS2_PLACEMENT_3D ( 'NONE', #2772, #2983, #278 ) ;
#4640 = EDGE_LOOP ( 'NONE', ( #2814, #4751, #10604, #788 ) ) ;
#4641 = DIRECTION ( 'NONE',  ( 0.000000000000000000, 0.000000000000000000, 1.000000000000000000 ) ) ;
#4642 = ORIENTED_EDGE ( 'NONE', *, *, #10100, .T. ) ;
#4643 = DIRECTION ( 'NONE',  ( 0.000000000000000000, 0.000000000000000000, -1.000000000000000000 ) ) ;
#4644 = DIRECTION ( 'NONE',  ( 0.000000000000000000, -1.000000000000000000, 0.000000000000000000 ) ) ;
#4645 = DIRECTION ( 'NONE',  ( 0.000000000000000000, -1.000000000000000000, 0.000000000000000000 ) ) ;
#4646 = CYLINDRICAL_SURFACE ( 'NONE', #2531, 0.1150000000000000883 ) ;
#4647 =( GEOMETRIC_REPRESENTATION_CONTEXT ( 3 ) GLOBAL_UNCERTAINTY_ASSIGNED_CONTEXT ( ( #4777 ) ) GLOBAL_UNIT_ASSIGNED_CONTEXT ( ( #171, #10287, #5518 ) ) REPRESENTATION_CONTEXT ( 'NONE', 'WORKASPACE' ) );
#4648 = ORIENTED_EDGE ( 'NONE', *, *, #9652, .F. ) ;
#4649 = STYLED_ITEM ( 'NONE', ( #3361 ), #6060 ) ;
#4650 = EDGE_CURVE ( 'NONE', #10917, #3820, #7827, .T. ) ;
#4651 = EDGE_LOOP ( 'NONE', ( #500, #3346, #1734, #9155, #10905 ) ) ;
#4652 = VECTOR ( 'NONE', #7110, 1000.000000000000000 ) ;
#4653 = PLANE ( 'NONE',  #3063 ) ;
#4654 = EDGE_CURVE ( 'NONE', #8523, #761, #852, .T. ) ;
#4655 = EDGE_LOOP ( 'NONE', ( #1757, #7448, #1554, #4364 ) ) ;
#4656 = VECTOR ( 'NONE', #3163, 1000.000000000000000 ) ;
#4657 = DIRECTION ( 'NONE',  ( 0.000000000000000000, 0.000000000000000000, 1.000000000000000000 ) ) ;
#4658 = CARTESIAN_POINT ( 'NONE',  ( -0.3650000000000011013, 0.05000000000000000278, 2.777079248822527568E-16 ) ) ;
#4659 = CARTESIAN_POINT ( 'NONE',  ( -1.864999999999999325, 0.000000000000000000, -2.500000000000001332 ) ) ;
#4660 = FACE_OUTER_BOUND ( 'NONE', #588, .T. ) ;
#4661 = CARTESIAN_POINT ( 'NONE',  ( 2.500000000000002220, 0.1999999999999999833, -1.365000000000000213 ) ) ;
#4662 = ORIENTED_EDGE ( 'NONE', *, *, #5227, .F. ) ;
#4663 = LINE ( 'NONE', #10580, #2863 ) ;
#4664 = DIRECTION ( 'NONE',  ( 0.000000000000000000, -1.000000000000000000, 0.000000000000000000 ) ) ;
#4665 = FACE_OUTER_BOUND ( 'NONE', #5205, .T. ) ;
#4666 = FACE_OUTER_BOUND ( 'NONE', #1721, .T. ) ;
#4667 =( NAMED_UNIT ( * ) SI_UNIT ( $, .STERADIAN. ) SOLID_ANGLE_UNIT ( ) );
#4668 = ADVANCED_FACE ( 'NONE', ( #1768 ), #10281, .F. ) ;
#4669 = CARTESIAN_POINT ( 'NONE',  ( -1.864999999999999325, 0.000000000000000000, 2.500000000000001332 ) ) ;
#4670 = FACE_OUTER_BOUND ( 'NONE', #9455, .T. ) ;
#4671 = FACE_OUTER_BOUND ( 'NONE', #8185, .T. ) ;
#4672 = AXIS2_PLACEMENT_3D ( 'NONE', #3949, #10019, #4818 ) ;
#4673 = LINE ( 'NONE', #6495, #9118 ) ;
#4674 = FACE_OUTER_BOUND ( 'NONE', #1542, .T. ) ;
#4675 = DIRECTION ( 'NONE',  ( 0.000000000000000000, -1.000000000000000000, 0.000000000000000000 ) ) ;
#4676 = SURFACE_STYLE_USAGE ( .BOTH. , #5728 ) ;
#4677 = FILL_AREA_STYLE ('',( #10596 ) ) ;
#4678 = CARTESIAN_POINT ( 'NONE',  ( -2.500000000000001332, 0.6614108798023753399, 0.8650000000000005462 ) ) ;
#4679 = AXIS2_PLACEMENT_3D ( 'NONE', #5608, #8976, #1409 ) ;
#4680 = ORIENTED_EDGE ( 'NONE', *, *, #8807, .T. ) ;
#4681 = ORIENTED_EDGE ( 'NONE', *, *, #2818, .T. ) ;
#4682 = DIRECTION ( 'NONE',  ( 0.000000000000000000, 0.000000000000000000, 1.000000000000000000 ) ) ;
#4683 = ORIENTED_EDGE ( 'NONE', *, *, #502, .F. ) ;
#4684 = VERTEX_POINT ( 'NONE', #8499 ) ;
#4685 = CARTESIAN_POINT ( 'NONE',  ( -1.134999999999999343, 0.2000000000000000111, -2.500000000000001332 ) ) ;
#4686 = VERTEX_POINT ( 'NONE', #5970 ) ;
#4687 = FILL_AREA_STYLE_COLOUR ( '', #10300 ) ;
#4688 = ORIENTED_EDGE ( 'NONE', *, *, #3760, .T. ) ;
#4689 = DIRECTION ( 'NONE',  ( 0.000000000000000000, -1.000000000000000000, 0.000000000000000000 ) ) ;
#4690 = CARTESIAN_POINT ( 'NONE',  ( 2.500000000000002220, 0.6614108798023753399, 1.135000000000000009 ) ) ;
#4691 = DIRECTION ( 'NONE',  ( -0.000000000000000000, -1.000000000000000000, 0.000000000000000000 ) ) ;
#4692 = CARTESIAN_POINT ( 'NONE',  ( 2.500000000000001332, 0.1999999999999999833, 0.3650000000000005462 ) ) ;
#4693 = EDGE_CURVE ( 'NONE', #3431, #7067, #7738, .T. ) ;
#4694 = ADVANCED_FACE ( 'NONE', ( #5127 ), #3321, .F. ) ;
#4695 = EDGE_LOOP ( 'NONE', ( #5615, #5993, #779, #3208 ) ) ;
#4696 = ORIENTED_EDGE ( 'NONE', *, *, #3449, .T. ) ;
#4697 = ADVANCED_FACE ( 'NONE', ( #2616 ), #8446, .T. ) ;
#4698 = ORIENTED_EDGE ( 'NONE', *, *, #6388, .T. ) ;
#4699 = VECTOR ( 'NONE', #8393, 1000.000000000000000 ) ;
#4700 = ORIENTED_EDGE ( 'NONE', *, *, #7604, .F. ) ;
#4701 = DIRECTION ( 'NONE',  ( 1.000000000000000000, -0.000000000000000000, 1.521687259628770718E-15 ) ) ;
#4702 = EDGE_LOOP ( 'NONE', ( #3758, #1648, #5164, #2950 ) ) ;
#4703 = CARTESIAN_POINT ( 'NONE',  ( -0.6349999999999992317, 0.1999999999999999833, -2.500000000000001332 ) ) ;
#4704 = DIRECTION ( 'NONE',  ( -0.000000000000000000, -1.000000000000000000, -0.000000000000000000 ) ) ;
#4705 = CARTESIAN_POINT ( 'NONE',  ( 2.215000000000000746, 0.05000000000000002359, 1.865000000000000879 ) ) ;
#4706 = CARTESIAN_POINT ( 'NONE',  ( -1.249999999999999112, 0.04999999999999999584, 2.215000000000001190 ) ) ;
#4707 = FACE_OUTER_BOUND ( 'NONE', #4924, .T. ) ;
#4708 = EDGE_CURVE ( 'NONE', #2982, #8971, #6747, .T. ) ;
#4709 = CIRCLE ( 'NONE', #7539, 0.1150000000000001993 ) ;
#4710 = CARTESIAN_POINT ( 'NONE',  ( -0.2499999999999991396, 0.000000000000000000, 2.215000000000001190 ) ) ;
#4711 = EDGE_CURVE ( 'NONE', #9436, #10691, #5511, .T. ) ;
#4712 = VERTEX_POINT ( 'NONE', #8555 ) ;
#4713 = DIRECTION ( 'NONE',  ( 0.000000000000000000, 1.000000000000000000, -0.000000000000000000 ) ) ;
#4714 = VECTOR ( 'NONE', #3167, 1000.000000000000000 ) ;
#4715 = CARTESIAN_POINT ( 'NONE',  ( -2.500000000000001332, 0.000000000000000000, 0.8650000000000005462 ) ) ;
#4716 = LINE ( 'NONE', #9918, #5827 ) ;
#4717 = DIRECTION ( 'NONE',  ( 1.000000000000000000, -0.000000000000000000, 0.000000000000000000 ) ) ;
#4718 = FACE_OUTER_BOUND ( 'NONE', #9642, .T. ) ;
#4719 = DIRECTION ( 'NONE',  ( -1.521687259628770718E-15, 0.000000000000000000, 1.000000000000000000 ) ) ;
#4720 = CARTESIAN_POINT ( 'NONE',  ( 0.8650000000000007683, 0.000000000000000000, -2.500000000000001332 ) ) ;
#4721 = EDGE_CURVE ( 'NONE', #616, #5243, #993, .T. ) ;
#4722 = ORIENTED_EDGE ( 'NONE', *, *, #10324, .T. ) ;
#4723 = EDGE_CURVE ( 'NONE', #130, #2825, #2002, .T. ) ;
#4724 = FACE_OUTER_BOUND ( 'NONE', #3905, .T. ) ;
#4725 = CARTESIAN_POINT ( 'NONE',  ( 0.2500000000000008882, 0.04999999999999999584, 2.215000000000001190 ) ) ;
#4726 = CARTESIAN_POINT ( 'NONE',  ( -2.500000000000002220, 0.04999999999999969746, 0.6349999999999998979 ) ) ;
#4727 = CARTESIAN_POINT ( 'NONE',  ( -1.749999999999999334, 0.2000000000000000111, -2.215000000000001190 ) ) ;
#4728 = LINE ( 'NONE', #1312, #7406 ) ;
#4729 = DIRECTION ( 'NONE',  ( -0.000000000000000000, -0.000000000000000000, -1.000000000000000000 ) ) ;
#4730 = ORIENTED_EDGE ( 'NONE', *, *, #4112, .T. ) ;
#4731 = DIRECTION ( 'NONE',  ( 1.521687259628770718E-15, -0.000000000000000000, 1.000000000000000000 ) ) ;
#4732 = EDGE_CURVE ( 'NONE', #3946, #8831, #825, .T. ) ;
#4733 = EDGE_LOOP ( 'NONE', ( #8324, #1364, #6676, #9065 ) ) ;
#4734 = DIRECTION ( 'NONE',  ( 0.000000000000000000, 1.000000000000000000, 0.000000000000000000 ) ) ;
#4735 = VERTEX_POINT ( 'NONE', #877 ) ;
#4736 = ORIENTED_EDGE ( 'NONE', *, *, #9166, .T. ) ;
#4737 = ORIENTED_EDGE ( 'NONE', *, *, #7170, .F. ) ;
#4738 =( NAMED_UNIT ( * ) SI_UNIT ( $, .STERADIAN. ) SOLID_ANGLE_UNIT ( ) );
#4739 = ORIENTED_EDGE ( 'NONE', *, *, #3306, .T. ) ;
#4740 = DIRECTION ( 'NONE',  ( 1.000000000000000000, 0.000000000000000000, -0.000000000000000000 ) ) ;
#4741 = CARTESIAN_POINT ( 'NONE',  ( -2.215000000000000746, 0.05000000000000002359, 1.750000000000000222 ) ) ;
#4742 = ADVANCED_FACE ( 'NONE', ( #4252 ), #68, .F. ) ;
#4743 = DIRECTION ( 'NONE',  ( 0.000000000000000000, -1.000000000000000000, 0.000000000000000000 ) ) ;
#4744 = DIRECTION ( 'NONE',  ( 1.000000000000000000, 0.000000000000000000, -1.521687259628770718E-15 ) ) ;
#4745 = VERTEX_POINT ( 'NONE', #4362 ) ;
#4746 = ORIENTED_EDGE ( 'NONE', *, *, #2837, .T. ) ;
#4747 = VERTEX_POINT ( 'NONE', #7686 ) ;
#4748 = EDGE_CURVE ( 'NONE', #10852, #4165, #10907, .T. ) ;
#4749 = ORIENTED_EDGE ( 'NONE', *, *, #6503, .F. ) ;
#4750 = DIRECTION ( 'NONE',  ( -0.000000000000000000, -1.000000000000000000, -0.000000000000000000 ) ) ;
#4751 = ORIENTED_EDGE ( 'NONE', *, *, #8829, .F. ) ;
#4752 = PLANE ( 'NONE',  #6237 ) ;
#4753 = CARTESIAN_POINT ( 'NONE',  ( -1.134999999999999343, 0.000000000000000000, 2.500000000000001332 ) ) ;
#4754 = ADVANCED_FACE ( 'NONE', ( #119 ), #8398, .T. ) ;
#4755 = CARTESIAN_POINT ( 'NONE',  ( -1.749999999999999334, 0.2000000000000000111, -2.215000000000001190 ) ) ;
#4756 = FACE_OUTER_BOUND ( 'NONE', #8728, .T. ) ;
#4757 = DIRECTION ( 'NONE',  ( -0.000000000000000000, -1.000000000000000000, -0.000000000000000000 ) ) ;
#4758 = ADVANCED_FACE ( 'NONE', ( #2662 ), #778, .T. ) ;
#4759 = DIRECTION ( 'NONE',  ( 0.000000000000000000, -0.000000000000000000, 1.000000000000000000 ) ) ;
#4760 =( GEOMETRIC_REPRESENTATION_CONTEXT ( 3 ) GLOBAL_UNCERTAINTY_ASSIGNED_CONTEXT ( ( #8313 ) ) GLOBAL_UNIT_ASSIGNED_CONTEXT ( ( #10330, #9551, #6079 ) ) REPRESENTATION_CONTEXT ( 'NONE', 'WORKASPACE' ) );
#4761 = VERTEX_POINT ( 'NONE', #2724 ) ;
#4762 = EDGE_CURVE ( 'NONE', #7343, #3101, #6087, .T. ) ;
#4763 = LINE ( 'NONE', #357, #8838 ) ;
#4764 = CARTESIAN_POINT ( 'NONE',  ( 2.215000000000000746, 0.05000000000000002359, -0.3650000000000011569 ) ) ;
#4765 = CARTESIAN_POINT ( 'NONE',  ( -2.500000000000002220, 0.1999999999999999833, -0.8650000000000001021 ) ) ;
#4766 = LINE ( 'NONE', #471, #6480 ) ;
#4767 = SURFACE_STYLE_FILL_AREA ( #9757 ) ;
#4768 = VECTOR ( 'NONE', #6285, 1000.000000000000000 ) ;
#4769 = DIRECTION ( 'NONE',  ( 1.000000000000000000, -0.000000000000000000, 7.608436298143876268E-16 ) ) ;
#4770 = DIRECTION ( 'NONE',  ( -7.608436298143888101E-16, 0.000000000000000000, -1.000000000000000000 ) ) ;
#4771 = ORIENTED_EDGE ( 'NONE', *, *, #4503, .T. ) ;
#4772 = ORIENTED_EDGE ( 'NONE', *, *, #1628, .T. ) ;
#4773 = AXIS2_PLACEMENT_3D ( 'NONE', #8842, #10625, #3058 ) ;
#4774 = AXIS2_PLACEMENT_3D ( 'NONE', #10257, #4137, #2700 ) ;
#4775 = EDGE_CURVE ( 'NONE', #5900, #10012, #4154, .T. ) ;
#4776 = CARTESIAN_POINT ( 'NONE',  ( -0.8649999999999992140, 0.1999999999999999833, 2.500000000000001332 ) ) ;
#4777 = UNCERTAINTY_MEASURE_WITH_UNIT (LENGTH_MEASURE( 1.000000000000000082E-05 ), #171, 'distance_accuracy_value', 'NONE');
#4778 = CARTESIAN_POINT ( 'NONE',  ( -1.749999999999999112, 0.2000000000000000111, 2.215000000000001190 ) ) ;
#4779 = VECTOR ( 'NONE', #10093, 1000.000000000000000 ) ;
#4780 = ADVANCED_FACE ( 'NONE', ( #9625 ), #7180, .F. ) ;
#4781 = CARTESIAN_POINT ( 'NONE',  ( -1.249999999999999112, 0.2000000000000000111, 2.100000000000000977 ) ) ;
#4782 = CARTESIAN_POINT ( 'NONE',  ( -2.500000000000002220, 0.1999999999999999833, -0.3650000000000001021 ) ) ;
#4783 = CARTESIAN_POINT ( 'NONE',  ( 2.499999999999999556, 0.05000000000000000278, 2.499999999999998668 ) ) ;
#4784 = LINE ( 'NONE', #7283, #9730 ) ;
#4785 = VECTOR ( 'NONE', #10252, 1000.000000000000000 ) ;
#4786 = CIRCLE ( 'NONE', #3740, 0.1150000000000000883 ) ;
#4787 = ORIENTED_EDGE ( 'NONE', *, *, #1470, .F. ) ;
#4788 = AXIS2_PLACEMENT_3D ( 'NONE', #10663, #8883, #1317 ) ;
#4789 = EDGE_LOOP ( 'NONE', ( #2981, #6436, #1483, #3715 ) ) ;
#4790 = CARTESIAN_POINT ( 'NONE',  ( 0.7500000000000006661, 0.2000000000000000111, -2.215000000000001190 ) ) ;
#4791 = EDGE_LOOP ( 'NONE', ( #4688, #6157, #1689, #1595 ) ) ;
#4792 = EDGE_CURVE ( 'NONE', #6138, #1677, #9043, .T. ) ;
#4793 = VERTEX_POINT ( 'NONE', #7021 ) ;
#4794 = VECTOR ( 'NONE', #7919, 1000.000000000000000 ) ;
#4795 = VECTOR ( 'NONE', #8337, 1000.000000000000000 ) ;
#4796 = DIRECTION ( 'NONE',  ( 0.000000000000000000, -0.000000000000000000, 1.000000000000000000 ) ) ;
#4797 = PRESENTATION_STYLE_ASSIGNMENT (( #1219 ) ) ;
#4798 = EDGE_LOOP ( 'NONE', ( #1769, #10186, #6390, #5563 ) ) ;
#4799 = DIRECTION ( 'NONE',  ( 0.000000000000000000, 1.000000000000000000, 0.000000000000000000 ) ) ;
#4800 = DIRECTION ( 'NONE',  ( 0.000000000000000000, -0.000000000000000000, 1.000000000000000000 ) ) ;
#4801 = AXIS2_PLACEMENT_3D ( 'NONE', #5575, #1547, #8942 ) ;
#4802 = CARTESIAN_POINT ( 'NONE',  ( 1.365000000000000657, 0.000000000000000000, -2.215000000000001190 ) ) ;
#4803 = AXIS2_PLACEMENT_3D ( 'NONE', #7315, #3108, #6481 ) ;
#4804 = CARTESIAN_POINT ( 'NONE',  ( -1.634999999999999343, 0.05000000000000000278, 0.000000000000000000 ) ) ;
#4805 = EDGE_CURVE ( 'NONE', #5929, #1225, #384, .T. ) ;
#4806 = EDGE_LOOP ( 'NONE', ( #1426, #7521, #437, #3947 ) ) ;
#4807 = ORIENTED_EDGE ( 'NONE', *, *, #4721, .T. ) ;
#4808 = VECTOR ( 'NONE', #10525, 1000.000000000000000 ) ;
#4809 = STYLED_ITEM ( 'NONE', ( #6353 ), #5909 ) ;
#4810 = EDGE_LOOP ( 'NONE', ( #8456, #4662, #839, #4636 ) ) ;
#4811 = VECTOR ( 'NONE', #4972, 1000.000000000000000 ) ;
#4812 = EDGE_CURVE ( 'NONE', #1567, #1837, #6061, .T. ) ;
#4813 = VECTOR ( 'NONE', #6718, 1000.000000000000000 ) ;
#4814 = VERTEX_POINT ( 'NONE', #5245 ) ;
#4815 =( NAMED_UNIT ( * ) PLANE_ANGLE_UNIT ( ) SI_UNIT ( $, .RADIAN. ) );
#4816 = ORIENTED_EDGE ( 'NONE', *, *, #8301, .T. ) ;
#4817 = DIRECTION ( 'NONE',  ( 0.000000000000000000, 0.000000000000000000, -1.000000000000000000 ) ) ;
#4818 = DIRECTION ( 'NONE',  ( 0.000000000000000000, 0.000000000000000000, -1.000000000000000000 ) ) ;
#4819 = MECHANICAL_DESIGN_GEOMETRIC_PRESENTATION_REPRESENTATION (  '', ( #9768 ), #590 ) ;
#4820 = FACE_OUTER_BOUND ( 'NONE', #3086, .T. ) ;
#4821 = DIRECTION ( 'NONE',  ( -1.000000000000000000, 0.000000000000000000, -1.521687259628770718E-15 ) ) ;
#4822 = CARTESIAN_POINT ( 'NONE',  ( -1.634999999999999343, 0.000000000000000000, 2.215000000000001190 ) ) ;
#4823 = VECTOR ( 'NONE', #368, 1000.000000000000000 ) ;
#4824 = FACE_OUTER_BOUND ( 'NONE', #8946, .T. ) ;
#4825 = ORIENTED_EDGE ( 'NONE', *, *, #5038, .T. ) ;
#4826 = ADVANCED_FACE ( 'NONE', ( #1938 ), #10445, .F. ) ;
#4827 = STYLED_ITEM ( 'NONE', ( #8201 ), #9765 ) ;
#4828 = EDGE_CURVE ( 'NONE', #3072, #7292, #8865, .T. ) ;
#4829 = STYLED_ITEM ( 'NONE', ( #780 ), #5761 ) ;
#4830 = ORIENTED_EDGE ( 'NONE', *, *, #9138, .T. ) ;
#4831 = DIRECTION ( 'NONE',  ( 0.000000000000000000, 1.000000000000000000, -0.000000000000000000 ) ) ;
#4832 = LINE ( 'NONE', #6438, #3047 ) ;
#4833 = FACE_OUTER_BOUND ( 'NONE', #4008, .T. ) ;
#4834 = CARTESIAN_POINT ( 'NONE',  ( 2.500000000000001332, 0.1999999999999999833, -0.1349999999999994815 ) ) ;
#4835 = SURFACE_SIDE_STYLE ('',( #4767 ) ) ;
#4836 = DIRECTION ( 'NONE',  ( 0.000000000000000000, 1.000000000000000000, 0.000000000000000000 ) ) ;
#4837 = AXIS2_PLACEMENT_3D ( 'NONE', #5478, #412, #7040 ) ;
#4838 = CARTESIAN_POINT ( 'NONE',  ( -1.749999999999999778, 5.149747468305832854, 1.635000000000000897 ) ) ;
#4839 = VERTEX_POINT ( 'NONE', #10388 ) ;
#4840 = VECTOR ( 'NONE', #4870, 1000.000000000000000 ) ;
#4841 = ADVANCED_FACE ( 'NONE', ( #1215 ), #4577, .F. ) ;
#4842 = ADVANCED_FACE ( 'NONE', ( #9451 ), #8600, .T. ) ;
#4843 = EDGE_CURVE ( 'NONE', #2157, #8260, #1889, .T. ) ;
#4844 = DIRECTION ( 'NONE',  ( -0.000000000000000000, -1.000000000000000000, -0.000000000000000000 ) ) ;
#4845 = CARTESIAN_POINT ( 'NONE',  ( -2.500000000000001332, 0.04999999999999969746, 0.8650000000000005462 ) ) ;
#4846 = PLANE ( 'NONE',  #5930 ) ;
#4847 = DIRECTION ( 'NONE',  ( -0.000000000000000000, 1.000000000000000000, -0.000000000000000000 ) ) ;
#4848 = CARTESIAN_POINT ( 'NONE',  ( -0.6349999999999992317, 0.2000000000000000111, -2.215000000000001190 ) ) ;
#4849 = PLANE ( 'NONE',  #7961 ) ;
#4850 = EDGE_LOOP ( 'NONE', ( #8986, #9677, #7130, #666 ) ) ;
#4851 = ADVANCED_FACE ( 'NONE', ( #6142 ), #7133, .F. ) ;
#4852 = CIRCLE ( 'NONE', #2922, 0.1150000000000000883 ) ;
#4853 = ORIENTED_EDGE ( 'NONE', *, *, #5230, .F. ) ;
#4854 = CARTESIAN_POINT ( 'NONE',  ( -1.249999999999999112, 0.2000000000000000111, 2.215000000000001190 ) ) ;
#4855 = ORIENTED_EDGE ( 'NONE', *, *, #1189, .T. ) ;
#4856 = VERTEX_POINT ( 'NONE', #8717 ) ;
#4857 = SURFACE_STYLE_USAGE ( .BOTH. , #8771 ) ;
#4858 = CARTESIAN_POINT ( 'NONE',  ( 1.865000000000000879, 0.2000000000000000111, 2.215000000000001190 ) ) ;
#4859 =( NAMED_UNIT ( * ) SI_UNIT ( $, .STERADIAN. ) SOLID_ANGLE_UNIT ( ) );
#4860 = ORIENTED_EDGE ( 'NONE', *, *, #5940, .F. ) ;
#4861 = LINE ( 'NONE', #3260, #4019 ) ;
#4862 = DIRECTION ( 'NONE',  ( -1.000000000000000000, 0.000000000000000000, -7.608436298143875282E-16 ) ) ;
#4863 = CARTESIAN_POINT ( 'NONE',  ( -2.500000000000002220, 0.6614108798023753399, 0.6349999999999998979 ) ) ;
#4864 = DIRECTION ( 'NONE',  ( 0.000000000000000000, 1.000000000000000000, 0.000000000000000000 ) ) ;
#4865 = ORIENTED_EDGE ( 'NONE', *, *, #9173, .F. ) ;
#4866 = ORIENTED_EDGE ( 'NONE', *, *, #6721, .F. ) ;
#4867 = VERTEX_POINT ( 'NONE', #1162 ) ;
#4868 = ADVANCED_FACE ( 'NONE', ( #10505 ), #2933, .T. ) ;
#4869 = ORIENTED_EDGE ( 'NONE', *, *, #10152, .T. ) ;
#4870 = DIRECTION ( 'NONE',  ( 3.771137991253918417E-15, 0.000000000000000000, -1.000000000000000000 ) ) ;
#4871 = ORIENTED_EDGE ( 'NONE', *, *, #1865, .T. ) ;
#4872 = FILL_AREA_STYLE_COLOUR ( '', #10104 ) ;
#4873 = DIRECTION ( 'NONE',  ( 1.000000000000000000, 0.000000000000000000, -7.608436298143876268E-16 ) ) ;
#4874 = DIRECTION ( 'NONE',  ( -0.000000000000000000, -1.000000000000000000, -0.000000000000000000 ) ) ;
#4875 = LINE ( 'NONE', #511, #2519 ) ;
#4876 = LINE ( 'NONE', #5811, #6385 ) ;
#4877 = DIRECTION ( 'NONE',  ( -0.000000000000000000, -0.000000000000000000, -1.000000000000000000 ) ) ;
#4878 = ORIENTED_EDGE ( 'NONE', *, *, #1548, .T. ) ;
#4879 = ORIENTED_EDGE ( 'NONE', *, *, #6329, .T. ) ;
#4880 = VECTOR ( 'NONE', #1040, 1000.000000000000000 ) ;
#4881 = EDGE_LOOP ( 'NONE', ( #8769, #4006, #573, #7249 ) ) ;
#4882 = DIRECTION ( 'NONE',  ( -0.000000000000000000, -1.000000000000000000, -0.000000000000000000 ) ) ;
#4883 = ORIENTED_EDGE ( 'NONE', *, *, #1587, .T. ) ;
#4884 = DIRECTION ( 'NONE',  ( 0.000000000000000000, 0.000000000000000000, -1.000000000000000000 ) ) ;
#4885 = DIRECTION ( 'NONE',  ( 0.000000000000000000, 0.000000000000000000, -1.000000000000000000 ) ) ;
#4886 = CARTESIAN_POINT ( 'NONE',  ( 0.8650000000000007683, 0.2000000000000000111, 2.215000000000001190 ) ) ;
#4887 = CARTESIAN_POINT ( 'NONE',  ( -1.364999999999999325, 0.2000000000000000111, 2.500000000000001332 ) ) ;
#4888 = VECTOR ( 'NONE', #1398, 1000.000000000000000 ) ;
#4889 = DIRECTION ( 'NONE',  ( -0.000000000000000000, -1.000000000000000000, -0.000000000000000000 ) ) ;
#4890 = PLANE ( 'NONE',  #8477 ) ;
#4891 = ORIENTED_EDGE ( 'NONE', *, *, #9851, .F. ) ;
#4892 = ORIENTED_EDGE ( 'NONE', *, *, #7391, .F. ) ;
#4893 = ORIENTED_EDGE ( 'NONE', *, *, #2046, .F. ) ;
#4894 = VECTOR ( 'NONE', #4911, 1000.000000000000000 ) ;
#4895 = PLANE ( 'NONE',  #2161 ) ;
#4896 = EDGE_CURVE ( 'NONE', #1861, #2039, #9672, .T. ) ;
#4897 = CARTESIAN_POINT ( 'NONE',  ( 0.3650000000000007683, 0.2000000000000000111, -2.500000000000001332 ) ) ;
#4898 = CARTESIAN_POINT ( 'NONE',  ( 2.499999999999999556, 0.05000000000000000278, 2.499999999999998668 ) ) ;
#4899 = LINE ( 'NONE', #5664, #4177 ) ;
#4900 = SURFACE_STYLE_FILL_AREA ( #8476 ) ;
#4901 = DIRECTION ( 'NONE',  ( -0.000000000000000000, -0.000000000000000000, 1.000000000000000000 ) ) ;
#4902 = EDGE_CURVE ( 'NONE', #1225, #7534, #2521, .T. ) ;
#4903 = ORIENTED_EDGE ( 'NONE', *, *, #6291, .F. ) ;
#4904 = PLANE ( 'NONE',  #5851 ) ;
#4905 = ORIENTED_EDGE ( 'NONE', *, *, #10755, .T. ) ;
#4906 = ORIENTED_EDGE ( 'NONE', *, *, #1664, .T. ) ;
#4907 = EDGE_CURVE ( 'NONE', #2411, #6533, #328, .T. ) ;
#4908 = DIRECTION ( 'NONE',  ( 0.000000000000000000, 0.000000000000000000, 1.000000000000000000 ) ) ;
#4909 = DIRECTION ( 'NONE',  ( 1.000000000000000000, 0.000000000000000000, -3.771137991253918417E-15 ) ) ;
#4910 = ORIENTED_EDGE ( 'NONE', *, *, #4748, .T. ) ;
#4911 = DIRECTION ( 'NONE',  ( -0.000000000000000000, -1.000000000000000000, -0.000000000000000000 ) ) ;
#4912 = DIRECTION ( 'NONE',  ( -0.000000000000000000, -1.000000000000000000, -0.000000000000000000 ) ) ;
#4913 = CARTESIAN_POINT ( 'NONE',  ( -1.800000000000001155, 0.9000000000000000222, -1.800000000000000711 ) ) ;
#4914 = ADVANCED_FACE ( 'NONE', ( #7066 ), #1267, .F. ) ;
#4915 = CARTESIAN_POINT ( 'NONE',  ( 2.215000000000000746, 0.000000000000000000, -1.365000000000001101 ) ) ;
#4916 = CLOSED_SHELL ( 'NONE', ( #6994, #1454, #1119, #2016, #3082, #4694 ) ) ;
#4917 = ORIENTED_EDGE ( 'NONE', *, *, #8695, .T. ) ;
#4918 = ORIENTED_EDGE ( 'NONE', *, *, #3834, .F. ) ;
#4919 = ORIENTED_EDGE ( 'NONE', *, *, #10053, .T. ) ;
#4920 = ORIENTED_EDGE ( 'NONE', *, *, #8248, .F. ) ;
#4921 = LINE ( 'NONE', #8952, #8188 ) ;
#4922 = ORIENTED_EDGE ( 'NONE', *, *, #10648, .F. ) ;
#4923 = SURFACE_STYLE_FILL_AREA ( #9338 ) ;
#4924 = EDGE_LOOP ( 'NONE', ( #5180, #3214, #1262, #10904 ) ) ;
#4925 = CYLINDRICAL_SURFACE ( 'NONE', #4672, 0.2499999999999997780 ) ;
#4926 = DIRECTION ( 'NONE',  ( 0.000000000000000000, 1.000000000000000000, 0.000000000000000000 ) ) ;
#4927 = DIRECTION ( 'NONE',  ( 0.000000000000000000, 0.000000000000000000, 1.000000000000000000 ) ) ;
#4928 = EDGE_CURVE ( 'NONE', #6099, #2580, #3979, .T. ) ;
#4929 = CARTESIAN_POINT ( 'NONE',  ( -2.500000000000002220, 0.6614108798023753399, 1.635000000000000009 ) ) ;
#4930 = ORIENTED_EDGE ( 'NONE', *, *, #10837, .T. ) ;
#4931 = CARTESIAN_POINT ( 'NONE',  ( 2.215000000000000746, 0.1999999999999999833, 0.2499999999999991396 ) ) ;
#4932 = ORIENTED_EDGE ( 'NONE', *, *, #5032, .T. ) ;
#4933 = FACE_OUTER_BOUND ( 'NONE', #8007, .T. ) ;
#4934 = LINE ( 'NONE', #2360, #2142 ) ;
#4935 = CARTESIAN_POINT ( 'NONE',  ( 2.500000000000002220, 0.000000000000000000, 0.6349999999999998979 ) ) ;
#4936 = DIRECTION ( 'NONE',  ( -0.000000000000000000, -1.000000000000000000, -0.000000000000000000 ) ) ;
#4937 = COLOUR_RGB ( '',0.7921568627450980005, 0.8196078431372548767, 0.9333333333333333481 ) ;
#4938 = LINE ( 'NONE', #3402, #6041 ) ;
#4939 = ORIENTED_EDGE ( 'NONE', *, *, #5242, .T. ) ;
#4940 = ADVANCED_FACE ( 'NONE', ( #8221 ), #3031, .T. ) ;
#4941 = ORIENTED_EDGE ( 'NONE', *, *, #5592, .F. ) ;
#4942 = PRESENTATION_LAYER_ASSIGNMENT (  '', '', ( #8295 ) ) ;
#4943 = DIRECTION ( 'NONE',  ( 0.000000000000000000, -1.000000000000000000, 0.000000000000000000 ) ) ;
#4944 = LINE ( 'NONE', #7495, #3664 ) ;
#4945 = LINE ( 'NONE', #3181, #7873 ) ;
#4946 = CARTESIAN_POINT ( 'NONE',  ( 1.635000000000000675, 0.1999999999999999833, -2.215000000000001190 ) ) ;
#4947 = DIRECTION ( 'NONE',  ( 0.000000000000000000, 1.000000000000000000, 0.000000000000000000 ) ) ;
#4948 = CARTESIAN_POINT ( 'NONE',  ( -1.134999999999999343, 0.6614108798023734526, -2.500000000000001332 ) ) ;
#4949 = VERTEX_POINT ( 'NONE', #6406 ) ;
#4950 = AXIS2_PLACEMENT_3D ( 'NONE', #9604, #2798, #470 ) ;
#4951 = EDGE_CURVE ( 'NONE', #4745, #803, #5492, .T. ) ;
#4952 = AXIS2_PLACEMENT_3D ( 'NONE', #4294, #8380, #9207 ) ;
#4953 = ORIENTED_EDGE ( 'NONE', *, *, #9490, .T. ) ;
#4954 = DIRECTION ( 'NONE',  ( -1.000000000000000000, 0.000000000000000000, 7.608436298143875282E-16 ) ) ;
#4955 = ADVANCED_FACE ( 'NONE', ( #535 ), #9879, .F. ) ;
#4956 = ORIENTED_EDGE ( 'NONE', *, *, #9317, .F. ) ;
#4957 = ORIENTED_EDGE ( 'NONE', *, *, #10223, .F. ) ;
#4958 = PLANE ( 'NONE',  #7290 ) ;
#4959 = DIRECTION ( 'NONE',  ( 0.000000000000000000, 0.000000000000000000, -1.000000000000000000 ) ) ;
#4960 = DIRECTION ( 'NONE',  ( 0.000000000000000000, 1.000000000000000000, 0.000000000000000000 ) ) ;
#4961 = FILL_AREA_STYLE_COLOUR ( '', #7936 ) ;
#4962 = VECTOR ( 'NONE', #4611, 1000.000000000000000 ) ;
#4963 = CARTESIAN_POINT ( 'NONE',  ( 2.500000000000001332, 0.6614108798023753399, -1.634999999999999565 ) ) ;
#4964 = DIRECTION ( 'NONE',  ( 0.000000000000000000, 0.000000000000000000, 1.000000000000000000 ) ) ;
#4965 = VECTOR ( 'NONE', #3156, 1000.000000000000000 ) ;
#4966 = AXIS2_PLACEMENT_3D ( 'NONE', #8434, #10003, #5788 ) ;
#4967 = ORIENTED_EDGE ( 'NONE', *, *, #7271, .T. ) ;
#4968 = ORIENTED_EDGE ( 'NONE', *, *, #8743, .F. ) ;
#4969 = EDGE_CURVE ( 'NONE', #9182, #2919, #8666, .T. ) ;
#4970 = VECTOR ( 'NONE', #10650, 1000.000000000000000 ) ;
#4971 = VERTEX_POINT ( 'NONE', #8166 ) ;
#4972 = DIRECTION ( 'NONE',  ( -0.000000000000000000, -1.000000000000000000, -0.000000000000000000 ) ) ;
#4973 = AXIS2_PLACEMENT_3D ( 'NONE', #3261, #2395, #4194 ) ;
#4974 = ADVANCED_FACE ( 'NONE', ( #2387 ), #9947, .T. ) ;
#4975 = ORIENTED_EDGE ( 'NONE', *, *, #10314, .F. ) ;
#4976 = VECTOR ( 'NONE', #1431, 1000.000000000000000 ) ;
#4977 = CIRCLE ( 'NONE', #403, 0.1150000000000000883 ) ;
#4978 = ORIENTED_EDGE ( 'NONE', *, *, #9866, .F. ) ;
#4979 = CARTESIAN_POINT ( 'NONE',  ( -0.2499999999999991396, 0.04999999999999999584, 2.215000000000001190 ) ) ;
#4980 = FACE_OUTER_BOUND ( 'NONE', #8933, .T. ) ;
#4981 = CARTESIAN_POINT ( 'NONE',  ( 2.499999999999999556, 9.071067811865477282, 2.499999999999998668 ) ) ;
#4982 = CARTESIAN_POINT ( 'NONE',  ( -2.215000000000000746, 0.1999999999999999833, 1.750000000000000222 ) ) ;
#4983 = VECTOR ( 'NONE', #421, 1000.000000000000000 ) ;
#4984 = ORIENTED_EDGE ( 'NONE', *, *, #3133, .F. ) ;
#4985 = VECTOR ( 'NONE', #6063, 1000.000000000000000 ) ;
#4986 = EDGE_CURVE ( 'NONE', #2569, #1037, #6350, .T. ) ;
#4987 = VECTOR ( 'NONE', #3350, 1000.000000000000000 ) ;
#4988 = EDGE_CURVE ( 'NONE', #10173, #5483, #603, .T. ) ;
#4989 = ORIENTED_EDGE ( 'NONE', *, *, #5388, .F. ) ;
#4990 = VECTOR ( 'NONE', #4595, 1000.000000000000000 ) ;
#4991 = CARTESIAN_POINT ( 'NONE',  ( -2.215000000000000746, 0.6614108798023753399, 1.635000000000000231 ) ) ;
#4992 = EDGE_LOOP ( 'NONE', ( #1177, #5775, #4035, #1258 ) ) ;
#4993 = DIRECTION ( 'NONE',  ( 1.000000000000000000, -0.000000000000000000, -0.000000000000000000 ) ) ;
#4994 = VECTOR ( 'NONE', #10327, 1000.000000000000000 ) ;
#4995 = CYLINDRICAL_SURFACE ( 'NONE', #5481, 0.1150000000000000883 ) ;
#4996 = LINE ( 'NONE', #4173, #430 ) ;
#4997 = DIRECTION ( 'NONE',  ( 0.000000000000000000, -0.000000000000000000, 1.000000000000000000 ) ) ;
#4998 = DIRECTION ( 'NONE',  ( 0.000000000000000000, -0.000000000000000000, 1.000000000000000000 ) ) ;
#4999 = ORIENTED_EDGE ( 'NONE', *, *, #439, .T. ) ;
#5000 = ORIENTED_EDGE ( 'NONE', *, *, #7119, .F. ) ;
#5001 = PRESENTATION_LAYER_ASSIGNMENT (  '', '', ( #10838 ) ) ;
#5002 = VECTOR ( 'NONE', #2356, 1000.000000000000000 ) ;
#5003 = ORIENTED_EDGE ( 'NONE', *, *, #1830, .T. ) ;
#5004 = EDGE_CURVE ( 'NONE', #3870, #9983, #2318, .T. ) ;
#5005 = LINE ( 'NONE', #4131, #1800 ) ;
#5006 = UNCERTAINTY_MEASURE_WITH_UNIT (LENGTH_MEASURE( 1.000000000000000082E-05 ), #7321, 'distance_accuracy_value', 'NONE');
#5007 = CARTESIAN_POINT ( 'NONE',  ( -1.864999999999999325, 0.1999999999999999833, 2.500000000000001332 ) ) ;
#5008 = DIRECTION ( 'NONE',  ( -1.000000000000000000, 0.000000000000000000, -7.608436298143875282E-16 ) ) ;
#5009 = VECTOR ( 'NONE', #1853, 1000.000000000000000 ) ;
#5010 = DIRECTION ( 'NONE',  ( -1.000000000000000000, 0.000000000000000000, 7.608436298143875282E-16 ) ) ;
#5011 = LINE ( 'NONE', #3251, #2145 ) ;
#5012 = ORIENTED_EDGE ( 'NONE', *, *, #3500, .F. ) ;
#5013 = DIRECTION ( 'NONE',  ( -7.608436298143875282E-16, 0.000000000000000000, -1.000000000000000000 ) ) ;
#5014 = ORIENTED_EDGE ( 'NONE', *, *, #1720, .F. ) ;
#5015 = ORIENTED_EDGE ( 'NONE', *, *, #6194, .F. ) ;
#5016 = DIRECTION ( 'NONE',  ( 1.000000000000000000, -0.000000000000000000, -0.000000000000000000 ) ) ;
#5017 = CARTESIAN_POINT ( 'NONE',  ( -0.1349999999999990652, 0.2000000000000000111, 2.215000000000001190 ) ) ;
#5018 = PLANE ( 'NONE',  #2090 ) ;
#5019 = CARTESIAN_POINT ( 'NONE',  ( -1.864999999999999325, 0.6614108798023734526, -2.500000000000001332 ) ) ;
#5020 = LINE ( 'NONE', #6803, #10813 ) ;
#5021 = DIRECTION ( 'NONE',  ( 0.000000000000000000, 1.000000000000000000, 0.000000000000000000 ) ) ;
#5022 = EDGE_CURVE ( 'NONE', #7844, #9171, #3084, .T. ) ;
#5023 = EDGE_LOOP ( 'NONE', ( #3762, #1117, #1896, #2284 ) ) ;
#5024 = CARTESIAN_POINT ( 'NONE',  ( -0.3649999999999992140, 0.2000000000000000111, 2.500000000000001332 ) ) ;
#5025 = ORIENTED_EDGE ( 'NONE', *, *, #8729, .T. ) ;
#5026 = SURFACE_STYLE_USAGE ( .BOTH. , #6814 ) ;
#5027 = VERTEX_POINT ( 'NONE', #1365 ) ;
#5028 = AXIS2_PLACEMENT_3D ( 'NONE', #5449, #9665, #7222 ) ;
#5029 = DIRECTION ( 'NONE',  ( 0.000000000000000000, 0.000000000000000000, -1.000000000000000000 ) ) ;
#5030 = CIRCLE ( 'NONE', #2579, 0.1150000000000000883 ) ;
#5031 = DIRECTION ( 'NONE',  ( 0.000000000000000000, 0.000000000000000000, -1.000000000000000000 ) ) ;
#5032 = EDGE_CURVE ( 'NONE', #2157, #2604, #1484, .T. ) ;
#5033 = CARTESIAN_POINT ( 'NONE',  ( -1.634999999999999343, 0.6614108798023734526, 2.215000000000001190 ) ) ;
#5034 = LINE ( 'NONE', #4206, #10618 ) ;
#5035 = DIRECTION ( 'NONE',  ( 1.000000000000000000, 0.000000000000000000, -7.608436298143888101E-16 ) ) ;
#5036 = EDGE_LOOP ( 'NONE', ( #1737, #8508, #8012, #467 ) ) ;
#5037 = ORIENTED_EDGE ( 'NONE', *, *, #8106, .F. ) ;
#5038 = EDGE_CURVE ( 'NONE', #5495, #208, #2158, .T. ) ;
#5039 = ADVANCED_FACE ( 'NONE', ( #9780 ), #8108, .T. ) ;
#5040 = AXIS2_PLACEMENT_3D ( 'NONE', #8758, #5503, #1310 ) ;
#5041 = ORIENTED_EDGE ( 'NONE', *, *, #9964, .F. ) ;
#5042 = PLANE ( 'NONE',  #4136 ) ;
#5043 = ORIENTED_EDGE ( 'NONE', *, *, #8050, .T. ) ;
#5044 = LINE ( 'NONE', #2583, #4108 ) ;
#5045 = CARTESIAN_POINT ( 'NONE',  ( -2.215000000000000746, 0.000000000000000000, -1.749999999999999778 ) ) ;
#5046 = ADVANCED_FACE ( 'NONE', ( #5514 ), #4904, .T. ) ;
#5047 = DIRECTION ( 'NONE',  ( -7.608436298143888101E-16, 0.000000000000000000, 1.000000000000000000 ) ) ;
#5048 = DIRECTION ( 'NONE',  ( -0.000000000000000000, -1.000000000000000000, -0.000000000000000000 ) ) ;
#5049 = ADVANCED_FACE ( 'NONE', ( #4033 ), #7289, .F. ) ;
#5050 = CARTESIAN_POINT ( 'NONE',  ( -1.249999999999999334, 0.04999999999999999584, -2.215000000000001190 ) ) ;
#5051 = ORIENTED_EDGE ( 'NONE', *, *, #5837, .F. ) ;
#5052 = VECTOR ( 'NONE', #9315, 1000.000000000000000 ) ;
#5053 = PLANE ( 'NONE',  #5144 ) ;
#5054 = DIRECTION ( 'NONE',  ( 0.000000000000000000, -1.000000000000000000, 0.000000000000000000 ) ) ;
#5055 = FACE_OUTER_BOUND ( 'NONE', #8342, .T. ) ;
#5056 = FACE_OUTER_BOUND ( 'NONE', #6036, .T. ) ;
#5057 = CARTESIAN_POINT ( 'NONE',  ( -0.6349999999999992317, 0.6614108798023734526, -2.215000000000001190 ) ) ;
#5058 = DIRECTION ( 'NONE',  ( -1.000000000000000000, 0.000000000000000000, 7.608436298143875282E-16 ) ) ;
#5059 = CARTESIAN_POINT ( 'NONE',  ( -0.1349999999999992595, 0.2000000000000000111, -2.500000000000001332 ) ) ;
#5060 = ORIENTED_EDGE ( 'NONE', *, *, #10314, .T. ) ;
#5061 = AXIS2_PLACEMENT_3D ( 'NONE', #148, #35, #5894 ) ;
#5062 = EDGE_CURVE ( 'NONE', #8649, #1852, #2212, .T. ) ;
#5063 = ORIENTED_EDGE ( 'NONE', *, *, #10578, .T. ) ;
#5064 = CARTESIAN_POINT ( 'NONE',  ( -2.500000000000002220, 0.000000000000000000, 0.6349999999999998979 ) ) ;
#5065 = ORIENTED_EDGE ( 'NONE', *, *, #2807, .F. ) ;
#5066 = ORIENTED_EDGE ( 'NONE', *, *, #2653, .F. ) ;
#5067 = DIRECTION ( 'NONE',  ( -1.000000000000000000, 0.000000000000000000, 0.000000000000000000 ) ) ;
#5068 = VECTOR ( 'NONE', #7212, 1000.000000000000000 ) ;
#5069 = LINE ( 'NONE', #7776, #2222 ) ;
#5070 = VERTEX_POINT ( 'NONE', #3256 ) ;
#5071 = CARTESIAN_POINT ( 'NONE',  ( -0.6349999999999992317, 0.2000000000000000111, -2.215000000000001190 ) ) ;
#5072 = DIRECTION ( 'NONE',  ( 0.000000000000000000, 1.000000000000000000, 0.000000000000000000 ) ) ;
#5073 = DIRECTION ( 'NONE',  ( 1.521687259628770718E-15, -0.000000000000000000, 1.000000000000000000 ) ) ;
#5074 = DIRECTION ( 'NONE',  ( 0.000000000000000000, -1.000000000000000000, 0.000000000000000000 ) ) ;
#5075 = ADVANCED_FACE ( 'NONE', ( #6795 ), #6007, .F. ) ;
#5076 = ORIENTED_EDGE ( 'NONE', *, *, #3612, .T. ) ;
#5077 = DIRECTION ( 'NONE',  ( 0.000000000000000000, 0.000000000000000000, -1.000000000000000000 ) ) ;
#5078 = VERTEX_POINT ( 'NONE', #863 ) ;
#5079 = FACE_OUTER_BOUND ( 'NONE', #8920, .T. ) ;
#5080 = ORIENTED_EDGE ( 'NONE', *, *, #9901, .F. ) ;
#5081 = CARTESIAN_POINT ( 'NONE',  ( -0.2499999999999991396, 0.04999999999999999584, 2.215000000000001190 ) ) ;
#5082 = CARTESIAN_POINT ( 'NONE',  ( -0.6349999999999992317, 0.6614108798023734526, -2.215000000000001190 ) ) ;
#5083 = CARTESIAN_POINT ( 'NONE',  ( 1.365000000000000657, 0.6614108798023734526, -2.215000000000001190 ) ) ;
#5084 = DIRECTION ( 'NONE',  ( 1.000000000000000000, -0.000000000000000000, 7.608436298143876268E-16 ) ) ;
#5085 = LINE ( 'NONE', #10065, #7798 ) ;
#5086 = ORIENTED_EDGE ( 'NONE', *, *, #957, .T. ) ;
#5087 = EDGE_CURVE ( 'NONE', #3302, #9012, #10892, .T. ) ;
#5088 = CLOSED_SHELL ( 'NONE', ( #8139, #812, #2706, #6597, #175, #8961, #7851 ) ) ;
#5089 = ORIENTED_EDGE ( 'NONE', *, *, #5624, .F. ) ;
#5090 = CARTESIAN_POINT ( 'NONE',  ( 1.865000000000000879, 0.1999999999999999833, -2.500000000000001332 ) ) ;
#5091 = VERTEX_POINT ( 'NONE', #8327 ) ;
#5092 = ADVANCED_FACE ( 'NONE', ( #4144 ), #6729, .F. ) ;
#5093 = DIRECTION ( 'NONE',  ( -1.000000000000000000, 0.000000000000000000, 8.673617379884035472E-17 ) ) ;
#5094 = DIRECTION ( 'NONE',  ( 0.000000000000000000, 1.000000000000000000, 0.000000000000000000 ) ) ;
#5095 = LINE ( 'NONE', #845, #7141 ) ;
#5096 = DIRECTION ( 'NONE',  ( 0.000000000000000000, -0.000000000000000000, -1.000000000000000000 ) ) ;
#5097 = CARTESIAN_POINT ( 'NONE',  ( -1.749999999999999112, 0.2000000000000000111, 2.215000000000001190 ) ) ;
#5098 = EDGE_LOOP ( 'NONE', ( #3172, #1367, #6088, #8220 ) ) ;
#5099 = EDGE_CURVE ( 'NONE', #1155, #5356, #4298, .T. ) ;
#5100 = EDGE_LOOP ( 'NONE', ( #5288, #9508, #8822, #6027 ) ) ;
#5101 = CARTESIAN_POINT ( 'NONE',  ( 1.750000000000000888, 0.1999999999999999833, 2.215000000000001190 ) ) ;
#5102 = LINE ( 'NONE', #6117, #3227 ) ;
#5103 = UNCERTAINTY_MEASURE_WITH_UNIT (LENGTH_MEASURE( 1.000000000000000082E-05 ), #1321, 'distance_accuracy_value', 'NONE');
#5104 = LINE ( 'NONE', #6842, #8418 ) ;
#5105 = STYLED_ITEM ( 'NONE', ( #4025 ), #2363 ) ;
#5106 = SURFACE_SIDE_STYLE ('',( #1029 ) ) ;
#5107 = CARTESIAN_POINT ( 'NONE',  ( 2.215000000000000746, 0.1999999999999999833, 0.3650000000000007683 ) ) ;
#5108 = SURFACE_SIDE_STYLE ('',( #4292 ) ) ;
#5109 = CARTESIAN_POINT ( 'NONE',  ( -1.749999999999999334, 0.2000000000000000111, -2.215000000000001190 ) ) ;
#5110 = EDGE_LOOP ( 'NONE', ( #374, #9544, #8589, #8223 ) ) ;
#5111 = VECTOR ( 'NONE', #1752, 1000.000000000000000 ) ;
#5112 = ORIENTED_EDGE ( 'NONE', *, *, #4693, .T. ) ;
#5113 = EDGE_CURVE ( 'NONE', #4565, #2214, #8485, .T. ) ;
#5114 = ADVANCED_FACE ( 'NONE', ( #6628 ), #3419, .T. ) ;
#5115 = DIRECTION ( 'NONE',  ( -1.000000000000000000, 0.000000000000000000, 1.521687259628770718E-15 ) ) ;
#5116 = ORIENTED_EDGE ( 'NONE', *, *, #4222, .F. ) ;
#5117 = SURFACE_STYLE_FILL_AREA ( #767 ) ;
#5118 = CARTESIAN_POINT ( 'NONE',  ( -0.1349999999999992595, 0.1999999999999999833, 2.500000000000001332 ) ) ;
#5119 = CARTESIAN_POINT ( 'NONE',  ( 2.215000000000000746, 0.1999999999999999833, 1.134999999999998899 ) ) ;
#5120 =( NAMED_UNIT ( * ) PLANE_ANGLE_UNIT ( ) SI_UNIT ( $, .RADIAN. ) );
#5121 = LINE ( 'NONE', #8280, #9210 ) ;
#5122 = DIRECTION ( 'NONE',  ( 1.000000000000000000, 0.000000000000000000, -1.521687259628770718E-15 ) ) ;
#5123 = VECTOR ( 'NONE', #8747, 1000.000000000000000 ) ;
#5124 = DIRECTION ( 'NONE',  ( 1.000000000000000000, -0.000000000000000000, 1.521687259628770718E-15 ) ) ;
#5125 = ADVANCED_FACE ( 'NONE', ( #8387 ), #3307, .T. ) ;
#5126 = ORIENTED_EDGE ( 'NONE', *, *, #5593, .F. ) ;
#5127 = FACE_OUTER_BOUND ( 'NONE', #2600, .T. ) ;
#5128 = AXIS2_PLACEMENT_3D ( 'NONE', #6923, #3658, #10291 ) ;
#5129 = ORIENTED_EDGE ( 'NONE', *, *, #2377, .T. ) ;
#5130 = CIRCLE ( 'NONE', #9197, 0.2500000000000000000 ) ;
#5131 = CARTESIAN_POINT ( 'NONE',  ( -1.249999999999999112, 0.2000000000000000111, 2.215000000000001190 ) ) ;
#5132 = ORIENTED_EDGE ( 'NONE', *, *, #9050, .T. ) ;
#5133 = CARTESIAN_POINT ( 'NONE',  ( 2.499999999999999556, 9.071067811865477282, 2.499999999999998668 ) ) ;
#5134 = EDGE_CURVE ( 'NONE', #1075, #10060, #4093, .T. ) ;
#5135 = ORIENTED_EDGE ( 'NONE', *, *, #10211, .F. ) ;
#5136 = CARTESIAN_POINT ( 'NONE',  ( 1.135000000000000897, 0.1999999999999999833, 2.500000000000001332 ) ) ;
#5137 = CARTESIAN_POINT ( 'NONE',  ( 0.3650000000000007683, 0.2000000000000000111, -2.500000000000001332 ) ) ;
#5138 = AXIS2_PLACEMENT_3D ( 'NONE', #10258, #3003, #2701 ) ;
#5139 = CARTESIAN_POINT ( 'NONE',  ( -1.134999999999999343, 0.04999999999999969746, -2.500000000000001332 ) ) ;
#5140 = DIRECTION ( 'NONE',  ( -1.734723475976807341E-16, 0.000000000000000000, -1.000000000000000000 ) ) ;
#5141 = VECTOR ( 'NONE', #982, 1000.000000000000000 ) ;
#5142 = CARTESIAN_POINT ( 'NONE',  ( 2.215000000000000746, 0.05000000000000002359, 1.134999999999998899 ) ) ;
#5143 = VERTEX_POINT ( 'NONE', #3358 ) ;
#5144 = AXIS2_PLACEMENT_3D ( 'NONE', #4225, #6666, #9310 ) ;
#5145 = AXIS2_PLACEMENT_3D ( 'NONE', #5756, #8242, #7313 ) ;
#5146 = EDGE_CURVE ( 'NONE', #1943, #4637, #7674, .T. ) ;
#5147 = VECTOR ( 'NONE', #3317, 1000.000000000000000 ) ;
#5148 = AXIS2_PLACEMENT_3D ( 'NONE', #5823, #1572, #689 ) ;
#5149 = ORIENTED_EDGE ( 'NONE', *, *, #10117, .T. ) ;
#5150 = DIRECTION ( 'NONE',  ( 0.000000000000000000, -0.000000000000000000, 1.000000000000000000 ) ) ;
#5151 = EDGE_LOOP ( 'NONE', ( #6412, #7948, #8910, #9216 ) ) ;
#5152 = DIRECTION ( 'NONE',  ( 7.608436298143875282E-16, 0.000000000000000000, -1.000000000000000000 ) ) ;
#5153 = DIRECTION ( 'NONE',  ( 0.000000000000000000, 0.000000000000000000, -1.000000000000000000 ) ) ;
#5154 = VECTOR ( 'NONE', #9855, 1000.000000000000000 ) ;
#5155 = DIRECTION ( 'NONE',  ( 0.000000000000000000, 1.000000000000000000, -0.000000000000000000 ) ) ;
#5156 = VECTOR ( 'NONE', #3199, 1000.000000000000000 ) ;
#5157 = CYLINDRICAL_SURFACE ( 'NONE', #10078, 0.1150000000000001993 ) ;
#5158 = CIRCLE ( 'NONE', #926, 0.1150000000000000883 ) ;
#5159 = DIRECTION ( 'NONE',  ( 0.000000000000000000, 0.000000000000000000, 1.000000000000000000 ) ) ;
#5160 = ORIENTED_EDGE ( 'NONE', *, *, #5433, .F. ) ;
#5161 = EDGE_CURVE ( 'NONE', #7303, #4052, #3473, .T. ) ;
#5162 = VECTOR ( 'NONE', #5864, 1000.000000000000000 ) ;
#5163 = STYLED_ITEM ( 'NONE', ( #10122 ), #5889 ) ;
#5164 = ORIENTED_EDGE ( 'NONE', *, *, #2754, .T. ) ;
#5165 = VECTOR ( 'NONE', #9562, 1000.000000000000000 ) ;
#5166 = FACE_OUTER_BOUND ( 'NONE', #7147, .T. ) ;
#5167 = CARTESIAN_POINT ( 'NONE',  ( 1.365000000000000657, 0.04999999999999969746, 2.500000000000001332 ) ) ;
#5168 = DIRECTION ( 'NONE',  ( -0.000000000000000000, -1.000000000000000000, -0.000000000000000000 ) ) ;
#5169 = PLANE ( 'NONE',  #9422 ) ;
#5170 = LINE ( 'NONE', #3518, #8750 ) ;
#5171 = DIRECTION ( 'NONE',  ( 0.000000000000000000, -0.000000000000000000, 1.000000000000000000 ) ) ;
#5172 = ADVANCED_FACE ( 'NONE', ( #7506 ), #2489, .T. ) ;
#5173 = EDGE_CURVE ( 'NONE', #1647, #7392, #4187, .T. ) ;
#5174 = CARTESIAN_POINT ( 'NONE',  ( 2.499999999999999556, 0.2000000000000005107, 0.1349999999999992595 ) ) ;
#5175 = AXIS2_PLACEMENT_3D ( 'NONE', #3475, #3311, #7616 ) ;
#5176 = ADVANCED_FACE ( 'NONE', ( #10943 ), #1705, .T. ) ;
#5177 = VERTEX_POINT ( 'NONE', #9270 ) ;
#5178 = LINE ( 'NONE', #8544, #5141 ) ;
#5179 = CIRCLE ( 'NONE', #2903, 0.1150000000000000883 ) ;
#5180 = ORIENTED_EDGE ( 'NONE', *, *, #1012, .T. ) ;
#5181 = CARTESIAN_POINT ( 'NONE',  ( 2.215000000000000746, 0.6614108798023753399, -1.250000000000000888 ) ) ;
#5182 = LINE ( 'NONE', #6077, #1868 ) ;
#5183 = CARTESIAN_POINT ( 'NONE',  ( -2.215000000000000746, 0.000000000000000000, -1.864999999999999991 ) ) ;
#5184 = SURFACE_STYLE_FILL_AREA ( #1824 ) ;
#5185 = DIRECTION ( 'NONE',  ( 1.000000000000000000, 0.000000000000000000, 1.521687259628770718E-15 ) ) ;
#5186 = LINE ( 'NONE', #2498, #6931 ) ;
#5187 = VECTOR ( 'NONE', #1626, 1000.000000000000000 ) ;
#5188 = DIRECTION ( 'NONE',  ( 0.000000000000000000, 0.000000000000000000, -1.000000000000000000 ) ) ;
#5189 = EDGE_CURVE ( 'NONE', #8449, #9724, #5178, .T. ) ;
#5190 = EDGE_LOOP ( 'NONE', ( #3984, #10502, #8763, #5558, #303, #2899, #8995, #10556, #7015, #10403 ) ) ;
#5191 = CARTESIAN_POINT ( 'NONE',  ( 0.8650000000000007683, 0.1999999999999999833, 2.215000000000001190 ) ) ;
#5192 = ORIENTED_EDGE ( 'NONE', *, *, #2960, .F. ) ;
#5193 = CARTESIAN_POINT ( 'NONE',  ( 2.499999999999999556, 0.05000000000000000278, -2.500000000000001332 ) ) ;
#5194 = ORIENTED_EDGE ( 'NONE', *, *, #1879, .T. ) ;
#5195 = FILL_AREA_STYLE_COLOUR ( '', #3776 ) ;
#5196 = VERTEX_POINT ( 'NONE', #7725 ) ;
#5197 = DIRECTION ( 'NONE',  ( 0.000000000000000000, 0.000000000000000000, -1.000000000000000000 ) ) ;
#5198 = DIRECTION ( 'NONE',  ( 1.000000000000000000, -0.000000000000000000, -1.734723475976807094E-16 ) ) ;
#5199 = DIRECTION ( 'NONE',  ( -0.000000000000000000, -1.000000000000000000, -0.000000000000000000 ) ) ;
#5200 = LINE ( 'NONE', #3712, #2529 ) ;
#5201 = CYLINDRICAL_SURFACE ( 'NONE', #731, 0.1150000000000001993 ) ;
#5202 = ORIENTED_EDGE ( 'NONE', *, *, #8648, .F. ) ;
#5203 = EDGE_CURVE ( 'NONE', #8947, #1585, #207, .T. ) ;
#5204 = VECTOR ( 'NONE', #1671, 1000.000000000000000 ) ;
#5205 = EDGE_LOOP ( 'NONE', ( #6867, #9828, #9535, #6128 ) ) ;
#5206 = PLANE ( 'NONE',  #8008 ) ;
#5207 = ORIENTED_EDGE ( 'NONE', *, *, #9706, .F. ) ;
#5208 = PLANE ( 'NONE',  #8862 ) ;
#5209 = CARTESIAN_POINT ( 'NONE',  ( -2.215000000000000746, 0.6614108798023753399, -1.634999999999999343 ) ) ;
#5210 = CARTESIAN_POINT ( 'NONE',  ( 0.8650000000000009903, 0.000000000000000000, 2.215000000000001190 ) ) ;
#5211 = FACE_OUTER_BOUND ( 'NONE', #330, .T. ) ;
#5212 = CARTESIAN_POINT ( 'NONE',  ( -0.1349999999999992595, 0.2000000000000000111, 2.500000000000001332 ) ) ;
#5213 = VECTOR ( 'NONE', #8924, 1000.000000000000000 ) ;
#5214 = VERTEX_POINT ( 'NONE', #9156 ) ;
#5215 = AXIS2_PLACEMENT_3D ( 'NONE', #6978, #10346, #6148 ) ;
#5216 = EDGE_LOOP ( 'NONE', ( #2174, #2159 ) ) ;
#5217 = CARTESIAN_POINT ( 'NONE',  ( -2.215000000000000746, 0.000000000000000000, 1.865000000000000879 ) ) ;
#5218 = CARTESIAN_POINT ( 'NONE',  ( 2.500000000000001332, 0.1999999999999999833, 0.3650000000000005462 ) ) ;
#5219 = UNCERTAINTY_MEASURE_WITH_UNIT (LENGTH_MEASURE( 1.000000000000000082E-05 ), #8336, 'distance_accuracy_value', 'NONE');
#5220 = LINE ( 'NONE', #5387, #6838 ) ;
#5221 = EDGE_CURVE ( 'NONE', #1034, #9464, #559, .T. ) ;
#5222 = DIRECTION ( 'NONE',  ( 0.000000000000000000, 1.000000000000000000, 0.000000000000000000 ) ) ;
#5223 = DIRECTION ( 'NONE',  ( 7.608436298143888101E-16, 0.000000000000000000, -1.000000000000000000 ) ) ;
#5224 = CYLINDRICAL_SURFACE ( 'NONE', #6910, 0.1150000000000000883 ) ;
#5225 = ORIENTED_EDGE ( 'NONE', *, *, #7379, .T. ) ;
#5226 = CIRCLE ( 'NONE', #4774, 0.1150000000000000883 ) ;
#5227 = EDGE_CURVE ( 'NONE', #3064, #8970, #3007, .T. ) ;
#5228 = DIRECTION ( 'NONE',  ( 1.000000000000000000, 0.000000000000000000, 1.521687259628770718E-15 ) ) ;
#5229 = ORIENTED_EDGE ( 'NONE', *, *, #5322, .F. ) ;
#5230 = EDGE_CURVE ( 'NONE', #4814, #1120, #468, .T. ) ;
#5231 =( NAMED_UNIT ( * ) PLANE_ANGLE_UNIT ( ) SI_UNIT ( $, .RADIAN. ) );
#5232 = PLANE ( 'NONE',  #7692 ) ;
#5233 = EDGE_CURVE ( 'NONE', #8876, #10070, #1090, .T. ) ;
#5234 = FACE_OUTER_BOUND ( 'NONE', #3241, .T. ) ;
#5235 = DIRECTION ( 'NONE',  ( -1.521687259628770718E-15, 0.000000000000000000, 1.000000000000000000 ) ) ;
#5236 = DIRECTION ( 'NONE',  ( -0.000000000000000000, -1.000000000000000000, -0.000000000000000000 ) ) ;
#5237 = VECTOR ( 'NONE', #591, 1000.000000000000000 ) ;
#5238 = EDGE_LOOP ( 'NONE', ( #10337, #6270, #6468, #3771 ) ) ;
#5239 = DIRECTION ( 'NONE',  ( -1.000000000000000000, 0.000000000000000000, 1.521687259628770718E-15 ) ) ;
#5240 = DIRECTION ( 'NONE',  ( 0.000000000000000000, -1.000000000000000000, 0.000000000000000000 ) ) ;
#5241 = VERTEX_POINT ( 'NONE', #516 ) ;
#5242 = EDGE_CURVE ( 'NONE', #1535, #8382, #3848, .T. ) ;
#5243 = VERTEX_POINT ( 'NONE', #3065 ) ;
#5244 = VECTOR ( 'NONE', #5303, 1000.000000000000000 ) ;
#5245 = CARTESIAN_POINT ( 'NONE',  ( -1.134999999999999343, 0.2000000000000000111, -2.500000000000001332 ) ) ;
#5246 = ORIENTED_EDGE ( 'NONE', *, *, #1660, .F. ) ;
#5247 = ORIENTED_EDGE ( 'NONE', *, *, #8050, .F. ) ;
#5248 = CARTESIAN_POINT ( 'NONE',  ( 1.865000000000000879, 0.2000000000000000111, 2.215000000000001190 ) ) ;
#5249 = ADVANCED_FACE ( 'NONE', ( #8911 ), #2708, .T. ) ;
#5250 = EDGE_LOOP ( 'NONE', ( #4957, #1104, #1678, #9512 ) ) ;
#5251 = CARTESIAN_POINT ( 'NONE',  ( 1.865000000000000879, 0.6614108798023734526, -2.215000000000001190 ) ) ;
#5252 = ORIENTED_EDGE ( 'NONE', *, *, #10018, .F. ) ;
#5253 = FACE_OUTER_BOUND ( 'NONE', #10390, .T. ) ;
#5254 = CARTESIAN_POINT ( 'NONE',  ( 2.215000000000000746, 0.6614108798023753399, -1.634999999999999343 ) ) ;
#5255 = EDGE_CURVE ( 'NONE', #10712, #3646, #4763, .T. ) ;
#5256 = CARTESIAN_POINT ( 'NONE',  ( -2.215000000000000746, 0.05000000000000002359, 1.365000000000000657 ) ) ;
#5257 = DIRECTION ( 'NONE',  ( 0.000000000000000000, 1.000000000000000000, -0.000000000000000000 ) ) ;
#5258 = LINE ( 'NONE', #1006, #1796 ) ;
#5259 = ORIENTED_EDGE ( 'NONE', *, *, #1746, .T. ) ;
#5260 = EDGE_CURVE ( 'NONE', #6020, #1891, #1981, .T. ) ;
#5261 = ORIENTED_EDGE ( 'NONE', *, *, #7979, .F. ) ;
#5262 = LINE ( 'NONE', #85, #3787 ) ;
#5263 = ADVANCED_FACE ( 'NONE', ( #10483 ), #10533, .T. ) ;
#5264 = ADVANCED_FACE ( 'NONE', ( #9753 ), #2130, .T. ) ;
#5265 = VERTEX_POINT ( 'NONE', #5484 ) ;
#5266 = CARTESIAN_POINT ( 'NONE',  ( -2.500000000000002220, 0.6614108798023753399, 1.135000000000000009 ) ) ;
#5267 = CARTESIAN_POINT ( 'NONE',  ( -1.800000000000001155, 0.9000000000000000222, -2.050000000000000711 ) ) ;
#5268 = DIRECTION ( 'NONE',  ( 0.000000000000000000, 0.000000000000000000, 1.000000000000000000 ) ) ;
#5269 = LINE ( 'NONE', #6218, #6740 ) ;
#5270 = CARTESIAN_POINT ( 'NONE',  ( 1.250000000000000888, 0.04999999999999999584, 2.215000000000001190 ) ) ;
#5271 = CARTESIAN_POINT ( 'NONE',  ( 2.499999999999999556, 0.2000000000000005107, -1.865000000000001101 ) ) ;
#5272 = CLOSED_SHELL ( 'NONE', ( #3160, #8244, #7875, #5967, #6771, #10368 ) ) ;
#5273 = EDGE_CURVE ( 'NONE', #503, #2919, #8854, .T. ) ;
#5274 = EDGE_LOOP ( 'NONE', ( #4603, #6272, #8830, #3818 ) ) ;
#5275 = CARTESIAN_POINT ( 'NONE',  ( -1.364999999999999547, 0.000000000000000000, -2.215000000000001190 ) ) ;
#5276 = DIRECTION ( 'NONE',  ( 0.000000000000000000, 1.000000000000000000, 0.000000000000000000 ) ) ;
#5277 = PLANE ( 'NONE',  #8580 ) ;
#5278 = EDGE_CURVE ( 'NONE', #3565, #7751, #4663, .T. ) ;
#5279 = CARTESIAN_POINT ( 'NONE',  ( -2.215000000000000746, 0.1999999999999999833, 1.750000000000000222 ) ) ;
#5280 = CARTESIAN_POINT ( 'NONE',  ( -1.864999999999999325, 0.2000000000000000111, 2.500000000000001332 ) ) ;
#5281 = ORIENTED_EDGE ( 'NONE', *, *, #10646, .F. ) ;
#5282 = CARTESIAN_POINT ( 'NONE',  ( -1.800000000000001155, 1.000000000000000000, -1.800000000000000711 ) ) ;
#5283 = DIRECTION ( 'NONE',  ( 0.000000000000000000, 0.000000000000000000, -1.000000000000000000 ) ) ;
#5284 = FACE_OUTER_BOUND ( 'NONE', #8252, .T. ) ;
#5285 = DIRECTION ( 'NONE',  ( 1.000000000000000000, 0.000000000000000000, 1.521687259628770718E-15 ) ) ;
#5286 = SURFACE_STYLE_FILL_AREA ( #3529 ) ;
#5287 = DIRECTION ( 'NONE',  ( 0.000000000000000000, 0.000000000000000000, 1.000000000000000000 ) ) ;
#5288 = ORIENTED_EDGE ( 'NONE', *, *, #2128, .T. ) ;
#5289 = CARTESIAN_POINT ( 'NONE',  ( 2.215000000000000746, 0.000000000000000000, 1.249999999999999112 ) ) ;
#5290 = EDGE_CURVE ( 'NONE', #7357, #1861, #2193, .T. ) ;
#5291 = EDGE_LOOP ( 'NONE', ( #9104, #8953, #8125, #9153 ) ) ;
#5292 = DIRECTION ( 'NONE',  ( -0.000000000000000000, -1.000000000000000000, 0.000000000000000000 ) ) ;
#5293 = AXIS2_PLACEMENT_3D ( 'NONE', #4848, #5665, #5505 ) ;
#5294 = ADVANCED_FACE ( 'NONE', ( #6437 ), #8089, .F. ) ;
#5295 = ORIENTED_EDGE ( 'NONE', *, *, #699, .F. ) ;
#5296 = CARTESIAN_POINT ( 'NONE',  ( -0.2499999999999993616, 0.000000000000000000, -2.215000000000001190 ) ) ;
#5297 = VERTEX_POINT ( 'NONE', #9808 ) ;
#5298 = DIRECTION ( 'NONE',  ( 0.000000000000000000, -0.000000000000000000, -1.000000000000000000 ) ) ;
#5299 = ORIENTED_EDGE ( 'NONE', *, *, #4359, .F. ) ;
#5300 = PRESENTATION_STYLE_ASSIGNMENT (( #7071 ) ) ;
#5301 = VECTOR ( 'NONE', #3395, 1000.000000000000000 ) ;
#5302 = ORIENTED_EDGE ( 'NONE', *, *, #4178, .T. ) ;
#5303 = DIRECTION ( 'NONE',  ( 0.000000000000000000, -1.000000000000000000, 0.000000000000000000 ) ) ;
#5304 = CARTESIAN_POINT ( 'NONE',  ( -0.3650000000000011013, 0.05000000000000000278, -2.777079248822527568E-16 ) ) ;
#5305 = LINE ( 'NONE', #6201, #9910 ) ;
#5306 = DIRECTION ( 'NONE',  ( -0.000000000000000000, -1.000000000000000000, -0.000000000000000000 ) ) ;
#5307 = FACE_OUTER_BOUND ( 'NONE', #8259, .T. ) ;
#5308 = ADVANCED_FACE ( 'NONE', ( #7773 ), #1036, .F. ) ;
#5309 = ADVANCED_FACE ( 'NONE', ( #4395 ), #7104, .T. ) ;
#5310 = ORIENTED_EDGE ( 'NONE', *, *, #9433, .T. ) ;
#5311 = VECTOR ( 'NONE', #4260, 1000.000000000000000 ) ;
#5312 = VECTOR ( 'NONE', #9531, 1000.000000000000000 ) ;
#5313 = ORIENTED_EDGE ( 'NONE', *, *, #1964, .F. ) ;
#5314 = CARTESIAN_POINT ( 'NONE',  ( 1.635000000000000231, 0.1999999999999996503, -1.749999999999998446 ) ) ;
#5315 = ORIENTED_EDGE ( 'NONE', *, *, #8959, .F. ) ;
#5316 = DIRECTION ( 'NONE',  ( 1.000000000000000000, 0.000000000000000000, 1.521687259628770718E-15 ) ) ;
#5317 = CARTESIAN_POINT ( 'NONE',  ( -2.215000000000000746, 0.6614108798023753399, 0.3650000000000007683 ) ) ;
#5318 = CARTESIAN_POINT ( 'NONE',  ( 0.3650000000000007683, 0.6614108798023734526, 2.215000000000001190 ) ) ;
#5319 = CARTESIAN_POINT ( 'NONE',  ( -0.7499999999999991118, 0.000000000000000000, 2.215000000000001190 ) ) ;
#5320 = CARTESIAN_POINT ( 'NONE',  ( -1.634999999999999343, 0.2000000000000000111, -2.215000000000001190 ) ) ;
#5321 = CARTESIAN_POINT ( 'NONE',  ( 2.500000000000002220, 0.6614108798023753399, 1.635000000000000009 ) ) ;
#5322 = EDGE_CURVE ( 'NONE', #2061, #5803, #7317, .T. ) ;
#5323 = VECTOR ( 'NONE', #9636, 1000.000000000000000 ) ;
#5324 = EDGE_CURVE ( 'NONE', #6249, #10760, #1566, .T. ) ;
#5325 = AXIS2_PLACEMENT_3D ( 'NONE', #9215, #4348, #5839 ) ;
#5326 = VERTEX_POINT ( 'NONE', #681 ) ;
#5327 = VECTOR ( 'NONE', #1918, 1000.000000000000000 ) ;
#5328 = CIRCLE ( 'NONE', #1627, 0.2219545058705515161 ) ;
#5329 = DIRECTION ( 'NONE',  ( -0.000000000000000000, -1.000000000000000000, 0.000000000000000000 ) ) ;
#5330 = LINE ( 'NONE', #2085, #8636 ) ;
#5331 = DIRECTION ( 'NONE',  ( 1.000000000000000000, 0.000000000000000000, -7.608436298143888101E-16 ) ) ;
#5332 = AXIS2_PLACEMENT_3D ( 'NONE', #1763, #5073, #5122 ) ;
#5333 = AXIS2_PLACEMENT_3D ( 'NONE', #192, #2909, #2794 ) ;
#5334 = CARTESIAN_POINT ( 'NONE',  ( 1.635000000000000897, 0.04999999999999969746, 2.500000000000001332 ) ) ;
#5335 = CARTESIAN_POINT ( 'NONE',  ( 4.831357049321342783E-16, 0.05000000000000000278, -0.6349999999999975664 ) ) ;
#5336 = AXIS2_PLACEMENT_3D ( 'NONE', #3271, #7522, #5029 ) ;
#5337 = COLOUR_RGB ( '',0.7921568627450980005, 0.8196078431372548767, 0.9333333333333333481 ) ;
#5338 = VECTOR ( 'NONE', #9552, 1000.000000000000000 ) ;
#5339 = ORIENTED_EDGE ( 'NONE', *, *, #8829, .T. ) ;
#5340 = EDGE_CURVE ( 'NONE', #774, #8780, #2339, .T. ) ;
#5341 = CARTESIAN_POINT ( 'NONE',  ( 0.7500000000000008882, 0.000000000000000000, 2.100000000000000977 ) ) ;
#5342 =( GEOMETRIC_REPRESENTATION_CONTEXT ( 3 ) GLOBAL_UNCERTAINTY_ASSIGNED_CONTEXT ( ( #7436 ) ) GLOBAL_UNIT_ASSIGNED_CONTEXT ( ( #6461, #10724, #10510 ) ) REPRESENTATION_CONTEXT ( 'NONE', 'WORKASPACE' ) );
#5343 = CARTESIAN_POINT ( 'NONE',  ( -0.1349999999999992595, 0.6614108798023734526, -2.500000000000001332 ) ) ;
#5344 = CARTESIAN_POINT ( 'NONE',  ( 2.215000000000000746, 0.6614108798023753399, 1.249999999999999112 ) ) ;
#5345 = AXIS2_PLACEMENT_3D ( 'NONE', #816, #8331, #10163 ) ;
#5346 = CARTESIAN_POINT ( 'NONE',  ( -2.500000000000001332, 0.000000000000000000, 0.3650000000000005462 ) ) ;
#5347 = CARTESIAN_POINT ( 'NONE',  ( -0.8649999999999992140, 0.2000000000000000111, 2.500000000000001332 ) ) ;
#5348 = DIRECTION ( 'NONE',  ( 1.000000000000000000, -0.000000000000000000, 1.521687259628770718E-15 ) ) ;
#5349 = DIRECTION ( 'NONE',  ( 1.000000000000000000, -0.000000000000000000, 7.608436298143876268E-16 ) ) ;
#5350 = ORIENTED_EDGE ( 'NONE', *, *, #3438, .F. ) ;
#5351 = CARTESIAN_POINT ( 'NONE',  ( 0.3650000000000009348, 0.000000000000000000, 2.215000000000001190 ) ) ;
#5352 = EDGE_LOOP ( 'NONE', ( #5302, #1574, #10945, #2486, #4385, #8049, #4984, #1218, #2181, #8182, #8901, #133, #10034, #554, #10704, #5569, #1556, #7480, #251, #8447, #7789, #3957, #4860, #7465, #8554, #4349, #8164, #1354, #3838, #6913, #5841, #9777, #3046, #7712, #2330, #8165 ) ) ;
#5353 = CIRCLE ( 'NONE', #7834, 0.1150000000000001993 ) ;
#5354 = VERTEX_POINT ( 'NONE', #9132 ) ;
#5355 = DIRECTION ( 'NONE',  ( 0.000000000000000000, 0.000000000000000000, 1.000000000000000000 ) ) ;
#5356 = VERTEX_POINT ( 'NONE', #10026 ) ;
#5357 = CYLINDRICAL_SURFACE ( 'NONE', #9407, 0.1150000000000002964 ) ;
#5358 = LINE ( 'NONE', #8067, #9686 ) ;
#5359 = PRESENTATION_STYLE_ASSIGNMENT (( #1840 ) ) ;
#5360 = VERTEX_POINT ( 'NONE', #8297 ) ;
#5361 = FACE_OUTER_BOUND ( 'NONE', #5460, .T. ) ;
#5362 = CARTESIAN_POINT ( 'NONE',  ( -0.3649999999999994360, 0.2000000000000000111, 2.215000000000001190 ) ) ;
#5363 =( GEOMETRIC_REPRESENTATION_CONTEXT ( 3 ) GLOBAL_UNCERTAINTY_ASSIGNED_CONTEXT ( ( #9200 ) ) GLOBAL_UNIT_ASSIGNED_CONTEXT ( ( #2698, #9054, #4859 ) ) REPRESENTATION_CONTEXT ( 'NONE', 'WORKASPACE' ) );
#5364 = DIRECTION ( 'NONE',  ( 0.000000000000000000, -1.000000000000000000, 0.000000000000000000 ) ) ;
#5365 = EDGE_CURVE ( 'NONE', #2823, #1434, #5353, .T. ) ;
#5366 = PLANE ( 'NONE',  #7625 ) ;
#5367 = CARTESIAN_POINT ( 'NONE',  ( 1.865000000000000879, 0.6614108798023734526, -2.500000000000001332 ) ) ;
#5368 = VERTEX_POINT ( 'NONE', #575 ) ;
#5369 = ORIENTED_EDGE ( 'NONE', *, *, #3173, .T. ) ;
#5370 = ADVANCED_FACE ( 'NONE', ( #7485 ), #10749, .F. ) ;
#5371 = ORIENTED_EDGE ( 'NONE', *, *, #10486, .T. ) ;
#5372 = EDGE_CURVE ( 'NONE', #2617, #2473, #2523, .T. ) ;
#5373 = FACE_OUTER_BOUND ( 'NONE', #10025, .T. ) ;
#5374 = ORIENTED_EDGE ( 'NONE', *, *, #8695, .F. ) ;
#5375 = DIRECTION ( 'NONE',  ( -0.000000000000000000, -1.000000000000000000, -0.000000000000000000 ) ) ;
#5376 = FACE_OUTER_BOUND ( 'NONE', #6084, .T. ) ;
#5377 = DIRECTION ( 'NONE',  ( -0.000000000000000000, -0.000000000000000000, -1.000000000000000000 ) ) ;
#5378 = FACE_OUTER_BOUND ( 'NONE', #1420, .T. ) ;
#5379 = EDGE_CURVE ( 'NONE', #760, #1065, #955, .T. ) ;
#5380 = CARTESIAN_POINT ( 'NONE',  ( -1.134999999999999343, 0.6614108798023734526, 2.500000000000001332 ) ) ;
#5381 = PLANE ( 'NONE',  #5333 ) ;
#5382 = VECTOR ( 'NONE', #8510, 1000.000000000000000 ) ;
#5383 = ORIENTED_EDGE ( 'NONE', *, *, #8597, .T. ) ;
#5384 = EDGE_CURVE ( 'NONE', #7894, #2648, #3230, .T. ) ;
#5385 = CARTESIAN_POINT ( 'NONE',  ( 0.8650000000000007683, 0.6614108798023734526, -2.215000000000001190 ) ) ;
#5386 = LINE ( 'NONE', #4606, #6907 ) ;
#5387 = CARTESIAN_POINT ( 'NONE',  ( -2.500000000000002220, 0.1999999999999999833, -0.3650000000000001021 ) ) ;
#5388 = EDGE_CURVE ( 'NONE', #5356, #9196, #3610, .T. ) ;
#5389 = FILL_AREA_STYLE_COLOUR ( '', #76 ) ;
#5390 = LINE ( 'NONE', #7881, #3376 ) ;
#5391 = COLOUR_RGB ( '',0.7921568627450980005, 0.8196078431372548767, 0.9333333333333333481 ) ;
#5392 = DIRECTION ( 'NONE',  ( -0.000000000000000000, -1.000000000000000000, -0.000000000000000000 ) ) ;
#5393 = ORIENTED_EDGE ( 'NONE', *, *, #253, .T. ) ;
#5394 = CARTESIAN_POINT ( 'NONE',  ( -2.215000000000000746, 0.6614108798023753399, -0.8649999999999998801 ) ) ;
#5395 = DIRECTION ( 'NONE',  ( 1.000000000000000000, 0.000000000000000000, -3.771137991253918417E-15 ) ) ;
#5396 = EDGE_CURVE ( 'NONE', #10662, #1907, #10920, .T. ) ;
#5397 = CARTESIAN_POINT ( 'NONE',  ( 2.500000000000002220, 0.6614108798023753399, 1.135000000000000009 ) ) ;
#5398 = PLANE ( 'NONE',  #8059 ) ;
#5399 =( NAMED_UNIT ( * ) SI_UNIT ( $, .STERADIAN. ) SOLID_ANGLE_UNIT ( ) );
#5400 = DIRECTION ( 'NONE',  ( 0.000000000000000000, -1.000000000000000000, 0.000000000000000000 ) ) ;
#5401 = DIRECTION ( 'NONE',  ( 0.000000000000000000, 0.000000000000000000, 1.000000000000000000 ) ) ;
#5402 = EDGE_CURVE ( 'NONE', #8690, #7770, #5763, .T. ) ;
#5403 = EDGE_LOOP ( 'NONE', ( #7543, #499, #6935, #4737 ) ) ;
#5404 = VECTOR ( 'NONE', #869, 1000.000000000000000 ) ;
#5405 = ORIENTED_EDGE ( 'NONE', *, *, #6166, .T. ) ;
#5406 = ORIENTED_EDGE ( 'NONE', *, *, #6808, .T. ) ;
#5407 = CARTESIAN_POINT ( 'NONE',  ( -1.634999999999999343, 0.6614108798023734526, 2.500000000000001332 ) ) ;
#5408 = EDGE_CURVE ( 'NONE', #9983, #1231, #4169, .T. ) ;
#5409 = ORIENTED_EDGE ( 'NONE', *, *, #5706, .F. ) ;
#5410 = DIRECTION ( 'NONE',  ( 0.000000000000000000, -1.000000000000000000, 0.000000000000000000 ) ) ;
#5411 = AXIS2_PLACEMENT_3D ( 'NONE', #9770, #3126, #2307 ) ;
#5412 = VERTEX_POINT ( 'NONE', #9183 ) ;
#5413 = ORIENTED_EDGE ( 'NONE', *, *, #10053, .F. ) ;
#5414 = LINE ( 'NONE', #6199, #2792 ) ;
#5415 = LINE ( 'NONE', #5304, #1511 ) ;
#5416 = FACE_OUTER_BOUND ( 'NONE', #841, .T. ) ;
#5417 = DIRECTION ( 'NONE',  ( 0.000000000000000000, 1.000000000000000000, -0.000000000000000000 ) ) ;
#5418 = EDGE_CURVE ( 'NONE', #6103, #3195, #5710, .T. ) ;
#5419 = ORIENTED_EDGE ( 'NONE', *, *, #3830, .T. ) ;
#5420 = ORIENTED_EDGE ( 'NONE', *, *, #9976, .F. ) ;
#5421 = AXIS2_PLACEMENT_3D ( 'NONE', #4886, #7375, #2965 ) ;
#5422 = VERTEX_POINT ( 'NONE', #8363 ) ;
#5423 = CARTESIAN_POINT ( 'NONE',  ( 2.500000000000001332, 0.6614108798023753399, -0.1349999999999994815 ) ) ;
#5424 = EDGE_LOOP ( 'NONE', ( #2399, #1923, #6698, #5149 ) ) ;
#5425 = CARTESIAN_POINT ( 'NONE',  ( 2.500000000000001332, 0.6614108798023753399, 1.365000000000000435 ) ) ;
#5426 = DIRECTION ( 'NONE',  ( 0.000000000000000000, 1.000000000000000000, 0.000000000000000000 ) ) ;
#5427 = CARTESIAN_POINT ( 'NONE',  ( 2.500000000000001332, 0.6614108798023753399, 0.3650000000000005462 ) ) ;
#5428 = CARTESIAN_POINT ( 'NONE',  ( 0.6350000000000005640, 0.2000000000000000111, 2.215000000000001190 ) ) ;
#5429 = VECTOR ( 'NONE', #6961, 1000.000000000000000 ) ;
#5430 = DIRECTION ( 'NONE',  ( 0.000000000000000000, 0.000000000000000000, -1.000000000000000000 ) ) ;
#5431 = CARTESIAN_POINT ( 'NONE',  ( 2.500000000000002220, 0.6614108798023753399, 1.635000000000000009 ) ) ;
#5432 = EDGE_CURVE ( 'NONE', #7067, #8328, #791, .T. ) ;
#5433 = EDGE_CURVE ( 'NONE', #2775, #9640, #8531, .T. ) ;
#5434 = VERTEX_POINT ( 'NONE', #9014 ) ;
#5435 = DIRECTION ( 'NONE',  ( 1.000000000000000000, 0.000000000000000000, -7.608436298143876268E-16 ) ) ;
#5436 = CARTESIAN_POINT ( 'NONE',  ( -0.3649999999999994360, 0.04999999999999999584, 2.215000000000001190 ) ) ;
#5437 = DIRECTION ( 'NONE',  ( -0.000000000000000000, -1.000000000000000000, -0.000000000000000000 ) ) ;
#5438 = CARTESIAN_POINT ( 'NONE',  ( 2.215000000000000746, 0.000000000000000000, -0.1349999999999992595 ) ) ;
#5439 = CARTESIAN_POINT ( 'NONE',  ( -1.749999999999999112, 0.1999999999999999833, 2.215000000000001190 ) ) ;
#5440 = DIRECTION ( 'NONE',  ( 1.000000000000000000, 0.000000000000000000, 7.608436298143888101E-16 ) ) ;
#5441 = CLOSED_SHELL ( 'NONE', ( #8025, #4974, #10352, #4955, #3804, #1687, #1764 ) ) ;
#5442 = DIRECTION ( 'NONE',  ( -1.000000000000000000, 0.000000000000000000, -7.608436298143875282E-16 ) ) ;
#5443 = EDGE_CURVE ( 'NONE', #1181, #894, #2736, .T. ) ;
#5444 = VERTEX_POINT ( 'NONE', #630 ) ;
#5445 = EDGE_CURVE ( 'NONE', #2292, #9169, #4007, .T. ) ;
#5446 = APPLICATION_CONTEXT ( 'automotive_design' ) ;
#5447 = LINE ( 'NONE', #9547, #6037 ) ;
#5448 =( LENGTH_UNIT ( ) NAMED_UNIT ( * ) SI_UNIT ( .MILLI., .METRE. ) );
#5449 = CARTESIAN_POINT ( 'NONE',  ( -1.134999999999999343, 0.2000000000000000111, -2.215000000000001190 ) ) ;
#5450 = CARTESIAN_POINT ( 'NONE',  ( -2.215000000000000746, 0.1999999999999999833, 0.8650000000000007683 ) ) ;
#5451 = DIRECTION ( 'NONE',  ( 7.608436298143888101E-16, -0.000000000000000000, 1.000000000000000000 ) ) ;
#5452 = PRESENTATION_STYLE_ASSIGNMENT (( #9873 ) ) ;
#5453 = CARTESIAN_POINT ( 'NONE',  ( 2.499999999999999556, 0.05000000000000000278, 2.499999999999998668 ) ) ;
#5454 = ORIENTED_EDGE ( 'NONE', *, *, #7379, .F. ) ;
#5455 = EDGE_CURVE ( 'NONE', #10417, #7675, #9915, .T. ) ;
#5456 = ORIENTED_EDGE ( 'NONE', *, *, #1675, .T. ) ;
#5457 = ADVANCED_FACE ( 'NONE', ( #3502 ), #5206, .T. ) ;
#5458 = ORIENTED_EDGE ( 'NONE', *, *, #838, .F. ) ;
#5459 = DIRECTION ( 'NONE',  ( 0.000000000000000000, 1.000000000000000000, 0.000000000000000000 ) ) ;
#5460 = EDGE_LOOP ( 'NONE', ( #1878, #4115, #10250, #9217 ) ) ;
#5461 = EDGE_LOOP ( 'NONE', ( #3151, #2816, #10865, #7446 ) ) ;
#5462 = ORIENTED_EDGE ( 'NONE', *, *, #1163, .T. ) ;
#5463 = CARTESIAN_POINT ( 'NONE',  ( 2.215000000000000746, 0.1999999999999999833, 0.7499999999999991118 ) ) ;
#5464 = VERTEX_POINT ( 'NONE', #6878 ) ;
#5465 = CARTESIAN_POINT ( 'NONE',  ( -0.3649999999999994360, 0.2000000000000000111, -2.215000000000001190 ) ) ;
#5466 = PLANE ( 'NONE',  #6819 ) ;
#5467 = MECHANICAL_DESIGN_GEOMETRIC_PRESENTATION_REPRESENTATION (  '', ( #9539 ), #4228 ) ;
#5468 = CARTESIAN_POINT ( 'NONE',  ( -1.864999999999999547, 0.2000000000000000111, -2.215000000000001190 ) ) ;
#5469 = CARTESIAN_POINT ( 'NONE',  ( 0.7500000000000008882, 0.6614108798023734526, 2.215000000000001190 ) ) ;
#5470 = EDGE_LOOP ( 'NONE', ( #5583, #10108, #5393, #4543 ) ) ;
#5471 = EDGE_CURVE ( 'NONE', #309, #7852, #5262, .T. ) ;
#5472 = ORIENTED_EDGE ( 'NONE', *, *, #2993, .F. ) ;
#5473 = LINE ( 'NONE', #5314, #9242 ) ;
#5474 = ORIENTED_EDGE ( 'NONE', *, *, #10168, .T. ) ;
#5475 = CARTESIAN_POINT ( 'NONE',  ( -2.215000000000000746, 0.6614108798023753399, -1.134999999999999343 ) ) ;
#5476 = DIRECTION ( 'NONE',  ( -0.000000000000000000, -1.000000000000000000, -0.000000000000000000 ) ) ;
#5477 = CARTESIAN_POINT ( 'NONE',  ( 1.635000000000000675, 0.2000000000000000111, -2.215000000000001190 ) ) ;
#5478 = CARTESIAN_POINT ( 'NONE',  ( -0.1349999999999992595, 0.6614108798023734526, 2.500000000000001332 ) ) ;
#5479 = DIRECTION ( 'NONE',  ( 0.000000000000000000, -1.000000000000000000, 0.000000000000000000 ) ) ;
#5480 = LINE ( 'NONE', #3370, #7638 ) ;
#5481 = AXIS2_PLACEMENT_3D ( 'NONE', #1460, #578, #5646 ) ;
#5482 = CIRCLE ( 'NONE', #4952, 0.1150000000000000883 ) ;
#5483 = VERTEX_POINT ( 'NONE', #8570 ) ;
#5484 = CARTESIAN_POINT ( 'NONE',  ( -2.500000000000001332, 0.1999999999999999833, -1.134999999999999565 ) ) ;
#5485 = CARTESIAN_POINT ( 'NONE',  ( -2.500000000000001332, 0.000000000000000000, 0.3650000000000005462 ) ) ;
#5486 = DIRECTION ( 'NONE',  ( 1.521687259628770718E-15, 0.000000000000000000, 1.000000000000000000 ) ) ;
#5488 = LINE ( 'NONE', #9082, #4186 ) ;
#5487 = AXIS2_PLACEMENT_3D ( 'NONE', #5279, #362, #6173 ) ;
#5489 = CIRCLE ( 'NONE', #6026, 0.1150000000000001993 ) ;
#5490 = DIRECTION ( 'NONE',  ( -7.608436298143875282E-16, 0.000000000000000000, -1.000000000000000000 ) ) ;
#5491 = VECTOR ( 'NONE', #4056, 1000.000000000000000 ) ;
#5492 = CIRCLE ( 'NONE', #9375, 0.1150000000000000883 ) ;
#5493 = FACE_OUTER_BOUND ( 'NONE', #2995, .T. ) ;
#5494 = AXIS2_PLACEMENT_3D ( 'NONE', #7219, #10762, #6447 ) ;
#5495 = VERTEX_POINT ( 'NONE', #3448 ) ;
#5496 = AXIS2_PLACEMENT_3D ( 'NONE', #8893, #2220, #8992 ) ;
#5497 = AXIS2_PLACEMENT_3D ( 'NONE', #2943, #6316, #9683 ) ;
#5498 = AXIS2_PLACEMENT_3D ( 'NONE', #1392, #10531, #4759 ) ;
#5499 = DIRECTION ( 'NONE',  ( 1.000000000000000000, 0.000000000000000000, -1.521687259628770718E-15 ) ) ;
#5500 = EDGE_CURVE ( 'NONE', #9157, #7844, #9524, .T. ) ;
#5501 = EDGE_CURVE ( 'NONE', #277, #3101, #1011, .T. ) ;
#5502 = CARTESIAN_POINT ( 'NONE',  ( 1.634999999999999787, 0.1999999999999996503, 1.750000000000001554 ) ) ;
#5503 = DIRECTION ( 'NONE',  ( 1.326241189584715283E-16, 0.000000000000000000, -1.000000000000000000 ) ) ;
#5504 = CARTESIAN_POINT ( 'NONE',  ( -1.800000000000001155, 1.000000000000000000, -1.800000000000000711 ) ) ;
#5505 = DIRECTION ( 'NONE',  ( -0.000000000000000000, 0.000000000000000000, 1.000000000000000000 ) ) ;
#5506 = VECTOR ( 'NONE', #6829, 1000.000000000000000 ) ;
#5507 = VERTEX_POINT ( 'NONE', #2630 ) ;
#5508 = LINE ( 'NONE', #1363, #6579 ) ;
#5509 = VECTOR ( 'NONE', #1884, 1000.000000000000000 ) ;
#5510 = EDGE_CURVE ( 'NONE', #7659, #8169, #4270, .T. ) ;
#5511 = CIRCLE ( 'NONE', #580, 0.1150000000000000883 ) ;
#5512 = STYLED_ITEM ( 'NONE', ( #881 ), #9489 ) ;
#5513 = ORIENTED_EDGE ( 'NONE', *, *, #10918, .F. ) ;
#5514 = FACE_OUTER_BOUND ( 'NONE', #1588, .T. ) ;
#5515 = ORIENTED_EDGE ( 'NONE', *, *, #3689, .F. ) ;
#5516 = ORIENTED_EDGE ( 'NONE', *, *, #2111, .F. ) ;
#5517 = EDGE_LOOP ( 'NONE', ( #6652, #10267, #10066, #7068, #8027 ) ) ;
#5518 =( NAMED_UNIT ( * ) SI_UNIT ( $, .STERADIAN. ) SOLID_ANGLE_UNIT ( ) );
#5519 = ORIENTED_EDGE ( 'NONE', *, *, #6662, .F. ) ;
#5520 = LINE ( 'NONE', #7236, #6319 ) ;
#5521 = FILL_AREA_STYLE_COLOUR ( '', #980 ) ;
#5522 = DIRECTION ( 'NONE',  ( 0.000000000000000000, 0.000000000000000000, -1.000000000000000000 ) ) ;
#5523 = EDGE_CURVE ( 'NONE', #5070, #1037, #7702, .T. ) ;
#5524 = CARTESIAN_POINT ( 'NONE',  ( -1.749999999999999112, 0.2000000000000000111, 2.215000000000001190 ) ) ;
#5525 = CIRCLE ( 'NONE', #416, 0.1150000000000002964 ) ;
#5526 = ORIENTED_EDGE ( 'NONE', *, *, #3075, .F. ) ;
#5527 = VECTOR ( 'NONE', #2808, 1000.000000000000000 ) ;
#5528 = ORIENTED_EDGE ( 'NONE', *, *, #5593, .T. ) ;
#5529 = CARTESIAN_POINT ( 'NONE',  ( -0.8649999999999992140, 0.000000000000000000, 2.500000000000001332 ) ) ;
#5530 = ORIENTED_EDGE ( 'NONE', *, *, #9064, .T. ) ;
#5531 = FILL_AREA_STYLE ('',( #7199 ) ) ;
#5532 = VECTOR ( 'NONE', #5816, 1000.000000000000000 ) ;
#5533 = CARTESIAN_POINT ( 'NONE',  ( -0.1349999999999990652, 0.04999999999999999584, 2.215000000000001190 ) ) ;
#5534 = CARTESIAN_POINT ( 'NONE',  ( 1.250000000000000888, 0.000000000000000000, 2.215000000000001190 ) ) ;
#5535 = CARTESIAN_POINT ( 'NONE',  ( -2.500000000000001332, 0.1999999999999999833, 1.365000000000000435 ) ) ;
#5536 = ADVANCED_FACE ( 'NONE', ( #2739 ), #5042, .F. ) ;
#5537 =( NAMED_UNIT ( * ) PLANE_ANGLE_UNIT ( ) SI_UNIT ( $, .RADIAN. ) );
#5538 = DIRECTION ( 'NONE',  ( 0.000000000000000000, 0.000000000000000000, -1.000000000000000000 ) ) ;
#5539 = EDGE_CURVE ( 'NONE', #5790, #2959, #5179, .T. ) ;
#5540 = ORIENTED_EDGE ( 'NONE', *, *, #9432, .T. ) ;
#5541 = CARTESIAN_POINT ( 'NONE',  ( -2.500000000000002220, 0.000000000000000000, -1.365000000000000213 ) ) ;
#5542 = EDGE_CURVE ( 'NONE', #4146, #10910, #892, .T. ) ;
#5543 = LINE ( 'NONE', #9754, #7103 ) ;
#5544 = CARTESIAN_POINT ( 'NONE',  ( -0.3649999999999992140, 0.000000000000000000, -2.500000000000001332 ) ) ;
#5545 = DIRECTION ( 'NONE',  ( 0.000000000000000000, 1.000000000000000000, 0.000000000000000000 ) ) ;
#5546 =( NAMED_UNIT ( * ) PLANE_ANGLE_UNIT ( ) SI_UNIT ( $, .RADIAN. ) );
#5547 = CARTESIAN_POINT ( 'NONE',  ( 1.365000000000000657, 0.1999999999999999833, 2.215000000000001190 ) ) ;
#5548 = LINE ( 'NONE', #2138, #9902 ) ;
#5549 = PRODUCT ( '32-Lead LFCSP_cp_32_11', '32-Lead LFCSP_cp_32_11', '', ( #9714 ) ) ;
#5550 = ORIENTED_EDGE ( 'NONE', *, *, #10823, .T. ) ;
#5551 = EDGE_CURVE ( 'NONE', #7246, #9077, #5932, .T. ) ;
#5552 = CARTESIAN_POINT ( 'NONE',  ( -2.215000000000000746, 0.6614108798023753399, 1.750000000000000222 ) ) ;
#5553 = AXIS2_PLACEMENT_3D ( 'NONE', #6260, #7027, #2008 ) ;
#5554 = CARTESIAN_POINT ( 'NONE',  ( -1.749999999999999112, 0.2000000000000000111, 2.215000000000001190 ) ) ;
#5555 = DIRECTION ( 'NONE',  ( 0.000000000000000000, -1.000000000000000000, 0.000000000000000000 ) ) ;
#5556 = PLANE ( 'NONE',  #821 ) ;
#5557 = LINE ( 'NONE', #4783, #9 ) ;
#5558 = ORIENTED_EDGE ( 'NONE', *, *, #2397, .T. ) ;
#5559 = CARTESIAN_POINT ( 'NONE',  ( 1.750000000000000888, 0.1999999999999999833, 2.100000000000000977 ) ) ;
#5560 = VECTOR ( 'NONE', #4518, 1000.000000000000000 ) ;
#5561 = EDGE_CURVE ( 'NONE', #7809, #5483, #183, .T. ) ;
#5562 = EDGE_CURVE ( 'NONE', #10070, #9051, #4213, .T. ) ;
#5563 = ORIENTED_EDGE ( 'NONE', *, *, #1953, .F. ) ;
#5564 = DIRECTION ( 'NONE',  ( 0.000000000000000000, 0.000000000000000000, -1.000000000000000000 ) ) ;
#5565 = EDGE_CURVE ( 'NONE', #9077, #2819, #2677, .T. ) ;
#5566 = ORIENTED_EDGE ( 'NONE', *, *, #3296, .T. ) ;
#5567 = EDGE_LOOP ( 'NONE', ( #6311, #6690, #3109, #1306 ) ) ;
#5568 = DIRECTION ( 'NONE',  ( 1.000000000000000000, 0.000000000000000000, -0.000000000000000000 ) ) ;
#5569 = ORIENTED_EDGE ( 'NONE', *, *, #9186, .T. ) ;
#5570 = DIRECTION ( 'NONE',  ( 0.000000000000000000, 1.000000000000000000, -0.000000000000000000 ) ) ;
#5571 = ORIENTED_EDGE ( 'NONE', *, *, #1212, .T. ) ;
#5572 = DIRECTION ( 'NONE',  ( -0.000000000000000000, -1.000000000000000000, -0.000000000000000000 ) ) ;
#5573 = DIRECTION ( 'NONE',  ( 1.521687259628770718E-15, 0.000000000000000000, 1.000000000000000000 ) ) ;
#5574 = CARTESIAN_POINT ( 'NONE',  ( 2.215000000000000746, 0.6614108798023753399, -0.3650000000000011569 ) ) ;
#5575 = CARTESIAN_POINT ( 'NONE',  ( 2.215000000000000746, 0.1999999999999999833, 1.749999999999999112 ) ) ;
#5576 = EDGE_LOOP ( 'NONE', ( #1914, #3668, #6356, #7417 ) ) ;
#5577 = ORIENTED_EDGE ( 'NONE', *, *, #5952, .T. ) ;
#5578 = ORIENTED_EDGE ( 'NONE', *, *, #10415, .F. ) ;
#5579 = ORIENTED_EDGE ( 'NONE', *, *, #8346, .T. ) ;
#5580 = EDGE_CURVE ( 'NONE', #4537, #1943, #9297, .T. ) ;
#5581 = EDGE_LOOP ( 'NONE', ( #3967, #10775, #1755, #915 ) ) ;
#5582 = VECTOR ( 'NONE', #697, 1000.000000000000000 ) ;
#5583 = ORIENTED_EDGE ( 'NONE', *, *, #7623, .F. ) ;
#5584 = ORIENTED_EDGE ( 'NONE', *, *, #8358, .T. ) ;
#5585 = CARTESIAN_POINT ( 'NONE',  ( -2.500000000000001332, 0.6614108798023753399, 1.365000000000000435 ) ) ;
#5586 = FACE_OUTER_BOUND ( 'NONE', #3836, .T. ) ;
#5587 = LINE ( 'NONE', #5427, #2977 ) ;
#5588 = DIRECTION ( 'NONE',  ( 0.000000000000000000, 0.000000000000000000, 1.000000000000000000 ) ) ;
#5589 = DIRECTION ( 'NONE',  ( 0.000000000000000000, -1.000000000000000000, 0.000000000000000000 ) ) ;
#5590 = CIRCLE ( 'NONE', #6656, 0.1150000000000001993 ) ;
#5591 = DIRECTION ( 'NONE',  ( 0.000000000000000000, 0.000000000000000000, -1.000000000000000000 ) ) ;
#5592 = EDGE_CURVE ( 'NONE', #2617, #4686, #252, .T. ) ;
#5593 = EDGE_CURVE ( 'NONE', #10894, #6520, #9467, .T. ) ;
#5594 = EDGE_LOOP ( 'NONE', ( #641, #4406, #1197, #2935 ) ) ;
#5595 = DIRECTION ( 'NONE',  ( -0.000000000000000000, -1.000000000000000000, 0.000000000000000000 ) ) ;
#5596 = AXIS2_PLACEMENT_3D ( 'NONE', #9952, #9886, #1489 ) ;
#5597 = CARTESIAN_POINT ( 'NONE',  ( 0.3650000000000007683, 0.04999999999999999584, -2.215000000000001190 ) ) ;
#5598 = LINE ( 'NONE', #6654, #7597 ) ;
#5599 = CARTESIAN_POINT ( 'NONE',  ( -2.215000000000000746, 0.1999999999999999833, 0.3650000000000007683 ) ) ;
#5600 = CARTESIAN_POINT ( 'NONE',  ( 0.1350000000000005640, 0.2000000000000000111, -2.215000000000001190 ) ) ;
#5601 = PLANE ( 'NONE',  #1974 ) ;
#5602 = EDGE_CURVE ( 'NONE', #5027, #5464, #1651, .T. ) ;
#5603 = ORIENTED_EDGE ( 'NONE', *, *, #8949, .F. ) ;
#5604 = VERTEX_POINT ( 'NONE', #3614 ) ;
#5605 = ADVANCED_FACE ( 'NONE', ( #6986 ), #3392, .F. ) ;
#5606 = PLANE ( 'NONE',  #6389 ) ;
#5607 = CARTESIAN_POINT ( 'NONE',  ( -1.800000000000001155, 0.9000000000000000222, -1.800000000000000711 ) ) ;
#5608 = CARTESIAN_POINT ( 'NONE',  ( -2.215000000000000746, 0.6614108798023753399, -1.634999999999999343 ) ) ;
#5609 = CARTESIAN_POINT ( 'NONE',  ( 1.038551554696640975E-15, 0.05000000000000000278, 1.365000000000002434 ) ) ;
#5610 =( NAMED_UNIT ( * ) PLANE_ANGLE_UNIT ( ) SI_UNIT ( $, .RADIAN. ) );
#5611 = APPLICATION_PROTOCOL_DEFINITION ( 'draft international standard', 'automotive_design', 1998, #5446 ) ;
#5612 = CARTESIAN_POINT ( 'NONE',  ( 2.500000000000002220, 0.6614108798023753399, -1.865000000000000213 ) ) ;
#5613 = CLOSED_SHELL ( 'NONE', ( #1851, #9648, #637, #8230, #2920, #9852 ) ) ;
#5614 = VERTEX_POINT ( 'NONE', #2836 ) ;
#5615 = ORIENTED_EDGE ( 'NONE', *, *, #2037, .T. ) ;
#5616 = CARTESIAN_POINT ( 'NONE',  ( -1.864999999999999325, 0.000000000000000000, -2.500000000000001332 ) ) ;
#5617 = VERTEX_POINT ( 'NONE', #7967 ) ;
#5618 = VERTEX_POINT ( 'NONE', #7917 ) ;
#5619 = FACE_OUTER_BOUND ( 'NONE', #8121, .T. ) ;
#5620 = CARTESIAN_POINT ( 'NONE',  ( 1.865000000000000879, 0.05000000000000000278, 0.000000000000000000 ) ) ;
#5621 = SURFACE_STYLE_USAGE ( .BOTH. , #7953 ) ;
#5622 = ORIENTED_EDGE ( 'NONE', *, *, #6058, .F. ) ;
#5623 = CARTESIAN_POINT ( 'NONE',  ( 0.6350000000000005640, 0.000000000000000000, -2.215000000000001190 ) ) ;
#5624 = EDGE_CURVE ( 'NONE', #3537, #2823, #10620, .T. ) ;
#5625 = FACE_OUTER_BOUND ( 'NONE', #904, .T. ) ;
#5626 = LINE ( 'NONE', #8993, #4976 ) ;
#5627 = ORIENTED_EDGE ( 'NONE', *, *, #2453, .T. ) ;
#5628 = ORIENTED_EDGE ( 'NONE', *, *, #5861, .T. ) ;
#5629 = ORIENTED_EDGE ( 'NONE', *, *, #9816, .F. ) ;
#5630 = ORIENTED_EDGE ( 'NONE', *, *, #1472, .T. ) ;
#5631 = LINE ( 'NONE', #718, #6788 ) ;
#5632 = EDGE_LOOP ( 'NONE', ( #279, #5941, #10, #8131 ) ) ;
#5633 = FACE_OUTER_BOUND ( 'NONE', #8895, .T. ) ;
#5634 = CARTESIAN_POINT ( 'NONE',  ( 0.1350000000000007860, 0.6614108798023734526, -2.500000000000001332 ) ) ;
#5635 = ADVANCED_FACE ( 'NONE', ( #406 ), #4653, .F. ) ;
#5636 = ADVANCED_FACE ( 'NONE', ( #1180 ), #4546, .T. ) ;
#5637 = DIRECTION ( 'NONE',  ( 0.000000000000000000, 0.000000000000000000, 1.000000000000000000 ) ) ;
#5638 = DIRECTION ( 'NONE',  ( 0.000000000000000000, 0.000000000000000000, 1.000000000000000000 ) ) ;
#5639 = FACE_OUTER_BOUND ( 'NONE', #4631, .T. ) ;
#5640 = DIRECTION ( 'NONE',  ( -0.000000000000000000, -1.000000000000000000, -0.000000000000000000 ) ) ;
#5641 = ORIENTED_EDGE ( 'NONE', *, *, #875, .T. ) ;
#5642 = MECHANICAL_DESIGN_GEOMETRIC_PRESENTATION_REPRESENTATION (  '', ( #8295 ), #2305 ) ;
#5643 = ORIENTED_EDGE ( 'NONE', *, *, #5255, .F. ) ;
#5644 = DIRECTION ( 'NONE',  ( -0.000000000000000000, -1.000000000000000000, -0.000000000000000000 ) ) ;
#5645 = FACE_OUTER_BOUND ( 'NONE', #9307, .T. ) ;
#5646 = DIRECTION ( 'NONE',  ( 0.000000000000000000, 0.000000000000000000, -1.000000000000000000 ) ) ;
#5647 = FACE_OUTER_BOUND ( 'NONE', #8591, .T. ) ;
#5648 =( NAMED_UNIT ( * ) SI_UNIT ( $, .STERADIAN. ) SOLID_ANGLE_UNIT ( ) );
#5649 = ADVANCED_FACE ( 'NONE', ( #2997 ), #458, .T. ) ;
#5650 = VECTOR ( 'NONE', #10192, 1000.000000000000000 ) ;
#5651 = CARTESIAN_POINT ( 'NONE',  ( 2.500000000000001332, 0.04999999999999969746, 1.365000000000000435 ) ) ;
#5652 = EDGE_CURVE ( 'NONE', #5464, #3785, #5473, .T. ) ;
#5653 = DIRECTION ( 'NONE',  ( 0.000000000000000000, 1.000000000000000000, 0.000000000000000000 ) ) ;
#5654 = ORIENTED_EDGE ( 'NONE', *, *, #10942, .T. ) ;
#5655 = AXIS2_PLACEMENT_3D ( 'NONE', #5832, #103, #3470 ) ;
#5656 = ORIENTED_EDGE ( 'NONE', *, *, #714, .T. ) ;
#5657 = VERTEX_POINT ( 'NONE', #344 ) ;
#5658 = AXIS2_PLACEMENT_3D ( 'NONE', #8453, #4926, #5809 ) ;
#5659 = AXIS2_PLACEMENT_3D ( 'NONE', #10925, #1741, #5096 ) ;
#5660 = FACE_OUTER_BOUND ( 'NONE', #5110, .T. ) ;
#5661 = FACE_OUTER_BOUND ( 'NONE', #10718, .T. ) ;
#5662 = VECTOR ( 'NONE', #2345, 1000.000000000000000 ) ;
#5663 = CARTESIAN_POINT ( 'NONE',  ( -2.500000000000002220, 0.6614108798023753399, -1.365000000000000213 ) ) ;
#5664 = CARTESIAN_POINT ( 'NONE',  ( 1.750000000000000222, 0.1999999999999996503, -1.634999999999998899 ) ) ;
#5665 = DIRECTION ( 'NONE',  ( -1.000000000000000000, 0.000000000000000000, -0.000000000000000000 ) ) ;
#5666 = VERTEX_POINT ( 'NONE', #6425 ) ;
#5667 = DIRECTION ( 'NONE',  ( -0.000000000000000000, -1.000000000000000000, -0.000000000000000000 ) ) ;
#5668 = VECTOR ( 'NONE', #10204, 1000.000000000000000 ) ;
#5669 = VECTOR ( 'NONE', #3383, 1000.000000000000000 ) ;
#5670 = EDGE_CURVE ( 'NONE', #615, #761, #3719, .T. ) ;
#5671 = VECTOR ( 'NONE', #272, 1000.000000000000000 ) ;
#5672 = ORIENTED_EDGE ( 'NONE', *, *, #9735, .T. ) ;
#5673 = AXIS2_PLACEMENT_3D ( 'NONE', #9653, #2082, #8791 ) ;
#5674 = EDGE_LOOP ( 'NONE', ( #38, #1438, #3139, #9209 ) ) ;
#5675 = CARTESIAN_POINT ( 'NONE',  ( 2.215000000000000746, 0.000000000000000000, 0.7499999999999991118 ) ) ;
#5676 = ORIENTED_EDGE ( 'NONE', *, *, #3014, .T. ) ;
#5677 = ORIENTED_EDGE ( 'NONE', *, *, #784, .T. ) ;
#5678 = CIRCLE ( 'NONE', #1986, 0.1150000000000000883 ) ;
#5679 = FACE_OUTER_BOUND ( 'NONE', #5958, .T. ) ;
#5680 = CIRCLE ( 'NONE', #217, 0.1150000000000002964 ) ;
#5681 = CARTESIAN_POINT ( 'NONE',  ( -1.364999999999999325, 0.2000000000000000111, -2.500000000000001332 ) ) ;
#5682 = SURFACE_STYLE_FILL_AREA ( #6509 ) ;
#5683 = CARTESIAN_POINT ( 'NONE',  ( -1.634999999999999343, 0.2000000000000000111, -2.215000000000001190 ) ) ;
#5684 = PLANE ( 'NONE',  #456 ) ;
#5685 = AXIS2_PLACEMENT_3D ( 'NONE', #7335, #6501, #3132 ) ;
#5686 = LINE ( 'NONE', #1278, #3398 ) ;
#5687 = AXIS2_PLACEMENT_3D ( 'NONE', #5968, #7735, #10224 ) ;
#5688 = CARTESIAN_POINT ( 'NONE',  ( -2.500000000000001332, 0.6614108798023753399, 1.865000000000000657 ) ) ;
#5689 = ORIENTED_EDGE ( 'NONE', *, *, #9802, .T. ) ;
#5690 = ORIENTED_EDGE ( 'NONE', *, *, #9816, .T. ) ;
#5691 = AXIS2_PLACEMENT_3D ( 'NONE', #507, #3887, #9069 ) ;
#5692 = VECTOR ( 'NONE', #5236, 1000.000000000000000 ) ;
#5693 = VERTEX_POINT ( 'NONE', #10468 ) ;
#5694 = VECTOR ( 'NONE', #5054, 1000.000000000000000 ) ;
#5695 = EDGE_LOOP ( 'NONE', ( #2666, #6730, #1485, #7786 ) ) ;
#5696 = EDGE_CURVE ( 'NONE', #1010, #10732, #2900, .T. ) ;
#5697 = ORIENTED_EDGE ( 'NONE', *, *, #5408, .T. ) ;
#5698 = CARTESIAN_POINT ( 'NONE',  ( 2.215000000000000746, 0.000000000000000000, -1.250000000000000888 ) ) ;
#5699 = CARTESIAN_POINT ( 'NONE',  ( -1.749999999999999334, 0.2000000000000000111, -2.215000000000001190 ) ) ;
#5700 = FACE_OUTER_BOUND ( 'NONE', #5576, .T. ) ;
#5701 = LINE ( 'NONE', #2288, #3026 ) ;
#5702 = CARTESIAN_POINT ( 'NONE',  ( -1.249999999999999334, 0.1999999999999999833, -2.215000000000001190 ) ) ;
#5703 = PRESENTATION_LAYER_ASSIGNMENT (  '', '', ( #6244 ) ) ;
#5704 = CARTESIAN_POINT ( 'NONE',  ( 2.215000000000000746, 0.6614108798023753399, -0.1349999999999992595 ) ) ;
#5705 = ORIENTED_EDGE ( 'NONE', *, *, #9317, .T. ) ;
#5706 = EDGE_CURVE ( 'NONE', #7196, #8004, #1123, .T. ) ;
#5707 = MECHANICAL_DESIGN_GEOMETRIC_PRESENTATION_REPRESENTATION (  '', ( #951 ), #10659 ) ;
#5708 = VECTOR ( 'NONE', #5985, 1000.000000000000000 ) ;
#5709 = ORIENTED_EDGE ( 'NONE', *, *, #3897, .T. ) ;
#5710 = LINE ( 'NONE', #4991, #10132 ) ;
#5711 = EDGE_LOOP ( 'NONE', ( #7358, #9140, #86, #1179 ) ) ;
#5712 = EDGE_CURVE ( 'NONE', #10351, #6349, #7865, .T. ) ;
#5713 = CARTESIAN_POINT ( 'NONE',  ( 2.215000000000000746, 0.6614108798023753399, 0.8650000000000007683 ) ) ;
#5714 = DIRECTION ( 'NONE',  ( 0.000000000000000000, 1.000000000000000000, 0.000000000000000000 ) ) ;
#5715 = DIRECTION ( 'NONE',  ( 0.000000000000000000, -1.000000000000000000, 0.000000000000000000 ) ) ;
#5716 = SURFACE_STYLE_FILL_AREA ( #8915 ) ;
#5717 = CARTESIAN_POINT ( 'NONE',  ( 1.365000000000000879, 0.2000000000000005107, 2.499999999999998668 ) ) ;
#5718 = VECTOR ( 'NONE', #2468, 1000.000000000000000 ) ;
#5719 = PLANE ( 'NONE',  #8650 ) ;
#5720 = VERTEX_POINT ( 'NONE', #1230 ) ;
#5721 = EDGE_CURVE ( 'NONE', #7600, #1220, #1955, .T. ) ;
#5722 = ORIENTED_EDGE ( 'NONE', *, *, #8851, .F. ) ;
#5723 = ADVANCED_FACE ( 'NONE', ( #5373 ), #10569, .T. ) ;
#5724 = PLANE ( 'NONE',  #3034 ) ;
#5725 = CARTESIAN_POINT ( 'NONE',  ( -2.215000000000000746, 0.6614108798023753399, -0.7499999999999997780 ) ) ;
#5726 = LINE ( 'NONE', #5663, #9277 ) ;
#5727 = DIRECTION ( 'NONE',  ( 0.000000000000000000, -1.000000000000000000, 0.000000000000000000 ) ) ;
#5728 = SURFACE_SIDE_STYLE ('',( #8978 ) ) ;
#5729 = CARTESIAN_POINT ( 'NONE',  ( 0.8650000000000009903, 0.1999999999999999833, 2.215000000000001190 ) ) ;
#5730 = ORIENTED_EDGE ( 'NONE', *, *, #6152, .F. ) ;
#5731 = AXIS2_PLACEMENT_3D ( 'NONE', #6524, #8903, #10741 ) ;
#5732 = ORIENTED_EDGE ( 'NONE', *, *, #201, .F. ) ;
#5733 = EDGE_CURVE ( 'NONE', #923, #9171, #3667, .T. ) ;
#5734 = DIRECTION ( 'NONE',  ( 0.000000000000000000, -1.000000000000000000, 0.000000000000000000 ) ) ;
#5735 = VERTEX_POINT ( 'NONE', #8899 ) ;
#5736 = CARTESIAN_POINT ( 'NONE',  ( -2.215000000000000746, 0.1999999999999999833, 1.365000000000000657 ) ) ;
#5737 = CARTESIAN_POINT ( 'NONE',  ( -2.500000000000002220, 0.6614108798023753399, -1.365000000000000213 ) ) ;
#5738 = CARTESIAN_POINT ( 'NONE',  ( -0.7499999999999991118, 0.2000000000000000111, 2.215000000000001190 ) ) ;
#5739 = ORIENTED_EDGE ( 'NONE', *, *, #3345, .T. ) ;
#5740 = CARTESIAN_POINT ( 'NONE',  ( 2.499999999999999556, 0.05000000000000000278, -2.500000000000001332 ) ) ;
#5741 = EDGE_CURVE ( 'NONE', #10404, #4408, #1333, .T. ) ;
#5742 = LINE ( 'NONE', #6580, #9933 ) ;
#5743 = CARTESIAN_POINT ( 'NONE',  ( -1.634999999999999343, 0.1999999999999999833, -2.215000000000001190 ) ) ;
#5744 = VECTOR ( 'NONE', #7140, 1000.000000000000000 ) ;
#5745 = VERTEX_POINT ( 'NONE', #7035 ) ;
#5746 = ORIENTED_EDGE ( 'NONE', *, *, #7189, .T. ) ;
#5747 = EDGE_CURVE ( 'NONE', #1837, #8305, #2554, .T. ) ;
#5748 = ORIENTED_EDGE ( 'NONE', *, *, #1213, .T. ) ;
#5749 = VERTEX_POINT ( 'NONE', #7248 ) ;
#5750 = PRESENTATION_STYLE_ASSIGNMENT (( #10909 ) ) ;
#5751 = ORIENTED_EDGE ( 'NONE', *, *, #6085, .F. ) ;
#5752 = DIRECTION ( 'NONE',  ( -0.000000000000000000, -1.000000000000000000, -0.000000000000000000 ) ) ;
#5753 = EDGE_CURVE ( 'NONE', #6516, #522, #10406, .T. ) ;
#5754 = DIRECTION ( 'NONE',  ( 0.000000000000000000, -0.000000000000000000, -1.000000000000000000 ) ) ;
#5755 = CYLINDRICAL_SURFACE ( 'NONE', #9555, 0.1150000000000000883 ) ;
#5756 = CARTESIAN_POINT ( 'NONE',  ( -1.749999999999999334, 0.2000000000000000111, -1.078077673019053995 ) ) ;
#5757 = CARTESIAN_POINT ( 'NONE',  ( -2.500000000000002220, 0.1999999999999999833, -1.365000000000000213 ) ) ;
#5758 = ORIENTED_EDGE ( 'NONE', *, *, #7002, .F. ) ;
#5759 = ORIENTED_EDGE ( 'NONE', *, *, #8124, .F. ) ;
#5760 = VECTOR ( 'NONE', #8000, 1000.000000000000000 ) ;
#5761 = MANIFOLD_SOLID_BREP ( 'LPattern4[3]', #337 ) ;
#5762 = ORIENTED_EDGE ( 'NONE', *, *, #10864, .F. ) ;
#5763 = LINE ( 'NONE', #6605, #9959 ) ;
#5764 = ORIENTED_EDGE ( 'NONE', *, *, #3081, .T. ) ;
#5765 = DIRECTION ( 'NONE',  ( 1.000000000000000000, 0.000000000000000000, -1.521687259628770718E-15 ) ) ;
#5766 = PLANE ( 'NONE',  #6197 ) ;
#5767 = SURFACE_STYLE_USAGE ( .BOTH. , #2197 ) ;
#5768 = VECTOR ( 'NONE', #8869, 1000.000000000000000 ) ;
#5769 = CARTESIAN_POINT ( 'NONE',  ( -1.634999999999999343, 0.000000000000000000, -2.215000000000001190 ) ) ;
#5770 = EDGE_CURVE ( 'NONE', #2604, #9282, #5806, .T. ) ;
#5771 = LINE ( 'NONE', #9139, #396 ) ;
#5772 = ORIENTED_EDGE ( 'NONE', *, *, #5379, .T. ) ;
#5773 = EDGE_CURVE ( 'NONE', #1181, #8305, #7519, .T. ) ;
#5774 = ORIENTED_EDGE ( 'NONE', *, *, #7544, .F. ) ;
#5775 = ORIENTED_EDGE ( 'NONE', *, *, #1189, .F. ) ;
#5776 = VECTOR ( 'NONE', #2218, 1000.000000000000000 ) ;
#5777 = DIRECTION ( 'NONE',  ( 1.000000000000000000, 0.000000000000000000, -8.673617379884036705E-17 ) ) ;
#5778 = UNCERTAINTY_MEASURE_WITH_UNIT (LENGTH_MEASURE( 1.000000000000000082E-05 ), #60, 'distance_accuracy_value', 'NONE');
#5779 = CARTESIAN_POINT ( 'NONE',  ( -0.6349999999999992317, 0.2000000000000000111, -2.500000000000001332 ) ) ;
#5780 = DIRECTION ( 'NONE',  ( 0.000000000000000000, 0.000000000000000000, 1.000000000000000000 ) ) ;
#5781 = DIRECTION ( 'NONE',  ( 0.000000000000000000, -1.000000000000000000, 0.000000000000000000 ) ) ;
#5782 = LINE ( 'NONE', #4231, #10781 ) ;
#5783 = EDGE_CURVE ( 'NONE', #6475, #9196, #1498, .T. ) ;
#5784 = CARTESIAN_POINT ( 'NONE',  ( 2.215000000000000746, 0.000000000000000000, 0.1349999999999988431 ) ) ;
#5785 = ORIENTED_EDGE ( 'NONE', *, *, #7771, .T. ) ;
#5786 = ORIENTED_EDGE ( 'NONE', *, *, #8228, .F. ) ;
#5787 = ORIENTED_EDGE ( 'NONE', *, *, #3326, .F. ) ;
#5788 = DIRECTION ( 'NONE',  ( 0.000000000000000000, 0.000000000000000000, 1.000000000000000000 ) ) ;
#5789 = EDGE_LOOP ( 'NONE', ( #2264, #9349, #1524, #8718 ) ) ;
#5790 = VERTEX_POINT ( 'NONE', #9963 ) ;
#5791 = DIRECTION ( 'NONE',  ( 0.000000000000000000, -1.000000000000000000, 0.000000000000000000 ) ) ;
#5792 = DIRECTION ( 'NONE',  ( 7.608436298143888101E-16, 0.000000000000000000, -1.000000000000000000 ) ) ;
#5793 = ORIENTED_EDGE ( 'NONE', *, *, #8256, .T. ) ;
#5794 = FACE_OUTER_BOUND ( 'NONE', #5151, .T. ) ;
#5795 = CARTESIAN_POINT ( 'NONE',  ( -2.500000000000001332, 0.04999999999999969746, -1.134999999999999565 ) ) ;
#5796 = CARTESIAN_POINT ( 'NONE',  ( -1.134999999999999343, 0.2000000000000000111, -2.215000000000001190 ) ) ;
#5797 = MANIFOLD_SOLID_BREP ( 'LPattern4[13]', #10037 ) ;
#5798 = EDGE_CURVE ( 'NONE', #8898, #2569, #4921, .T. ) ;
#5799 = FACE_OUTER_BOUND ( 'NONE', #7514, .T. ) ;
#5800 = CLOSED_SHELL ( 'NONE', ( #3268, #3663, #9103, #2388, #8542, #4562 ) ) ;
#5801 = EDGE_CURVE ( 'NONE', #153, #7292, #5631, .T. ) ;
#5802 = ORIENTED_EDGE ( 'NONE', *, *, #8668, .T. ) ;
#5803 = VERTEX_POINT ( 'NONE', #4101 ) ;
#5804 = ORIENTED_EDGE ( 'NONE', *, *, #7145, .F. ) ;
#5805 = ORIENTED_EDGE ( 'NONE', *, *, #2210, .F. ) ;
#5806 = LINE ( 'NONE', #4048, #4840 ) ;
#5807 = ORIENTED_EDGE ( 'NONE', *, *, #2854, .T. ) ;
#5808 = DIRECTION ( 'NONE',  ( -0.000000000000000000, -1.000000000000000000, -0.000000000000000000 ) ) ;
#5809 = DIRECTION ( 'NONE',  ( 0.000000000000000000, -0.000000000000000000, 1.000000000000000000 ) ) ;
#5810 = DIRECTION ( 'NONE',  ( -0.000000000000000000, -1.000000000000000000, -0.000000000000000000 ) ) ;
#5811 = CARTESIAN_POINT ( 'NONE',  ( -2.487958669493045782E-15, 0.05000000000000000278, 1.635000000000003784 ) ) ;
#5812 = EDGE_LOOP ( 'NONE', ( #5192, #1001, #3522, #8896, #7662 ) ) ;
#5813 = MANIFOLD_SOLID_BREP ( 'Cut-Extrude5[1]', #8263 ) ;
#5814 = EDGE_CURVE ( 'NONE', #10342, #2192, #9234, .T. ) ;
#5815 = ORIENTED_EDGE ( 'NONE', *, *, #4125, .T. ) ;
#5816 = DIRECTION ( 'NONE',  ( 3.771137991253918417E-15, -0.000000000000000000, 1.000000000000000000 ) ) ;
#5817 = ORIENTED_EDGE ( 'NONE', *, *, #6721, .T. ) ;
#5818 = PLANE ( 'NONE',  #9580 ) ;
#5819 = FACE_OUTER_BOUND ( 'NONE', #4254, .T. ) ;
#5820 = LINE ( 'NONE', #9188, #5187 ) ;
#5821 = DIRECTION ( 'NONE',  ( 0.000000000000000000, -1.000000000000000000, 0.000000000000000000 ) ) ;
#5822 = STYLED_ITEM ( 'NONE', ( #7778 ), #2333 ) ;
#5823 = CARTESIAN_POINT ( 'NONE',  ( -1.134999999999999343, 0.6614108798023734526, 2.215000000000001190 ) ) ;
#5824 = ORIENTED_EDGE ( 'NONE', *, *, #1586, .T. ) ;
#5825 = ORIENTED_EDGE ( 'NONE', *, *, #2628, .T. ) ;
#5826 = CARTESIAN_POINT ( 'NONE',  ( -1.634999999999999343, 0.2000000000000000111, 2.215000000000001190 ) ) ;
#5827 = VECTOR ( 'NONE', #685, 1000.000000000000000 ) ;
#5828 = DIRECTION ( 'NONE',  ( 0.000000000000000000, 0.000000000000000000, -1.000000000000000000 ) ) ;
#5829 = CARTESIAN_POINT ( 'NONE',  ( 1.865000000000000879, 0.2000000000000000111, -2.500000000000001332 ) ) ;
#5830 = CARTESIAN_POINT ( 'NONE',  ( -1.864999999999999547, 0.1999999999999999833, -2.215000000000001190 ) ) ;
#5831 = CARTESIAN_POINT ( 'NONE',  ( -2.215000000000000746, 0.1999999999999999833, 1.365000000000000657 ) ) ;
#5832 = CARTESIAN_POINT ( 'NONE',  ( 0.3650000000000007683, 0.2000000000000000111, -2.215000000000001190 ) ) ;
#5833 = VERTEX_POINT ( 'NONE', #8999 ) ;
#5834 = CIRCLE ( 'NONE', #4773, 0.1150000000000000883 ) ;
#5835 = VERTEX_POINT ( 'NONE', #5972 ) ;
#5836 = EDGE_CURVE ( 'NONE', #3064, #6234, #1770, .T. ) ;
#5837 = EDGE_CURVE ( 'NONE', #5693, #3054, #122, .T. ) ;
#5838 = AXIS2_PLACEMENT_3D ( 'NONE', #977, #7552, #10156 ) ;
#5839 = DIRECTION ( 'NONE',  ( 0.000000000000000000, 0.000000000000000000, -1.000000000000000000 ) ) ;
#5840 = VERTEX_POINT ( 'NONE', #5193 ) ;
#5841 = ORIENTED_EDGE ( 'NONE', *, *, #798, .F. ) ;
#5842 = DIRECTION ( 'NONE',  ( -0.000000000000000000, -1.000000000000000000, -0.000000000000000000 ) ) ;
#5843 = DIRECTION ( 'NONE',  ( 0.000000000000000000, 0.000000000000000000, -1.000000000000000000 ) ) ;
#5844 = ADVANCED_FACE ( 'NONE', ( #8448 ), #10175, .T. ) ;
#5845 = DIRECTION ( 'NONE',  ( 0.000000000000000000, 1.000000000000000000, 0.000000000000000000 ) ) ;
#5846 = DIRECTION ( 'NONE',  ( 0.000000000000000000, 0.000000000000000000, 1.000000000000000000 ) ) ;
#5847 = VECTOR ( 'NONE', #5884, 1000.000000000000000 ) ;
#5848 = CARTESIAN_POINT ( 'NONE',  ( 1.865000000000000879, 0.000000000000000000, -2.500000000000001332 ) ) ;
#5849 = PLANE ( 'NONE',  #4266 ) ;
#5850 = AXIS2_PLACEMENT_3D ( 'NONE', #9180, #1614, #10744 ) ;
#5851 = AXIS2_PLACEMENT_3D ( 'NONE', #7451, #653, #10840 ) ;
#5852 = ORIENTED_EDGE ( 'NONE', *, *, #4502, .T. ) ;
#5853 = VECTOR ( 'NONE', #3726, 1000.000000000000000 ) ;
#5854 = ADVANCED_FACE ( 'NONE', ( #5079 ), #6864, .F. ) ;
#5855 = ORIENTED_EDGE ( 'NONE', *, *, #2984, .T. ) ;
#5856 = DIRECTION ( 'NONE',  ( 0.000000000000000000, -1.000000000000000000, 0.000000000000000000 ) ) ;
#5857 = VECTOR ( 'NONE', #3935, 1000.000000000000000 ) ;
#5858 = ORIENTED_EDGE ( 'NONE', *, *, #9684, .T. ) ;
#5859 = FILL_AREA_STYLE ('',( #228 ) ) ;
#5860 = VECTOR ( 'NONE', #9445, 1000.000000000000000 ) ;
#5861 = EDGE_CURVE ( 'NONE', #1833, #2386, #10475, .T. ) ;
#5862 = VECTOR ( 'NONE', #10479, 1000.000000000000000 ) ;
#5863 = VERTEX_POINT ( 'NONE', #6691 ) ;
#5864 = DIRECTION ( 'NONE',  ( -1.000000000000000000, 0.000000000000000000, 7.608436298143875282E-16 ) ) ;
#5865 = LINE ( 'NONE', #9237, #7159 ) ;
#5866 = PLANE ( 'NONE',  #3734 ) ;
#5867 = CARTESIAN_POINT ( 'NONE',  ( -2.215000000000000746, 0.000000000000000000, 0.3650000000000007683 ) ) ;
#5868 = DIRECTION ( 'NONE',  ( 0.000000000000000000, -1.000000000000000000, 0.000000000000000000 ) ) ;
#5869 = CIRCLE ( 'NONE', #9930, 0.1150000000000000883 ) ;
#5870 = PRESENTATION_LAYER_ASSIGNMENT (  '', '', ( #933 ) ) ;
#5871 = ORIENTED_EDGE ( 'NONE', *, *, #4503, .F. ) ;
#5872 = VERTEX_POINT ( 'NONE', #4365 ) ;
#5873 = MANIFOLD_SOLID_BREP ( 'LPattern4[1]', #2101 ) ;
#5874 = AXIS2_PLACEMENT_3D ( 'NONE', #8348, #1666, #6810 ) ;
#5875 = VECTOR ( 'NONE', #4495, 1000.000000000000000 ) ;
#5876 = ORIENTED_EDGE ( 'NONE', *, *, #8900, .F. ) ;
#5877 = MECHANICAL_DESIGN_GEOMETRIC_PRESENTATION_REPRESENTATION (  '', ( #9762 ), #931 ) ;
#5878 = DIRECTION ( 'NONE',  ( 0.000000000000000000, -1.000000000000000000, 0.000000000000000000 ) ) ;
#5879 = ORIENTED_EDGE ( 'NONE', *, *, #3341, .T. ) ;
#5880 = CARTESIAN_POINT ( 'NONE',  ( 1.865000000000000879, 0.2000000000000000111, 2.500000000000001332 ) ) ;
#5881 = LINE ( 'NONE', #3452, #1963 ) ;
#5882 = CARTESIAN_POINT ( 'NONE',  ( 1.750000000000000888, 0.2000000000000000111, 2.215000000000001190 ) ) ;
#5883 = EDGE_CURVE ( 'NONE', #5617, #5790, #3437, .T. ) ;
#5884 = DIRECTION ( 'NONE',  ( 1.000000000000000000, 0.000000000000000000, -7.608436298143875282E-16 ) ) ;
#5885 = CARTESIAN_POINT ( 'NONE',  ( 2.215000000000000746, 0.1999999999999999833, -1.634999999999999343 ) ) ;
#5886 = ORIENTED_EDGE ( 'NONE', *, *, #9305, .T. ) ;
#5887 = VECTOR ( 'NONE', #3837, 1000.000000000000000 ) ;
#5888 = EDGE_LOOP ( 'NONE', ( #9829, #8349, #9421, #1085 ) ) ;
#5889 = MANIFOLD_SOLID_BREP ( 'Boss-Extrude3[2]', #504 ) ;
#5890 = CARTESIAN_POINT ( 'NONE',  ( -2.500000000000002220, 0.6614108798023753399, 1.635000000000000009 ) ) ;
#5891 = CARTESIAN_POINT ( 'NONE',  ( -2.500000000000001332, 0.6614108798023753399, 0.3650000000000005462 ) ) ;
#5892 = UNCERTAINTY_MEASURE_WITH_UNIT (LENGTH_MEASURE( 1.000000000000000082E-05 ), #8487, 'distance_accuracy_value', 'NONE');
#5893 =( GEOMETRIC_REPRESENTATION_CONTEXT ( 3 ) GLOBAL_UNCERTAINTY_ASSIGNED_CONTEXT ( ( #5006 ) ) GLOBAL_UNIT_ASSIGNED_CONTEXT ( ( #7321, #9136, #7265 ) ) REPRESENTATION_CONTEXT ( 'NONE', 'WORKASPACE' ) );
#5894 = DIRECTION ( 'NONE',  ( 0.000000000000000000, 0.000000000000000000, 1.000000000000000000 ) ) ;
#5895 = CARTESIAN_POINT ( 'NONE',  ( -0.8649999999999992140, 0.04999999999999969746, 2.500000000000001332 ) ) ;
#5896 = CARTESIAN_POINT ( 'NONE',  ( -2.215000000000000746, 0.1999999999999999833, -1.134999999999999343 ) ) ;
#5897 =( NAMED_UNIT ( * ) SI_UNIT ( $, .STERADIAN. ) SOLID_ANGLE_UNIT ( ) );
#5898 = FACE_OUTER_BOUND ( 'NONE', #124, .T. ) ;
#5899 = VERTEX_POINT ( 'NONE', #7023 ) ;
#5900 = VERTEX_POINT ( 'NONE', #6309 ) ;
#5901 = DIRECTION ( 'NONE',  ( 1.000000000000000000, 0.000000000000000000, -7.608436298143888101E-16 ) ) ;
#5902 = EDGE_LOOP ( 'NONE', ( #5672, #5474, #7795, #3310 ) ) ;
#5903 = ORIENTED_EDGE ( 'NONE', *, *, #9639, .T. ) ;
#5904 = LINE ( 'NONE', #8437, #7823 ) ;
#5905 = CARTESIAN_POINT ( 'NONE',  ( -1.134999999999999343, 0.000000000000000000, 2.500000000000001332 ) ) ;
#5906 = ORIENTED_EDGE ( 'NONE', *, *, #6166, .F. ) ;
#5907 = CARTESIAN_POINT ( 'NONE',  ( 0.6350000000000007860, 0.000000000000000000, -2.500000000000001332 ) ) ;
#5908 = FACE_OUTER_BOUND ( 'NONE', #7005, .T. ) ;
#5909 = MANIFOLD_SOLID_BREP ( 'LPattern3[2]', #7566 ) ;
#5910 = CARTESIAN_POINT ( 'NONE',  ( -2.215000000000000746, 0.05000000000000002359, 1.635000000000000231 ) ) ;
#5911 = EDGE_CURVE ( 'NONE', #3210, #4949, #4580, .T. ) ;
#5912 = CARTESIAN_POINT ( 'NONE',  ( 0.2500000000000008882, 0.000000000000000000, 2.215000000000001190 ) ) ;
#5913 = ORIENTED_EDGE ( 'NONE', *, *, #8943, .T. ) ;
#5914 = AXIS2_PLACEMENT_3D ( 'NONE', #1947, #7075, #2114 ) ;
#5915 = EDGE_CURVE ( 'NONE', #193, #2821, #7136, .T. ) ;
#5916 = VERTEX_POINT ( 'NONE', #2001 ) ;
#5917 = CARTESIAN_POINT ( 'NONE',  ( 1.365000000000000657, 0.6614108798023734526, -2.500000000000001332 ) ) ;
#5918 = VERTEX_POINT ( 'NONE', #8014 ) ;
#5919 = CARTESIAN_POINT ( 'NONE',  ( -2.215000000000000746, 0.1999999999999999833, 1.865000000000000879 ) ) ;
#5920 = ORIENTED_EDGE ( 'NONE', *, *, #6876, .F. ) ;
#5921 =( NAMED_UNIT ( * ) SI_UNIT ( $, .STERADIAN. ) SOLID_ANGLE_UNIT ( ) );
#5922 = LINE ( 'NONE', #7641, #2615 ) ;
#5923 = VECTOR ( 'NONE', #10609, 1000.000000000000000 ) ;
#5924 = CARTESIAN_POINT ( 'NONE',  ( 1.635000000000000897, 0.6614108798023734526, -2.500000000000001332 ) ) ;
#5925 = DIRECTION ( 'NONE',  ( 0.000000000000000000, 1.000000000000000000, 0.000000000000000000 ) ) ;
#5926 = CARTESIAN_POINT ( 'NONE',  ( 1.365000000000000657, 0.04999999999999999584, -2.215000000000001190 ) ) ;
#5927 = DIRECTION ( 'NONE',  ( 0.000000000000000000, 0.000000000000000000, 1.000000000000000000 ) ) ;
#5928 = ADVANCED_FACE ( 'NONE', ( #2057 ), #7183, .T. ) ;
#5929 = VERTEX_POINT ( 'NONE', #10391 ) ;
#5930 = AXIS2_PLACEMENT_3D ( 'NONE', #8265, #6620, #696 ) ;
#5931 = VERTEX_POINT ( 'NONE', #2822 ) ;
#5932 = LINE ( 'NONE', #7753, #428 ) ;
#5933 = ORIENTED_EDGE ( 'NONE', *, *, #10311, .F. ) ;
#5934 = DIRECTION ( 'NONE',  ( -0.000000000000000000, -1.000000000000000000, -0.000000000000000000 ) ) ;
#5935 = DIRECTION ( 'NONE',  ( 0.000000000000000000, 0.000000000000000000, 1.000000000000000000 ) ) ;
#5936 = CARTESIAN_POINT ( 'NONE',  ( 0.8650000000000007683, 0.6614108798023734526, -2.500000000000001332 ) ) ;
#5937 = CARTESIAN_POINT ( 'NONE',  ( 2.215000000000000746, 0.05000000000000002359, 0.6349999999999988987 ) ) ;
#5938 = VECTOR ( 'NONE', #6344, 1000.000000000000000 ) ;
#5939 = PLANE ( 'NONE',  #4620 ) ;
#5940 = EDGE_CURVE ( 'NONE', #378, #8852, #6193, .T. ) ;
#5941 = ORIENTED_EDGE ( 'NONE', *, *, #5814, .T. ) ;
#5942 = ADVANCED_FACE ( 'NONE', ( #2108 ), #5357, .T. ) ;
#5943 = ORIENTED_EDGE ( 'NONE', *, *, #7915, .F. ) ;
#5944 = AXIS2_PLACEMENT_3D ( 'NONE', #5725, #7437, #3910 ) ;
#5945 = CARTESIAN_POINT ( 'NONE',  ( 6.581297397894470632E-16, 0.05000000000000000278, 0.8650000000000024336 ) ) ;
#5946 = PLANE ( 'NONE',  #4630 ) ;
#5947 = DIRECTION ( 'NONE',  ( 1.000000000000000000, 0.000000000000000000, 1.521687259628770718E-15 ) ) ;
#5948 = CARTESIAN_POINT ( 'NONE',  ( -2.215000000000000746, 0.1999999999999999833, 0.1350000000000000366 ) ) ;
#5949 = CARTESIAN_POINT ( 'NONE',  ( 2.215000000000000746, 0.05000000000000002359, -1.865000000000001101 ) ) ;
#5950 = FACE_OUTER_BOUND ( 'NONE', #2787, .T. ) ;
#5951 = LINE ( 'NONE', #4948, #4779 ) ;
#5952 = EDGE_CURVE ( 'NONE', #4814, #9878, #4638, .T. ) ;
#5953 = ORIENTED_EDGE ( 'NONE', *, *, #7684, .T. ) ;
#5954 = AXIS2_PLACEMENT_3D ( 'NONE', #7956, #6357, #9632 ) ;
#5955 = ORIENTED_EDGE ( 'NONE', *, *, #4314, .T. ) ;
#5956 = EDGE_CURVE ( 'NONE', #2411, #8063, #1166, .T. ) ;
#5957 = DIRECTION ( 'NONE',  ( 0.000000000000000000, 0.000000000000000000, -1.000000000000000000 ) ) ;
#5958 = EDGE_LOOP ( 'NONE', ( #2504, #1482, #1509, #6114 ) ) ;
#5959 = PLANE ( 'NONE',  #5345 ) ;
#5960 = AXIS2_PLACEMENT_3D ( 'NONE', #3379, #6147, #6755 ) ;
#5961 = CARTESIAN_POINT ( 'NONE',  ( -2.500000000000001332, 0.000000000000000000, -0.1349999999999994815 ) ) ;
#5962 = LINE ( 'NONE', #4193, #10201 ) ;
#5963 = SURFACE_STYLE_USAGE ( .BOTH. , #3364 ) ;
#5964 = DIRECTION ( 'NONE',  ( -0.000000000000000000, -1.000000000000000000, 0.000000000000000000 ) ) ;
#5965 = MANIFOLD_SOLID_BREP ( 'Boss-Extrude6', #8968 ) ;
#5966 = LINE ( 'NONE', #822, #8323 ) ;
#5967 = ADVANCED_FACE ( 'NONE', ( #5619 ), #7903, .F. ) ;
#5968 = CARTESIAN_POINT ( 'NONE',  ( 1.250000000000000666, 0.04999999999999999584, -2.215000000000001190 ) ) ;
#5969 = ORIENTED_EDGE ( 'NONE', *, *, #4708, .F. ) ;
#5970 = CARTESIAN_POINT ( 'NONE',  ( 0.1350000000000005640, 0.1999999999999999833, -2.215000000000001190 ) ) ;
#5971 = ORIENTED_EDGE ( 'NONE', *, *, #7945, .T. ) ;
#5972 = CARTESIAN_POINT ( 'NONE',  ( 2.215000000000000746, 0.1999999999999999833, -0.1349999999999992595 ) ) ;
#5973 = ORIENTED_EDGE ( 'NONE', *, *, #8094, .T. ) ;
#5974 = CARTESIAN_POINT ( 'NONE',  ( 2.499999999999999556, 0.05000000000000000278, 2.499999999999998668 ) ) ;
#5975 = CARTESIAN_POINT ( 'NONE',  ( -0.1349999999999992595, 0.05000000000000000278, 0.000000000000000000 ) ) ;
#5976 = DIRECTION ( 'NONE',  ( 1.000000000000000000, -0.000000000000000000, 7.608436298143888101E-16 ) ) ;
#5977 = DIRECTION ( 'NONE',  ( -1.000000000000000000, 0.000000000000000000, 0.000000000000000000 ) ) ;
#5978 = DIRECTION ( 'NONE',  ( -0.000000000000000000, -1.000000000000000000, -0.000000000000000000 ) ) ;
#5979 = DIRECTION ( 'NONE',  ( 0.000000000000000000, 0.000000000000000000, -1.000000000000000000 ) ) ;
#5980 = ADVANCED_FACE ( 'NONE', ( #9108 ), #3035, .F. ) ;
#5981 = ORIENTED_EDGE ( 'NONE', *, *, #7329, .T. ) ;
#5982 = EDGE_CURVE ( 'NONE', #7704, #1216, #539, .T. ) ;
#5983 = ORIENTED_EDGE ( 'NONE', *, *, #3461, .T. ) ;
#5984 = EDGE_CURVE ( 'NONE', #7018, #3648, #8987, .T. ) ;
#5985 = DIRECTION ( 'NONE',  ( -0.000000000000000000, -1.000000000000000000, -0.000000000000000000 ) ) ;
#5986 = ORIENTED_EDGE ( 'NONE', *, *, #9031, .F. ) ;
#5987 = CARTESIAN_POINT ( 'NONE',  ( 2.499999999999999556, 0.05000000000000000278, -2.500000000000001332 ) ) ;
#5988 = FACE_OUTER_BOUND ( 'NONE', #3608, .T. ) ;
#5989 = LINE ( 'NONE', #4381, #5718 ) ;
#5990 = ADVANCED_FACE ( 'NONE', ( #5679 ), #4958, .F. ) ;
#5991 = CARTESIAN_POINT ( 'NONE',  ( -2.500000000000002220, 0.000000000000000000, 1.635000000000000009 ) ) ;
#5992 = DIRECTION ( 'NONE',  ( -0.000000000000000000, -1.000000000000000000, -0.000000000000000000 ) ) ;
#5993 = ORIENTED_EDGE ( 'NONE', *, *, #6732, .F. ) ;
#5994 = ORIENTED_EDGE ( 'NONE', *, *, #6882, .F. ) ;
#5995 = CARTESIAN_POINT ( 'NONE',  ( 1.135000000000000675, 0.1999999999999999833, 2.215000000000001190 ) ) ;
#5996 = CARTESIAN_POINT ( 'NONE',  ( -0.1349999999999992595, 0.2000000000000005107, 2.499999999999999112 ) ) ;
#5997 = UNCERTAINTY_MEASURE_WITH_UNIT (LENGTH_MEASURE( 1.000000000000000082E-05 ), #3863, 'distance_accuracy_value', 'NONE');
#5998 = DIRECTION ( 'NONE',  ( 0.000000000000000000, 1.000000000000000000, 0.000000000000000000 ) ) ;
#5999 =( GEOMETRIC_REPRESENTATION_CONTEXT ( 3 ) GLOBAL_UNCERTAINTY_ASSIGNED_CONTEXT ( ( #6784 ) ) GLOBAL_UNIT_ASSIGNED_CONTEXT ( ( #6962, #8104, #8001 ) ) REPRESENTATION_CONTEXT ( 'NONE', 'WORKASPACE' ) );
#6000 = EDGE_CURVE ( 'NONE', #1512, #5241, #8274, .T. ) ;
#6001 = FILL_AREA_STYLE_COLOUR ( '', #2894 ) ;
#6002 = CARTESIAN_POINT ( 'NONE',  ( 2.215000000000000746, 0.6614108798023753399, 1.365000000000000657 ) ) ;
#6003 = PLANE ( 'NONE',  #7947 ) ;
#6004 = LINE ( 'NONE', #810, #3188 ) ;
#6005 = VECTOR ( 'NONE', #809, 1000.000000000000000 ) ;
#6006 = ORIENTED_EDGE ( 'NONE', *, *, #5733, .F. ) ;
#6007 = PLANE ( 'NONE',  #8316 ) ;
#6008 = ORIENTED_EDGE ( 'NONE', *, *, #7218, .F. ) ;
#6009 = LINE ( 'NONE', #6677, #10841 ) ;
#6010 = CARTESIAN_POINT ( 'NONE',  ( 2.215000000000000746, 0.000000000000000000, 1.249999999999999112 ) ) ;
#6011 = CARTESIAN_POINT ( 'NONE',  ( -0.1349999999999992595, 0.000000000000000000, 2.215000000000001190 ) ) ;
#6012 = DIRECTION ( 'NONE',  ( 0.000000000000000000, 1.000000000000000000, -0.000000000000000000 ) ) ;
#6013 = CARTESIAN_POINT ( 'NONE',  ( 1.635000000000000897, 0.1999999999999999833, -2.500000000000001332 ) ) ;
#6014 = MANIFOLD_SOLID_BREP ( 'LPattern3[5]', #154 ) ;
#6015 = DIRECTION ( 'NONE',  ( -0.000000000000000000, -1.000000000000000000, -0.000000000000000000 ) ) ;
#6016 = EDGE_CURVE ( 'NONE', #2386, #7225, #3872, .T. ) ;
#6017 = VECTOR ( 'NONE', #1173, 1000.000000000000000 ) ;
#6018 = APPLICATION_CONTEXT ( 'automotive_design' ) ;
#6019 = CARTESIAN_POINT ( 'NONE',  ( 0.3650000000000009348, 0.2000000000000000111, 2.215000000000001190 ) ) ;
#6020 = VERTEX_POINT ( 'NONE', #6409 ) ;
#6021 = CARTESIAN_POINT ( 'NONE',  ( -2.215000000000000746, 0.6614108798023753399, 0.7500000000000002220 ) ) ;
#6022 = EDGE_LOOP ( 'NONE', ( #5764, #5969, #10921, #2440 ) ) ;
#6023 = ORIENTED_EDGE ( 'NONE', *, *, #9400, .T. ) ;
#6024 = VECTOR ( 'NONE', #8585, 1000.000000000000000 ) ;
#6025 = CARTESIAN_POINT ( 'NONE',  ( -2.215000000000000746, 0.000000000000000000, -1.249999999999999778 ) ) ;
#6026 = AXIS2_PLACEMENT_3D ( 'NONE', #1613, #3275, #8355 ) ;
#6027 = ORIENTED_EDGE ( 'NONE', *, *, #7709, .T. ) ;
#6028 = ORIENTED_EDGE ( 'NONE', *, *, #6384, .F. ) ;
#6029 = DIRECTION ( 'NONE',  ( 0.000000000000000000, 1.000000000000000000, 0.000000000000000000 ) ) ;
#6030 = PLANE ( 'NONE',  #4501 ) ;
#6031 = AXIS2_PLACEMENT_3D ( 'NONE', #6596, #6432, #1506 ) ;
#6032 = LINE ( 'NONE', #176, #365 ) ;
#6033 = CARTESIAN_POINT ( 'NONE',  ( 0.8650000000000007683, 0.6614108798023734526, 2.215000000000001190 ) ) ;
#6034 = VECTOR ( 'NONE', #9720, 1000.000000000000000 ) ;
#6035 = DIRECTION ( 'NONE',  ( -0.000000000000000000, -1.000000000000000000, -0.000000000000000000 ) ) ;
#6036 = EDGE_LOOP ( 'NONE', ( #6570, #10579, #7558, #8921 ) ) ;
#6037 = VECTOR ( 'NONE', #8802, 1000.000000000000000 ) ;
#6038 = VECTOR ( 'NONE', #5348, 1000.000000000000000 ) ;
#6039 = CIRCLE ( 'NONE', #4801, 0.1150000000000002964 ) ;
#6040 = ADVANCED_FACE ( 'NONE', ( #8111 ), #7293, .F. ) ;
#6041 = VECTOR ( 'NONE', #6775, 1000.000000000000000 ) ;
#6042 = VERTEX_POINT ( 'NONE', #1880 ) ;
#6043 = DIRECTION ( 'NONE',  ( -7.608436298143888101E-16, 0.000000000000000000, -1.000000000000000000 ) ) ;
#6044 = EDGE_LOOP ( 'NONE', ( #2389, #8388, #999, #4100 ) ) ;
#6045 = DIRECTION ( 'NONE',  ( 0.000000000000000000, 0.000000000000000000, 1.000000000000000000 ) ) ;
#6046 = CARTESIAN_POINT ( 'NONE',  ( 2.215000000000000746, 0.1999999999999999833, 0.3650000000000007683 ) ) ;
#6047 = CIRCLE ( 'NONE', #10461, 0.1149999999999996581 ) ;
#6048 = DIRECTION ( 'NONE',  ( 1.000000000000000000, 0.000000000000000000, -7.608436298143888101E-16 ) ) ;
#6049 = CARTESIAN_POINT ( 'NONE',  ( -0.6349999999999992317, 0.000000000000000000, -2.500000000000001332 ) ) ;
#6050 = VECTOR ( 'NONE', #970, 1000.000000000000000 ) ;
#6051 = CARTESIAN_POINT ( 'NONE',  ( -1.134999999999999121, 0.04999999999999999584, 2.215000000000001190 ) ) ;
#6052 = ORIENTED_EDGE ( 'NONE', *, *, #1279, .F. ) ;
#6053 = VECTOR ( 'NONE', #5377, 1000.000000000000000 ) ;
#6054 = EDGE_CURVE ( 'NONE', #4523, #7877, #9219, .T. ) ;
#6055 = ADVANCED_FACE ( 'NONE', ( #55 ), #5959, .T. ) ;
#6056 = VECTOR ( 'NONE', #8030, 1000.000000000000000 ) ;
#6057 = VECTOR ( 'NONE', #3703, 1000.000000000000000 ) ;
#6058 = EDGE_CURVE ( 'NONE', #3484, #801, #10481, .T. ) ;
#6059 = EDGE_LOOP ( 'NONE', ( #2737, #327, #631, #5089 ) ) ;
#6060 = MANIFOLD_SOLID_BREP ( 'LPattern4[12]', #10214 ) ;
#6061 = CIRCLE ( 'NONE', #10297, 0.1150000000000000883 ) ;
#6062 = LINE ( 'NONE', #6889, #7263 ) ;
#6063 = DIRECTION ( 'NONE',  ( -1.000000000000000000, 0.000000000000000000, 0.000000000000000000 ) ) ;
#6064 = DIRECTION ( 'NONE',  ( 0.000000000000000000, 0.000000000000000000, 1.000000000000000000 ) ) ;
#6065 = LINE ( 'NONE', #9430, #6024 ) ;
#6066 = DIRECTION ( 'NONE',  ( -0.000000000000000000, -1.000000000000000000, -0.000000000000000000 ) ) ;
#6067 = VECTOR ( 'NONE', #2824, 1000.000000000000000 ) ;
#6068 = DIRECTION ( 'NONE',  ( 1.000000000000000000, 0.000000000000000000, -1.521687259628770718E-15 ) ) ;
#6069 = EDGE_CURVE ( 'NONE', #9740, #3491, #1654, .T. ) ;
#6070 = ORIENTED_EDGE ( 'NONE', *, *, #9013, .F. ) ;
#6071 = EDGE_CURVE ( 'NONE', #3795, #7243, #5904, .T. ) ;
#6072 = ADVANCED_FACE ( 'NONE', ( #9440 ), #110, .T. ) ;
#6073 = COLOUR_RGB ( '',0.7921568627450980005, 0.8196078431372548767, 0.9333333333333333481 ) ;
#6074 = DIRECTION ( 'NONE',  ( 1.000000000000000000, -0.000000000000000000, 7.608436298143888101E-16 ) ) ;
#6075 = VECTOR ( 'NONE', #6212, 1000.000000000000000 ) ;
#6076 = VERTEX_POINT ( 'NONE', #866 ) ;
#6077 = CARTESIAN_POINT ( 'NONE',  ( 2.215000000000000746, 0.1999999999999999833, 1.365000000000000657 ) ) ;
#6078 = DIRECTION ( 'NONE',  ( 0.000000000000000000, 0.000000000000000000, 1.000000000000000000 ) ) ;
#6079 =( NAMED_UNIT ( * ) SI_UNIT ( $, .STERADIAN. ) SOLID_ANGLE_UNIT ( ) );
#6080 = DIRECTION ( 'NONE',  ( 1.521687259628770718E-15, 0.000000000000000000, 1.000000000000000000 ) ) ;
#6081 = DIRECTION ( 'NONE',  ( 0.000000000000000000, 1.000000000000000000, 0.000000000000000000 ) ) ;
#6082 = LINE ( 'NONE', #9446, #62 ) ;
#6083 = EDGE_CURVE ( 'NONE', #8137, #2266, #10895, .T. ) ;
#6084 = EDGE_LOOP ( 'NONE', ( #7592, #6364, #4027, #7046 ) ) ;
#6085 = EDGE_CURVE ( 'NONE', #7962, #3064, #9772, .T. ) ;
#6086 = ORIENTED_EDGE ( 'NONE', *, *, #991, .F. ) ;
#6087 = LINE ( 'NONE', #1605, #4811 ) ;
#6088 = ORIENTED_EDGE ( 'NONE', *, *, #3455, .T. ) ;
#6089 = ORIENTED_EDGE ( 'NONE', *, *, #7490, .F. ) ;
#6090 = FILL_AREA_STYLE_COLOUR ( '', #1636 ) ;
#6091 = ORIENTED_EDGE ( 'NONE', *, *, #7474, .T. ) ;
#6092 =( NAMED_UNIT ( * ) SI_UNIT ( $, .STERADIAN. ) SOLID_ANGLE_UNIT ( ) );
#6093 = ORIENTED_EDGE ( 'NONE', *, *, #8346, .F. ) ;
#6094 = FACE_OUTER_BOUND ( 'NONE', #8233, .T. ) ;
#6095 = CARTESIAN_POINT ( 'NONE',  ( 2.499999999999999556, 0.05000000000000000278, 2.499999999999998668 ) ) ;
#6096 = CARTESIAN_POINT ( 'NONE',  ( 1.365000000000000657, 0.2000000000000000111, -2.215000000000001190 ) ) ;
#6097 = PLANE ( 'NONE',  #8322 ) ;
#6098 = DIRECTION ( 'NONE',  ( 0.000000000000000000, 0.000000000000000000, -1.000000000000000000 ) ) ;
#6099 = VERTEX_POINT ( 'NONE', #1708 ) ;
#6100 = VECTOR ( 'NONE', #9495, 1000.000000000000000 ) ;
#6101 = EDGE_CURVE ( 'NONE', #1565, #1941, #6009, .T. ) ;
#6102 = VECTOR ( 'NONE', #9070, 1000.000000000000000 ) ;
#6103 = VERTEX_POINT ( 'NONE', #4350 ) ;
#6104 = DIRECTION ( 'NONE',  ( -0.000000000000000000, -1.000000000000000000, -0.000000000000000000 ) ) ;
#6105 = ORIENTED_EDGE ( 'NONE', *, *, #997, .T. ) ;
#6106 = LINE ( 'NONE', #6215, #7115 ) ;
#6107 = DIRECTION ( 'NONE',  ( 1.000000000000000000, 0.000000000000000000, -1.521687259628770718E-15 ) ) ;
#6108 = FACE_OUTER_BOUND ( 'NONE', #891, .T. ) ;
#6109 = LINE ( 'NONE', #4598, #908 ) ;
#6110 = CARTESIAN_POINT ( 'NONE',  ( -2.500000000000002220, 0.6614108798023753399, -1.865000000000000213 ) ) ;
#6111 = EDGE_LOOP ( 'NONE', ( #8659, #4044, #2058, #10940 ) ) ;
#6112 = LINE ( 'NONE', #250, #5862 ) ;
#6113 = AXIS2_PLACEMENT_3D ( 'NONE', #2809, #3020, #7057 ) ;
#6114 = ORIENTED_EDGE ( 'NONE', *, *, #1044, .F. ) ;
#6115 = ORIENTED_EDGE ( 'NONE', *, *, #10701, .T. ) ;
#6116 = CARTESIAN_POINT ( 'NONE',  ( -0.6349999999999992317, 0.1999999999999999833, -2.500000000000001332 ) ) ;
#6117 = CARTESIAN_POINT ( 'NONE',  ( -2.500000000000001332, 0.6614108798023753399, -1.634999999999999565 ) ) ;
#6118 = EDGE_CURVE ( 'NONE', #7918, #7486, #2493, .T. ) ;
#6119 = UNCERTAINTY_MEASURE_WITH_UNIT (LENGTH_MEASURE( 1.000000000000000082E-05 ), #9429, 'distance_accuracy_value', 'NONE');
#6120 = DIRECTION ( 'NONE',  ( 0.000000000000000000, -0.000000000000000000, 1.000000000000000000 ) ) ;
#6121 =( LENGTH_UNIT ( ) NAMED_UNIT ( * ) SI_UNIT ( .MILLI., .METRE. ) );
#6122 = CARTESIAN_POINT ( 'NONE',  ( 0.6350000000000005640, 0.6614108798023734526, 2.215000000000001190 ) ) ;
#6123 = DIRECTION ( 'NONE',  ( 0.000000000000000000, -1.000000000000000000, 0.000000000000000000 ) ) ;
#6124 = ADVANCED_FACE ( 'NONE', ( #10217 ), #1821, .T. ) ;
#6125 = EDGE_LOOP ( 'NONE', ( #9961, #8532, #2149, #5906 ) ) ;
#6126 = AXIS2_PLACEMENT_3D ( 'NONE', #9222, #7619, #10219 ) ;
#6127 = DIRECTION ( 'NONE',  ( -0.000000000000000000, -1.000000000000000000, -0.000000000000000000 ) ) ;
#6128 = ORIENTED_EDGE ( 'NONE', *, *, #10632, .T. ) ;
#6129 = EDGE_CURVE ( 'NONE', #8002, #10843, #4190, .T. ) ;
#6130 = DIRECTION ( 'NONE',  ( 0.000000000000000000, 0.000000000000000000, -1.000000000000000000 ) ) ;
#6131 = LINE ( 'NONE', #8488, #6100 ) ;
#6132 = CARTESIAN_POINT ( 'NONE',  ( -2.215000000000000746, 0.6614108798023753399, -0.2499999999999997780 ) ) ;
#6133 = DIRECTION ( 'NONE',  ( 7.608436298143888101E-16, -0.000000000000000000, 1.000000000000000000 ) ) ;
#6134 = CARTESIAN_POINT ( 'NONE',  ( -2.215000000000000746, 0.000000000000000000, 1.365000000000000657 ) ) ;
#6135 = AXIS2_PLACEMENT_3D ( 'NONE', #7828, #8629, #1079 ) ;
#6136 = MANIFOLD_SOLID_BREP ( 'LPattern4[10]', #5272 ) ;
#6137 = DIRECTION ( 'NONE',  ( 0.000000000000000000, 1.000000000000000000, 0.000000000000000000 ) ) ;
#6138 = VERTEX_POINT ( 'NONE', #8803 ) ;
#6139 = CARTESIAN_POINT ( 'NONE',  ( -2.500000000000000444, 0.2000000000000005107, 1.865000000000000435 ) ) ;
#6140 = ORIENTED_EDGE ( 'NONE', *, *, #4514, .F. ) ;
#6141 = AXIS2_PLACEMENT_3D ( 'NONE', #3656, #7026, #1325 ) ;
#6142 = FACE_OUTER_BOUND ( 'NONE', #8432, .T. ) ;
#6143 = ORIENTED_EDGE ( 'NONE', *, *, #2485, .F. ) ;
#6144 = ORIENTED_EDGE ( 'NONE', *, *, #4516, .F. ) ;
#6145 = ADVANCED_FACE ( 'NONE', ( #10430 ), #2042, .F. ) ;
#6146 = EDGE_LOOP ( 'NONE', ( #3360, #6165, #2887, #4141 ) ) ;
#6147 = DIRECTION ( 'NONE',  ( -0.000000000000000000, -1.000000000000000000, -0.000000000000000000 ) ) ;
#6148 = DIRECTION ( 'NONE',  ( -1.000000000000000000, 0.000000000000000000, -0.000000000000000000 ) ) ;
#6149 = ADVANCED_BREP_SHAPE_REPRESENTATION ( '32-Lead LFCSP_cp_32_11', ( #2176, #5889, #5873, #9649, #5761, #2152, #9565, #9595, #9723, #9396, #2383, #5909, #9628, #9746, #6014, #9694, #9489, #9511, #2228, #9437, #2437, #2246, #9708, #2333, #9765, #2469, #2301, #2363, #6136, #9545, #6060, #5797, #9613, #5813, #5965, #9393 ), #8162 ) ;
#6150 = DIRECTION ( 'NONE',  ( 0.000000000000000000, -0.000000000000000000, 1.000000000000000000 ) ) ;
#6151 = CARTESIAN_POINT ( 'NONE',  ( -0.6349999999999992317, 0.1999999999999999833, 2.500000000000001332 ) ) ;
#6152 = EDGE_CURVE ( 'NONE', #8289, #2819, #7008, .T. ) ;
#6153 = DIRECTION ( 'NONE',  ( -0.000000000000000000, -1.000000000000000000, -0.000000000000000000 ) ) ;
#6154 = EDGE_LOOP ( 'NONE', ( #4491, #1978, #3701, #10897 ) ) ;
#6155 = ORIENTED_EDGE ( 'NONE', *, *, #2210, .T. ) ;
#6156 = DIRECTION ( 'NONE',  ( -0.000000000000000000, -0.000000000000000000, 1.000000000000000000 ) ) ;
#6157 = ORIENTED_EDGE ( 'NONE', *, *, #5062, .F. ) ;
#6158 = CARTESIAN_POINT ( 'NONE',  ( -2.215000000000000746, 0.6614108798023753399, -0.6349999999999992317 ) ) ;
#6159 = CARTESIAN_POINT ( 'NONE',  ( 0.6350000000000005640, 0.6614108798023734526, -2.215000000000001190 ) ) ;
#6160 = CARTESIAN_POINT ( 'NONE',  ( -1.800000000000001155, 1.000000000000000000, -2.050000000000000711 ) ) ;
#6161 = LINE ( 'NONE', #10474, #6262 ) ;
#6162 = LINE ( 'NONE', #9594, #5312 ) ;
#6163 = EDGE_LOOP ( 'NONE', ( #9000, #9401, #5043, #8972 ) ) ;
#6164 = DIRECTION ( 'NONE',  ( -1.000000000000000000, 0.000000000000000000, -1.326241189584715037E-16 ) ) ;
#6165 = ORIENTED_EDGE ( 'NONE', *, *, #7270, .F. ) ;
#6166 = EDGE_CURVE ( 'NONE', #7340, #4486, #7122, .T. ) ;
#6167 = CLOSED_SHELL ( 'NONE', ( #4268, #7959, #8410, #7415, #2526, #4250 ) ) ;
#6168 = ORIENTED_EDGE ( 'NONE', *, *, #5500, .F. ) ;
#6169 = LINE ( 'NONE', #7047, #9218 ) ;
#6170 = CARTESIAN_POINT ( 'NONE',  ( -2.077103109393266173E-15, 0.05000000000000000278, -1.364999999999996216 ) ) ;
#6171 = FACE_OUTER_BOUND ( 'NONE', #992, .T. ) ;
#6172 = LINE ( 'NONE', #2135, #773 ) ;
#6173 = DIRECTION ( 'NONE',  ( 0.000000000000000000, 0.000000000000000000, 1.000000000000000000 ) ) ;
#6174 = DIRECTION ( 'NONE',  ( 0.000000000000000000, -1.000000000000000000, 0.000000000000000000 ) ) ;
#6175 = ORIENTED_EDGE ( 'NONE', *, *, #1129, .F. ) ;
#6176 = EDGE_CURVE ( 'NONE', #10747, #2049, #1206, .T. ) ;
#6177 = DIRECTION ( 'NONE',  ( 1.000000000000000000, -0.000000000000000000, 7.608436298143875282E-16 ) ) ;
#6178 = CARTESIAN_POINT ( 'NONE',  ( 0.3650000000000007683, 0.000000000000000000, 2.500000000000001332 ) ) ;
#6179 = CARTESIAN_POINT ( 'NONE',  ( 1.365000000000000657, 0.05000000000000000278, 0.000000000000000000 ) ) ;
#6180 = DIRECTION ( 'NONE',  ( 0.000000000000000000, 0.000000000000000000, 1.000000000000000000 ) ) ;
#6181 = CARTESIAN_POINT ( 'NONE',  ( -0.1349999999999992595, 0.6614108798023734526, -2.215000000000001190 ) ) ;
#6182 = LINE ( 'NONE', #6134, #5338 ) ;
#6183 = FACE_OUTER_BOUND ( 'NONE', #7149, .T. ) ;
#6184 = ORIENTED_EDGE ( 'NONE', *, *, #5324, .T. ) ;
#6185 = DIRECTION ( 'NONE',  ( -0.000000000000000000, -1.000000000000000000, -0.000000000000000000 ) ) ;
#6186 = COLOUR_RGB ( '',0.7921568627450980005, 0.8196078431372548767, 0.9333333333333333481 ) ;
#6187 = EDGE_CURVE ( 'NONE', #6103, #2534, #4567, .T. ) ;
#6188 = EDGE_CURVE ( 'NONE', #5918, #4486, #10496, .T. ) ;
#6189 = VERTEX_POINT ( 'NONE', #10379 ) ;
#6190 = CARTESIAN_POINT ( 'NONE',  ( -0.8649999999999992140, 0.6614108798023734526, -2.500000000000001332 ) ) ;
#6191 = ADVANCED_FACE ( 'NONE', ( #7998 ), #3810, .F. ) ;
#6192 = ORIENTED_EDGE ( 'NONE', *, *, #6435, .F. ) ;
#6193 = LINE ( 'NONE', #2162, #7838 ) ;
#6194 = EDGE_CURVE ( 'NONE', #6362, #7894, #3414, .T. ) ;
#6195 = EDGE_LOOP ( 'NONE', ( #7036, #8460, #7793, #3191 ) ) ;
#6196 = CARTESIAN_POINT ( 'NONE',  ( 2.500000000000001332, 0.1999999999999999833, 1.865000000000000657 ) ) ;
#6197 = AXIS2_PLACEMENT_3D ( 'NONE', #3166, #3067, #3116 ) ;
#6198 = ORIENTED_EDGE ( 'NONE', *, *, #5340, .F. ) ;
#6199 = CARTESIAN_POINT ( 'NONE',  ( -2.500000000000001332, 0.6614108798023753399, 0.8650000000000005462 ) ) ;
#6200 = DIRECTION ( 'NONE',  ( -0.000000000000000000, -1.000000000000000000, -0.000000000000000000 ) ) ;
#6201 = CARTESIAN_POINT ( 'NONE',  ( -1.864999999999999325, 0.2000000000000000111, -2.500000000000001332 ) ) ;
#6202 = LINE ( 'NONE', #395, #9734 ) ;
#6203 = DIRECTION ( 'NONE',  ( -7.608436298143888101E-16, 0.000000000000000000, -1.000000000000000000 ) ) ;
#6204 = VECTOR ( 'NONE', #10373, 1000.000000000000000 ) ;
#6205 = ORIENTED_EDGE ( 'NONE', *, *, #3943, .T. ) ;
#6206 = ORIENTED_EDGE ( 'NONE', *, *, #692, .F. ) ;
#6207 = EDGE_CURVE ( 'NONE', #8209, #6533, #9494, .T. ) ;
#6208 = VECTOR ( 'NONE', #4054, 1000.000000000000000 ) ;
#6209 = AXIS2_PLACEMENT_3D ( 'NONE', #1351, #3399, #4997 ) ;
#6210 = EDGE_CURVE ( 'NONE', #4018, #8709, #209, .T. ) ;
#6211 = ORIENTED_EDGE ( 'NONE', *, *, #6210, .T. ) ;
#6212 = DIRECTION ( 'NONE',  ( 0.000000000000000000, -1.000000000000000000, 0.000000000000000000 ) ) ;
#6213 = VECTOR ( 'NONE', #10210, 1000.000000000000000 ) ;
#6214 = ORIENTED_EDGE ( 'NONE', *, *, #4828, .F. ) ;
#6215 = CARTESIAN_POINT ( 'NONE',  ( -1.364999999999999325, 0.6614108798023734526, -2.500000000000001332 ) ) ;
#6216 = CARTESIAN_POINT ( 'NONE',  ( -0.2499999999999993616, 0.000000000000000000, -2.215000000000001190 ) ) ;
#6217 = CARTESIAN_POINT ( 'NONE',  ( -2.215000000000000746, 0.05000000000000002359, 0.6350000000000001199 ) ) ;
#6218 = CARTESIAN_POINT ( 'NONE',  ( 9.662714098642750648E-16, 0.05000000000000000278, 0.6350000000000036726 ) ) ;
#6219 = LINE ( 'NONE', #5380, #10083 ) ;
#6220 = VECTOR ( 'NONE', #7715, 1000.000000000000000 ) ;
#6221 = FACE_OUTER_BOUND ( 'NONE', #10800, .T. ) ;
#6222 = VECTOR ( 'NONE', #10862, 1000.000000000000000 ) ;
#6223 = AXIS2_PLACEMENT_3D ( 'NONE', #8243, #6479, #3060 ) ;
#6224 = AXIS2_PLACEMENT_3D ( 'NONE', #10635, #4713, #1297 ) ;
#6225 = ADVANCED_FACE ( 'NONE', ( #1926 ), #9548, .T. ) ;
#6226 = ORIENTED_EDGE ( 'NONE', *, *, #8385, .F. ) ;
#6227 = AXIS2_PLACEMENT_3D ( 'NONE', #5266, #9415, #5316 ) ;
#6228 = CIRCLE ( 'NONE', #3567, 0.1150000000000000883 ) ;
#6229 = ADVANCED_FACE ( 'NONE', ( #8638 ), #1092, .F. ) ;
#6230 = CARTESIAN_POINT ( 'NONE',  ( -0.2499999999999991396, 0.1999999999999999833, 2.215000000000001190 ) ) ;
#6231 = DIRECTION ( 'NONE',  ( -1.000000000000000000, 0.000000000000000000, 0.000000000000000000 ) ) ;
#6232 = FACE_OUTER_BOUND ( 'NONE', #2109, .T. ) ;
#6233 = VECTOR ( 'NONE', #3695, 1000.000000000000000 ) ;
#6234 = VERTEX_POINT ( 'NONE', #4897 ) ;
#6235 = CARTESIAN_POINT ( 'NONE',  ( 1.135000000000000675, 0.2000000000000005107, -2.500000000000001332 ) ) ;
#6236 = DIRECTION ( 'NONE',  ( 0.000000000000000000, 0.000000000000000000, -1.000000000000000000 ) ) ;
#6237 = AXIS2_PLACEMENT_3D ( 'NONE', #3153, #1443, #6523 ) ;
#6238 = ORIENTED_EDGE ( 'NONE', *, *, #5539, .T. ) ;
#6239 = VECTOR ( 'NONE', #6185, 1000.000000000000000 ) ;
#6240 = ADVANCED_FACE ( 'NONE', ( #8923 ), #1309, .T. ) ;
#6241 = CARTESIAN_POINT ( 'NONE',  ( -2.215000000000000746, 0.1999999999999999833, 0.8650000000000007683 ) ) ;
#6242 = STYLED_ITEM ( 'NONE', ( #4797 ), #9595 ) ;
#6243 = CYLINDRICAL_SURFACE ( 'NONE', #9456, 0.1150000000000002964 ) ;
#6244 = STYLED_ITEM ( 'NONE', ( #3088 ), #6014 ) ;
#6245 = DIRECTION ( 'NONE',  ( 0.000000000000000000, 0.000000000000000000, 1.000000000000000000 ) ) ;
#6246 = CARTESIAN_POINT ( 'NONE',  ( 2.500000000000001332, 0.04999999999999969746, 1.865000000000000657 ) ) ;
#6247 = ORIENTED_EDGE ( 'NONE', *, *, #8231, .F. ) ;
#6248 = DIRECTION ( 'NONE',  ( 0.000000000000000000, 0.000000000000000000, -1.000000000000000000 ) ) ;
#6249 = VERTEX_POINT ( 'NONE', #1527 ) ;
#6250 = CARTESIAN_POINT ( 'NONE',  ( -1.249999999999999112, 0.1999999999999999833, 2.215000000000001190 ) ) ;
#6251 = PRESENTATION_LAYER_ASSIGNMENT (  '', '', ( #4827 ) ) ;
#6252 = VECTOR ( 'NONE', #4701, 1000.000000000000000 ) ;
#6253 = EDGE_LOOP ( 'NONE', ( #4968, #9504, #1393, #1669, #6958 ) ) ;
#6254 = DIRECTION ( 'NONE',  ( 0.000000000000000000, 0.000000000000000000, -1.000000000000000000 ) ) ;
#6255 = ORIENTED_EDGE ( 'NONE', *, *, #7323, .T. ) ;
#6256 = LINE ( 'NONE', #9109, #3686 ) ;
#6257 = SURFACE_SIDE_STYLE ('',( #7693 ) ) ;
#6258 = EDGE_LOOP ( 'NONE', ( #7934, #864, #10460, #1885 ) ) ;
#6259 = PLANE ( 'NONE',  #5954 ) ;
#6260 = CARTESIAN_POINT ( 'NONE',  ( -1.749999999999999778, 5.149747468305832854, -1.634999999999999343 ) ) ;
#6261 = EDGE_CURVE ( 'NONE', #8063, #8209, #4673, .T. ) ;
#6262 = VECTOR ( 'NONE', #10360, 1000.000000000000000 ) ;
#6263 = DIRECTION ( 'NONE',  ( 1.000000000000000000, 0.000000000000000000, -7.608436298143875282E-16 ) ) ;
#6264 = DIRECTION ( 'NONE',  ( 0.000000000000000000, 0.000000000000000000, -1.000000000000000000 ) ) ;
#6265 = FACE_OUTER_BOUND ( 'NONE', #3225, .T. ) ;
#6266 = AXIS2_PLACEMENT_3D ( 'NONE', #5131, #1892, #945 ) ;
#6267 = VERTEX_POINT ( 'NONE', #2144 ) ;
#6268 = VERTEX_POINT ( 'NONE', #1358 ) ;
#6269 = EDGE_CURVE ( 'NONE', #9012, #2320, #10709, .T. ) ;
#6270 = ORIENTED_EDGE ( 'NONE', *, *, #1649, .T. ) ;
#6271 = DIRECTION ( 'NONE',  ( -1.000000000000000000, 0.000000000000000000, 1.521687259628770718E-15 ) ) ;
#6272 = ORIENTED_EDGE ( 'NONE', *, *, #10798, .F. ) ;
#6273 = CARTESIAN_POINT ( 'NONE',  ( -2.500000000000002220, 0.000000000000000000, -1.865000000000000213 ) ) ;
#6274 = CARTESIAN_POINT ( 'NONE',  ( 1.250000000000000888, 0.04999999999999999584, 2.100000000000000977 ) ) ;
#6275 = ADVANCED_FACE ( 'NONE', ( #5661 ), #4073, .F. ) ;
#6276 = CARTESIAN_POINT ( 'NONE',  ( -2.215000000000000746, 0.1999999999999999833, -0.8649999999999999911 ) ) ;
#6277 = CARTESIAN_POINT ( 'NONE',  ( 0.1350000000000005640, 0.2000000000000000111, 2.215000000000001190 ) ) ;
#6278 = CARTESIAN_POINT ( 'NONE',  ( -1.749999999999999334, 0.04999999999999999584, -2.215000000000001190 ) ) ;
#6279 = PLANE ( 'NONE',  #9208 ) ;
#6280 = CARTESIAN_POINT ( 'NONE',  ( 1.365000000000000657, 0.2000000000000000111, -2.215000000000001190 ) ) ;
#6281 = VECTOR ( 'NONE', #4413, 1000.000000000000000 ) ;
#6282 = ORIENTED_EDGE ( 'NONE', *, *, #1704, .T. ) ;
#6283 = DIRECTION ( 'NONE',  ( 0.000000000000000000, 0.000000000000000000, -1.000000000000000000 ) ) ;
#6284 = DIRECTION ( 'NONE',  ( -7.608436298143888101E-16, 0.000000000000000000, -1.000000000000000000 ) ) ;
#6285 = DIRECTION ( 'NONE',  ( 0.000000000000000000, -1.000000000000000000, 0.000000000000000000 ) ) ;
#6286 = CARTESIAN_POINT ( 'NONE',  ( 0.2500000000000006661, 0.2000000000000000111, -2.215000000000001190 ) ) ;
#6287 = ADVANCED_FACE ( 'NONE', ( #8101 ), #526, .F. ) ;
#6288 = VECTOR ( 'NONE', #6678, 1000.000000000000000 ) ;
#6289 = DIRECTION ( 'NONE',  ( -1.000000000000000000, 0.000000000000000000, 7.608436298143875282E-16 ) ) ;
#6290 = AXIS2_PLACEMENT_3D ( 'NONE', #4690, #5573, #8940 ) ;
#6291 = EDGE_CURVE ( 'NONE', #4110, #600, #9097, .T. ) ;
#6292 = EDGE_CURVE ( 'NONE', #10560, #10342, #10592, .T. ) ;
#6293 = FACE_OUTER_BOUND ( 'NONE', #6724, .T. ) ;
#6294 = VERTEX_POINT ( 'NONE', #4845 ) ;
#6295 = DIRECTION ( 'NONE',  ( 0.000000000000000000, -1.000000000000000000, 0.000000000000000000 ) ) ;
#6296 = FILL_AREA_STYLE ('',( #2095 ) ) ;
#6297 = PLANE ( 'NONE',  #5028 ) ;
#6298 = DIRECTION ( 'NONE',  ( 0.000000000000000000, -0.000000000000000000, 1.000000000000000000 ) ) ;
#6299 = SURFACE_STYLE_FILL_AREA ( #4400 ) ;
#6300 = EDGE_CURVE ( 'NONE', #7585, #667, #6310, .T. ) ;
#6301 = DIRECTION ( 'NONE',  ( -1.000000000000000000, 0.000000000000000000, 7.608436298143875282E-16 ) ) ;
#6302 = ORIENTED_EDGE ( 'NONE', *, *, #3087, .F. ) ;
#6303 = AXIS2_PLACEMENT_3D ( 'NONE', #8318, #4847, #6450 ) ;
#6304 = ADVANCED_FACE ( 'NONE', ( #8264 ), #9033, .T. ) ;
#6305 = ORIENTED_EDGE ( 'NONE', *, *, #6329, .F. ) ;
#6306 = DIRECTION ( 'NONE',  ( -7.608436298143875282E-16, 0.000000000000000000, -1.000000000000000000 ) ) ;
#6307 = VERTEX_POINT ( 'NONE', #7278 ) ;
#6308 = ORIENTED_EDGE ( 'NONE', *, *, #4452, .F. ) ;
#6309 = CARTESIAN_POINT ( 'NONE',  ( -2.500000000000002220, 0.1999999999999999833, 0.6349999999999998979 ) ) ;
#6310 = CIRCLE ( 'NONE', #1533, 0.1150000000000000883 ) ;
#6311 = ORIENTED_EDGE ( 'NONE', *, *, #10590, .F. ) ;
#6312 = ORIENTED_EDGE ( 'NONE', *, *, #4564, .T. ) ;
#6313 = CARTESIAN_POINT ( 'NONE',  ( -2.215000000000000746, 0.6614108798023753399, -0.1349999999999992595 ) ) ;
#6314 = CARTESIAN_POINT ( 'NONE',  ( 2.500000000000002220, 0.6614108798023753399, -1.865000000000000213 ) ) ;
#6315 = DIRECTION ( 'NONE',  ( 0.000000000000000000, 0.000000000000000000, 1.000000000000000000 ) ) ;
#6316 = DIRECTION ( 'NONE',  ( 0.000000000000000000, -1.000000000000000000, 0.000000000000000000 ) ) ;
#6317 = ORIENTED_EDGE ( 'NONE', *, *, #6909, .T. ) ;
#6318 = ORIENTED_EDGE ( 'NONE', *, *, #3173, .F. ) ;
#6319 = VECTOR ( 'NONE', #8115, 1000.000000000000000 ) ;
#6320 = ORIENTED_EDGE ( 'NONE', *, *, #4337, .F. ) ;
#6321 = CARTESIAN_POINT ( 'NONE',  ( 1.134999999999998899, 0.05000000000000000278, -8.635575198393304583E-16 ) ) ;
#6322 = EDGE_LOOP ( 'NONE', ( #9049, #3685, #3450, #10059 ) ) ;
#6323 = PLANE ( 'NONE',  #7287 ) ;
#6324 = DIRECTION ( 'NONE',  ( 0.000000000000000000, 0.000000000000000000, -1.000000000000000000 ) ) ;
#6325 = LINE ( 'NONE', #4658, #1023 ) ;
#6326 = PLANE ( 'NONE',  #6550 ) ;
#6327 = CARTESIAN_POINT ( 'NONE',  ( 0.3650000000000007683, 0.2000000000000000111, 2.500000000000001332 ) ) ;
#6328 = DIRECTION ( 'NONE',  ( 0.000000000000000000, -1.000000000000000000, 0.000000000000000000 ) ) ;
#6329 = EDGE_CURVE ( 'NONE', #1941, #6467, #2254, .T. ) ;
#6330 = ADVANCED_FACE ( 'NONE', ( #644 ), #10652, .F. ) ;
#6331 = ORIENTED_EDGE ( 'NONE', *, *, #1142, .F. ) ;
#6332 = CARTESIAN_POINT ( 'NONE',  ( -2.500000000000002220, 0.6614108798023753399, 1.635000000000000009 ) ) ;
#6333 = EDGE_CURVE ( 'NONE', #4052, #10910, #4709, .T. ) ;
#6334 = CARTESIAN_POINT ( 'NONE',  ( -1.634999999999999343, 0.000000000000000000, -1.634999999999999343 ) ) ;
#6335 = CARTESIAN_POINT ( 'NONE',  ( -1.749999999999999334, 0.2000000000000000111, -2.215000000000001190 ) ) ;
#6336 = LINE ( 'NONE', #5599, #4888 ) ;
#6337 = CYLINDRICAL_SURFACE ( 'NONE', #9011, 0.1150000000000002964 ) ;
#6338 = CLOSED_SHELL ( 'NONE', ( #1414, #6124, #10213, #5294, #9360, #3238 ) ) ;
#6339 = DIRECTION ( 'NONE',  ( 1.000000000000000000, 0.000000000000000000, -7.608436298143888101E-16 ) ) ;
#6340 = ADVANCED_FACE ( 'NONE', ( #4021 ), #695, .F. ) ;
#6341 = PLANE ( 'NONE',  #10272 ) ;
#6342 = CARTESIAN_POINT ( 'NONE',  ( 2.215000000000000746, 0.6614108798023753399, 1.134999999999998899 ) ) ;
#6343 = CARTESIAN_POINT ( 'NONE',  ( 0.3650000000000007683, 0.1999999999999999833, -2.215000000000001190 ) ) ;
#6344 = DIRECTION ( 'NONE',  ( 3.771137991253918417E-15, 0.000000000000000000, -1.000000000000000000 ) ) ;
#6345 = DIRECTION ( 'NONE',  ( 1.000000000000000000, 0.000000000000000000, -0.000000000000000000 ) ) ;
#6346 = ORIENTED_EDGE ( 'NONE', *, *, #4775, .F. ) ;
#6347 = DIRECTION ( 'NONE',  ( 0.000000000000000000, -0.000000000000000000, 1.000000000000000000 ) ) ;
#6348 = ORIENTED_EDGE ( 'NONE', *, *, #7148, .T. ) ;
#6349 = VERTEX_POINT ( 'NONE', #479 ) ;
#6350 = LINE ( 'NONE', #702, #9203 ) ;
#6351 = ORIENTED_EDGE ( 'NONE', *, *, #10867, .F. ) ;
#6352 = ORIENTED_EDGE ( 'NONE', *, *, #4335, .T. ) ;
#6353 = PRESENTATION_STYLE_ASSIGNMENT (( #8065 ) ) ;
#6354 = ORIENTED_EDGE ( 'NONE', *, *, #850, .T. ) ;
#6355 = ADVANCED_FACE ( 'NONE', ( #7220 ), #3969, .F. ) ;
#6356 = ORIENTED_EDGE ( 'NONE', *, *, #789, .T. ) ;
#6357 = DIRECTION ( 'NONE',  ( 0.000000000000000000, 1.000000000000000000, 0.000000000000000000 ) ) ;
#6358 = LINE ( 'NONE', #3197, #8731 ) ;
#6359 = VECTOR ( 'NONE', #6133, 1000.000000000000000 ) ;
#6360 = DIRECTION ( 'NONE',  ( 0.000000000000000000, -1.000000000000000000, 0.000000000000000000 ) ) ;
#6361 = CARTESIAN_POINT ( 'NONE',  ( 0.7500000000000008882, 0.2000000000000000111, 2.215000000000001190 ) ) ;
#6362 = VERTEX_POINT ( 'NONE', #9937 ) ;
#6363 = ORIENTED_EDGE ( 'NONE', *, *, #10441, .F. ) ;
#6364 = ORIENTED_EDGE ( 'NONE', *, *, #2377, .F. ) ;
#6365 = DIRECTION ( 'NONE',  ( 0.000000000000000000, -0.000000000000000000, 1.000000000000000000 ) ) ;
#6366 = VERTEX_POINT ( 'NONE', #5007 ) ;
#6367 = DIRECTION ( 'NONE',  ( 0.000000000000000000, -0.000000000000000000, 1.000000000000000000 ) ) ;
#6368 = CARTESIAN_POINT ( 'NONE',  ( -1.800000000000001155, 0.9000000000000000222, -2.050000000000000711 ) ) ;
#6369 = CARTESIAN_POINT ( 'NONE',  ( -1.864999999999999547, 0.2000000000000000111, 2.215000000000001190 ) ) ;
#6370 = CARTESIAN_POINT ( 'NONE',  ( -2.215000000000000746, 0.000000000000000000, 1.365000000000000657 ) ) ;
#6371 = DIRECTION ( 'NONE',  ( 0.000000000000000000, -0.000000000000000000, 1.000000000000000000 ) ) ;
#6372 = FACE_OUTER_BOUND ( 'NONE', #3867, .T. ) ;
#6373 = AXIS2_PLACEMENT_3D ( 'NONE', #8724, #7076, #3711 ) ;
#6374 = ADVANCED_FACE ( 'NONE', ( #8376 ), #9201, .T. ) ;
#6375 = VECTOR ( 'NONE', #42, 1000.000000000000000 ) ;
#6376 = EDGE_LOOP ( 'NONE', ( #7518, #6354, #10788, #3134, #10851, #930, #4438, #4017, #6650, #6348, #4853, #5577, #10174, #5705, #182, #995, #3269, #10072, #6351, #8646, #8885, #7647, #4893, #342, #2516, #10017, #1717, #4469, #3696, #3613, #10395, #6685, #956, #8075, #5472, #7762 ) ) ;
#6377 = DIRECTION ( 'NONE',  ( 0.000000000000000000, -1.000000000000000000, 0.000000000000000000 ) ) ;
#6378 = DIRECTION ( 'NONE',  ( 0.000000000000000000, 0.000000000000000000, -1.000000000000000000 ) ) ;
#6379 = CARTESIAN_POINT ( 'NONE',  ( -0.8649999999999994360, 0.6614108798023734526, -2.215000000000001190 ) ) ;
#6381 = CARTESIAN_POINT ( 'NONE',  ( 2.499999999999999556, 0.05000000000000000278, 2.499999999999998668 ) ) ;
#6380 = VECTOR ( 'NONE', #9923, 1000.000000000000000 ) ;
#6382 = VECTOR ( 'NONE', #4821, 1000.000000000000000 ) ;
#6383 = CARTESIAN_POINT ( 'NONE',  ( 1.250000000000000888, 0.000000000000000000, 2.215000000000001190 ) ) ;
#6384 = EDGE_CURVE ( 'NONE', #3039, #7611, #1008, .T. ) ;
#6385 = VECTOR ( 'NONE', #8294, 1000.000000000000000 ) ;
#6386 = DIRECTION ( 'NONE',  ( -1.000000000000000000, 0.000000000000000000, -7.608436298143875282E-16 ) ) ;
#6387 = EDGE_CURVE ( 'NONE', #9698, #8520, #7714, .T. ) ;
#6388 = EDGE_CURVE ( 'NONE', #1534, #8979, #10038, .T. ) ;
#6389 = AXIS2_PLACEMENT_3D ( 'NONE', #2205, #6551, #2429 ) ;
#6390 = ORIENTED_EDGE ( 'NONE', *, *, #5915, .T. ) ;
#6391 = AXIS2_PLACEMENT_3D ( 'NONE', #3543, #5257, #235 ) ;
#6392 = AXIS2_PLACEMENT_3D ( 'NONE', #1600, #4246, #4964 ) ;
#6393 = VECTOR ( 'NONE', #220, 1000.000000000000000 ) ;
#6394 = DIRECTION ( 'NONE',  ( 0.000000000000000000, -1.000000000000000000, 0.000000000000000000 ) ) ;
#6395 = DIRECTION ( 'NONE',  ( -0.000000000000000000, -1.000000000000000000, -0.000000000000000000 ) ) ;
#6396 = CARTESIAN_POINT ( 'NONE',  ( 2.500000000000001332, 0.000000000000000000, 1.365000000000000435 ) ) ;
#6397 = DIRECTION ( 'NONE',  ( 3.771137991253918417E-15, 0.000000000000000000, -1.000000000000000000 ) ) ;
#6398 = SURFACE_STYLE_USAGE ( .BOTH. , #9872 ) ;
#6399 = VECTOR ( 'NONE', #4009, 1000.000000000000000 ) ;
#6400 = ADVANCED_FACE ( 'NONE', ( #1805 ), #3466, .T. ) ;
#6401 = ORIENTED_EDGE ( 'NONE', *, *, #10880, .T. ) ;
#6402 = DIRECTION ( 'NONE',  ( -0.000000000000000000, -0.000000000000000000, 1.000000000000000000 ) ) ;
#6403 = CIRCLE ( 'NONE', #1826, 0.1150000000000000883 ) ;
#6404 = ADVANCED_FACE ( 'NONE', ( #1640 ), #7717, .T. ) ;
#6405 = ORIENTED_EDGE ( 'NONE', *, *, #4792, .F. ) ;
#6406 = CARTESIAN_POINT ( 'NONE',  ( -1.749999999999999778, 0.000000000000000000, -0.8561231671485025618 ) ) ;
#6407 = ORIENTED_EDGE ( 'NONE', *, *, #703, .F. ) ;
#6408 = ORIENTED_EDGE ( 'NONE', *, *, #6615, .F. ) ;
#6409 = CARTESIAN_POINT ( 'NONE',  ( -2.215000000000000746, 0.1999999999999999833, -1.634999999999999343 ) ) ;
#6410 = CYLINDRICAL_SURFACE ( 'NONE', #3333, 0.1150000000000000883 ) ;
#6411 = LINE ( 'NONE', #3929, #6951 ) ;
#6412 = ORIENTED_EDGE ( 'NONE', *, *, #4223, .F. ) ;
#6413 = DIRECTION ( 'NONE',  ( 0.000000000000000000, -1.000000000000000000, 0.000000000000000000 ) ) ;
#6414 = SURFACE_STYLE_USAGE ( .BOTH. , #3041 ) ;
#6415 = CARTESIAN_POINT ( 'NONE',  ( 0.1350000000000007860, 0.1999999999999999833, -2.500000000000001332 ) ) ;
#6416 = EDGE_CURVE ( 'NONE', #8766, #5720, #8754, .T. ) ;
#6417 = DIRECTION ( 'NONE',  ( 0.000000000000000000, -0.000000000000000000, 1.000000000000000000 ) ) ;
#6418 = EDGE_CURVE ( 'NONE', #4949, #3266, #753, .T. ) ;
#6419 = ORIENTED_EDGE ( 'NONE', *, *, #3074, .F. ) ;
#6420 = VERTEX_POINT ( 'NONE', #4180 ) ;
#6421 = VECTOR ( 'NONE', #7811, 1000.000000000000000 ) ;
#6422 = ORIENTED_EDGE ( 'NONE', *, *, #2861, .F. ) ;
#6423 = EDGE_LOOP ( 'NONE', ( #3592, #2102, #9764, #6086 ) ) ;
#6424 =( GEOMETRIC_REPRESENTATION_CONTEXT ( 3 ) GLOBAL_UNCERTAINTY_ASSIGNED_CONTEXT ( ( #10206 ) ) GLOBAL_UNIT_ASSIGNED_CONTEXT ( ( #9812, #5546, #5648 ) ) REPRESENTATION_CONTEXT ( 'NONE', 'WORKASPACE' ) );
#6425 = CARTESIAN_POINT ( 'NONE',  ( -1.634999999999999343, 0.1999999999999999833, -2.500000000000001332 ) ) ;
#6426 = EDGE_LOOP ( 'NONE', ( #9158, #6226, #2835, #2994 ) ) ;
#6427 = PLANE ( 'NONE',  #5691 ) ;
#6428 = VECTOR ( 'NONE', #6972, 1000.000000000000000 ) ;
#6429 = LINE ( 'NONE', #8082, #10693 ) ;
#6430 = DIRECTION ( 'NONE',  ( -0.000000000000000000, -1.000000000000000000, -0.000000000000000000 ) ) ;
#6431 = PLANE ( 'NONE',  #555 ) ;
#6432 = DIRECTION ( 'NONE',  ( 0.000000000000000000, -1.000000000000000000, 0.000000000000000000 ) ) ;
#6433 = EDGE_CURVE ( 'NONE', #3266, #2524, #10150, .T. ) ;
#6434 = LINE ( 'NONE', #1236, #3759 ) ;
#6435 = EDGE_CURVE ( 'NONE', #130, #1609, #1749, .T. ) ;
#6436 = ORIENTED_EDGE ( 'NONE', *, *, #2471, .T. ) ;
#6437 = FACE_OUTER_BOUND ( 'NONE', #10027, .T. ) ;
#6438 = CARTESIAN_POINT ( 'NONE',  ( -2.500000000000000444, 9.071067811865477282, 2.499999999999999556 ) ) ;
#6439 = DIRECTION ( 'NONE',  ( 0.000000000000000000, -1.000000000000000000, 0.000000000000000000 ) ) ;
#6440 = DIRECTION ( 'NONE',  ( 0.000000000000000000, -1.000000000000000000, 0.000000000000000000 ) ) ;
#6441 = CARTESIAN_POINT ( 'NONE',  ( -0.8649999999999992140, 0.1999999999999999833, -2.500000000000001332 ) ) ;
#6442 = DIRECTION ( 'NONE',  ( 1.000000000000000000, -0.000000000000000000, 7.608436298143876268E-16 ) ) ;
#6443 = FACE_OUTER_BOUND ( 'NONE', #1607, .T. ) ;
#6444 = ORIENTED_EDGE ( 'NONE', *, *, #5915, .F. ) ;
#6445 = ADVANCED_FACE ( 'NONE', ( #5055 ), #8426, .F. ) ;
#6446 = AXIS2_PLACEMENT_3D ( 'NONE', #6460, #4084, #6574 ) ;
#6447 = DIRECTION ( 'NONE',  ( -3.771137991253918417E-15, 0.000000000000000000, -1.000000000000000000 ) ) ;
#6448 = DIRECTION ( 'NONE',  ( -0.000000000000000000, -1.000000000000000000, -0.000000000000000000 ) ) ;
#6449 = PLANE ( 'NONE',  #4679 ) ;
#6450 = DIRECTION ( 'NONE',  ( 0.000000000000000000, 0.000000000000000000, 1.000000000000000000 ) ) ;
#6451 = CARTESIAN_POINT ( 'NONE',  ( -1.634999999999999343, 0.6614108798023734526, -2.500000000000001332 ) ) ;
#6452 = EDGE_LOOP ( 'NONE', ( #1552, #6973, #3819, #10443 ) ) ;
#6453 = PLANE ( 'NONE',  #10259 ) ;
#6454 = EDGE_CURVE ( 'NONE', #1014, #9233, #5104, .T. ) ;
#6455 = EDGE_CURVE ( 'NONE', #1667, #1647, #10933, .T. ) ;
#6456 = ORIENTED_EDGE ( 'NONE', *, *, #9093, .F. ) ;
#6457 = CARTESIAN_POINT ( 'NONE',  ( -2.500000000000001332, 0.6614108798023753399, -1.634999999999999565 ) ) ;
#6458 = ORIENTED_EDGE ( 'NONE', *, *, #16, .F. ) ;
#6459 = EDGE_LOOP ( 'NONE', ( #10061, #749, #5371, #6631 ) ) ;
#6460 = CARTESIAN_POINT ( 'NONE',  ( -2.500000000000001332, 0.6614108798023753399, 1.865000000000000657 ) ) ;
#6461 =( LENGTH_UNIT ( ) NAMED_UNIT ( * ) SI_UNIT ( .MILLI., .METRE. ) );
#6462 = ORIENTED_EDGE ( 'NONE', *, *, #2566, .T. ) ;
#6463 = DIRECTION ( 'NONE',  ( 0.000000000000000000, 0.000000000000000000, -1.000000000000000000 ) ) ;
#6464 = DIRECTION ( 'NONE',  ( 0.000000000000000000, -0.000000000000000000, 1.000000000000000000 ) ) ;
#6465 = CARTESIAN_POINT ( 'NONE',  ( -1.749999999999999334, 0.000000000000000000, -1.078077673019053995 ) ) ;
#6466 = DIRECTION ( 'NONE',  ( 7.608436298143888101E-16, 0.000000000000000000, -1.000000000000000000 ) ) ;
#6467 = VERTEX_POINT ( 'NONE', #912 ) ;
#6468 = ORIENTED_EDGE ( 'NONE', *, *, #4536, .T. ) ;
#6469 = ORIENTED_EDGE ( 'NONE', *, *, #9034, .F. ) ;
#6470 = AXIS2_PLACEMENT_3D ( 'NONE', #5504, #1256, #6180 ) ;
#6471 = ADVANCED_FACE ( 'NONE', ( #2543 ), #9146, .F. ) ;
#6472 = VERTEX_POINT ( 'NONE', #4289 ) ;
#6473 = DIRECTION ( 'NONE',  ( 0.000000000000000000, 0.000000000000000000, -1.000000000000000000 ) ) ;
#6474 = EDGE_CURVE ( 'NONE', #10012, #9086, #4944, .T. ) ;
#6475 = VERTEX_POINT ( 'NONE', #2642 ) ;
#6476 = CARTESIAN_POINT ( 'NONE',  ( -0.7499999999999991118, 0.2000000000000000111, 2.215000000000001190 ) ) ;
#6477 = CARTESIAN_POINT ( 'NONE',  ( -1.864999999999999547, 0.2000000000000000111, 2.215000000000001190 ) ) ;
#6478 = CARTESIAN_POINT ( 'NONE',  ( 2.500000000000001332, 0.1999999999999999833, 0.8650000000000005462 ) ) ;
#6479 = DIRECTION ( 'NONE',  ( 0.000000000000000000, -1.000000000000000000, 0.000000000000000000 ) ) ;
#6480 = VECTOR ( 'NONE', #6440, 1000.000000000000000 ) ;
#6481 = DIRECTION ( 'NONE',  ( 7.608436298143888101E-16, 0.000000000000000000, -1.000000000000000000 ) ) ;
#6482 = ORIENTED_EDGE ( 'NONE', *, *, #9138, .F. ) ;
#6483 = ORIENTED_EDGE ( 'NONE', *, *, #4988, .T. ) ;
#6484 = CARTESIAN_POINT ( 'NONE',  ( 0.3650000000000007683, 0.1999999999999999833, -2.500000000000001332 ) ) ;
#6485 = VECTOR ( 'NONE', #9515, 1000.000000000000000 ) ;
#6486 = CARTESIAN_POINT ( 'NONE',  ( 2.215000000000000746, 0.1999999999999999833, 0.3650000000000007683 ) ) ;
#6487 = DIRECTION ( 'NONE',  ( -1.000000000000000000, 0.000000000000000000, 7.608436298143875282E-16 ) ) ;
#6488 = FACE_OUTER_BOUND ( 'NONE', #6059, .T. ) ;
#6489 = EDGE_CURVE ( 'NONE', #7581, #1073, #5590, .T. ) ;
#6490 = DIRECTION ( 'NONE',  ( 0.000000000000000000, 0.000000000000000000, -1.000000000000000000 ) ) ;
#6491 = DIRECTION ( 'NONE',  ( -1.000000000000000000, 0.000000000000000000, -0.000000000000000000 ) ) ;
#6492 = VERTEX_POINT ( 'NONE', #6716 ) ;
#6493 = ORIENTED_EDGE ( 'NONE', *, *, #4375, .F. ) ;
#6494 = DIRECTION ( 'NONE',  ( 8.673617379884036705E-17, -0.000000000000000000, 1.000000000000000000 ) ) ;
#6495 = CARTESIAN_POINT ( 'NONE',  ( 0.1350000000000007860, 0.6614108798023734526, 2.500000000000001332 ) ) ;
#6496 = CARTESIAN_POINT ( 'NONE',  ( 2.499999999999999556, 0.05000000000000000278, 2.499999999999998668 ) ) ;
#6497 = DIRECTION ( 'NONE',  ( 0.000000000000000000, -1.000000000000000000, 0.000000000000000000 ) ) ;
#6498 = FILL_AREA_STYLE_COLOUR ( '', #6186 ) ;
#6499 =( LENGTH_UNIT ( ) NAMED_UNIT ( * ) SI_UNIT ( .MILLI., .METRE. ) );
#6500 = VERTEX_POINT ( 'NONE', #6998 ) ;
#6501 = DIRECTION ( 'NONE',  ( 0.000000000000000000, 1.000000000000000000, 0.000000000000000000 ) ) ;
#6502 = CLOSED_SHELL ( 'NONE', ( #8399, #1691, #6885, #6275 ) ) ;
#6503 = EDGE_CURVE ( 'NONE', #5835, #6613, #1195, .T. ) ;
#6504 = ORIENTED_EDGE ( 'NONE', *, *, #5255, .T. ) ;
#6505 = DIRECTION ( 'NONE',  ( 0.000000000000000000, 1.000000000000000000, 0.000000000000000000 ) ) ;
#6506 = ORIENTED_EDGE ( 'NONE', *, *, #6741, .F. ) ;
#6507 = ORIENTED_EDGE ( 'NONE', *, *, #132, .T. ) ;
#6508 = CARTESIAN_POINT ( 'NONE',  ( -1.864999999999999547, 0.000000000000000000, 2.215000000000001190 ) ) ;
#6509 = FILL_AREA_STYLE ('',( #4687 ) ) ;
#6510 = EDGE_LOOP ( 'NONE', ( #815, #9891, #2435, #4156 ) ) ;
#6511 = DIRECTION ( 'NONE',  ( 0.000000000000000000, 0.000000000000000000, -1.000000000000000000 ) ) ;
#6512 =( LENGTH_UNIT ( ) NAMED_UNIT ( * ) SI_UNIT ( .MILLI., .METRE. ) );
#6513 = CARTESIAN_POINT ( 'NONE',  ( -2.500000000000001332, 0.04999999999999969746, 1.865000000000000657 ) ) ;
#6514 = DIRECTION ( 'NONE',  ( 0.000000000000000000, 0.000000000000000000, -1.000000000000000000 ) ) ;
#6515 = EDGE_CURVE ( 'NONE', #1609, #4323, #9538, .T. ) ;
#6516 = VERTEX_POINT ( 'NONE', #307 ) ;
#6517 = EDGE_LOOP ( 'NONE', ( #9298, #9174, #5261, #8458 ) ) ;
#6518 = ADVANCED_FACE ( 'NONE', ( #10255 ), #4389, .F. ) ;
#6519 = ORIENTED_EDGE ( 'NONE', *, *, #9985, .T. ) ;
#6520 = VERTEX_POINT ( 'NONE', #4559 ) ;
#6521 = DIRECTION ( 'NONE',  ( 1.000000000000000000, -0.000000000000000000, -0.000000000000000000 ) ) ;
#6522 = ORIENTED_EDGE ( 'NONE', *, *, #117, .F. ) ;
#6523 = DIRECTION ( 'NONE',  ( 0.000000000000000000, -0.000000000000000000, -1.000000000000000000 ) ) ;
#6524 = CARTESIAN_POINT ( 'NONE',  ( -1.749999999999999334, 0.2000000000000000111, -2.215000000000001190 ) ) ;
#6525 = CARTESIAN_POINT ( 'NONE',  ( 2.215000000000000746, 0.000000000000000000, 1.749999999999999112 ) ) ;
#6526 = CARTESIAN_POINT ( 'NONE',  ( -2.500000000000001332, 0.6614108798023753399, 0.3650000000000005462 ) ) ;
#6527 = DIRECTION ( 'NONE',  ( 0.000000000000000000, -1.000000000000000000, 0.000000000000000000 ) ) ;
#6528 = ADVANCED_FACE ( 'NONE', ( #8794 ), #9605, .F. ) ;
#6529 = FACE_OUTER_BOUND ( 'NONE', #118, .T. ) ;
#6530 = ORIENTED_EDGE ( 'NONE', *, *, #783, .F. ) ;
#6531 = ORIENTED_EDGE ( 'NONE', *, *, #7001, .F. ) ;
#6532 = EDGE_CURVE ( 'NONE', #1576, #8780, #1141, .T. ) ;
#6533 = VERTEX_POINT ( 'NONE', #3737 ) ;
#6534 = DIRECTION ( 'NONE',  ( -0.000000000000000000, -1.000000000000000000, -0.000000000000000000 ) ) ;
#6535 = ORIENTED_EDGE ( 'NONE', *, *, #9279, .F. ) ;
#6536 = DIRECTION ( 'NONE',  ( 0.000000000000000000, 1.000000000000000000, -0.000000000000000000 ) ) ;
#6537 = FACE_OUTER_BOUND ( 'NONE', #8950, .T. ) ;
#6538 = PLANE ( 'NONE',  #10733 ) ;
#6539 = AXIS2_PLACEMENT_3D ( 'NONE', #7262, #3234, #6487 ) ;
#6540 = LINE ( 'NONE', #5547, #6380 ) ;
#6541 = FACE_OUTER_BOUND ( 'NONE', #4047, .T. ) ;
#6542 = ORIENTED_EDGE ( 'NONE', *, *, #692, .T. ) ;
#6543 = ORIENTED_EDGE ( 'NONE', *, *, #4420, .F. ) ;
#6544 = AXIS2_PLACEMENT_3D ( 'NONE', #1246, #8587, #4614 ) ;
#6545 = EDGE_LOOP ( 'NONE', ( #1020, #9509, #4315, #596, #1538 ) ) ;
#6546 = ORIENTED_EDGE ( 'NONE', *, *, #7501, .T. ) ;
#6547 = VECTOR ( 'NONE', #2779, 1000.000000000000000 ) ;
#6548 = EDGE_CURVE ( 'NONE', #734, #1266, #7049, .T. ) ;
#6549 = VECTOR ( 'NONE', #7831, 1000.000000000000000 ) ;
#6550 = AXIS2_PLACEMENT_3D ( 'NONE', #4429, #9472, #1128 ) ;
#6551 = DIRECTION ( 'NONE',  ( 7.608436298143875282E-16, 0.000000000000000000, -1.000000000000000000 ) ) ;
#6552 = UNCERTAINTY_MEASURE_WITH_UNIT (LENGTH_MEASURE( 1.000000000000000082E-05 ), #879, 'distance_accuracy_value', 'NONE');
#6553 = DIRECTION ( 'NONE',  ( 0.000000000000000000, -1.000000000000000000, 0.000000000000000000 ) ) ;
#6554 = AXIS2_PLACEMENT_3D ( 'NONE', #1447, #5589, #9847 ) ;
#6555 = AXIS2_PLACEMENT_3D ( 'NONE', #5675, #4734, #4682 ) ;
#6556 = CARTESIAN_POINT ( 'NONE',  ( -0.6349999999999992317, 0.000000000000000000, 2.500000000000001332 ) ) ;
#6557 = CARTESIAN_POINT ( 'NONE',  ( 1.750000000000000888, 0.2000000000000000111, 2.215000000000001190 ) ) ;
#6558 = FILL_AREA_STYLE ('',( #6498 ) ) ;
#6559 = FACE_OUTER_BOUND ( 'NONE', #8611, .T. ) ;
#6560 = ADVANCED_FACE ( 'NONE', ( #6171 ), #10420, .F. ) ;
#6561 = AXIS2_PLACEMENT_3D ( 'NONE', #2694, #9425, #6284 ) ;
#6562 = AXIS2_PLACEMENT_3D ( 'NONE', #1005, #6264, #8777 ) ;
#6563 = ORIENTED_EDGE ( 'NONE', *, *, #145, .T. ) ;
#6564 = AXIS2_PLACEMENT_3D ( 'NONE', #1116, #4542, #2066 ) ;
#6565 = ORIENTED_EDGE ( 'NONE', *, *, #4951, .T. ) ;
#6566 = AXIS2_PLACEMENT_3D ( 'NONE', #9596, #1188, #7924 ) ;
#6567 = ADVANCED_FACE ( 'NONE', ( #6232 ), #5277, .T. ) ;
#6568 = ORIENTED_EDGE ( 'NONE', *, *, #8828, .T. ) ;
#6569 = DIRECTION ( 'NONE',  ( -7.608436298143888101E-16, 0.000000000000000000, -1.000000000000000000 ) ) ;
#6570 = ORIENTED_EDGE ( 'NONE', *, *, #2566, .F. ) ;
#6571 = ORIENTED_EDGE ( 'NONE', *, *, #4095, .T. ) ;
#6572 = AXIS2_PLACEMENT_3D ( 'NONE', #9977, #8964, #6378 ) ;
#6573 = VECTOR ( 'NONE', #660, 1000.000000000000000 ) ;
#6574 = DIRECTION ( 'NONE',  ( -3.771137991253918417E-15, 0.000000000000000000, -1.000000000000000000 ) ) ;
#6575 = CYLINDRICAL_SURFACE ( 'NONE', #2199, 0.1150000000000000883 ) ;
#6576 = ORIENTED_EDGE ( 'NONE', *, *, #4095, .F. ) ;
#6577 = PLANE ( 'NONE',  #10374 ) ;
#6578 = LINE ( 'NONE', #3986, #5923 ) ;
#6579 = VECTOR ( 'NONE', #9101, 1000.000000000000000 ) ;
#6580 = CARTESIAN_POINT ( 'NONE',  ( -2.215000000000000746, 0.1999999999999999833, 1.865000000000000879 ) ) ;
#6581 = VECTOR ( 'NONE', #2695, 1000.000000000000000 ) ;
#6582 = DIRECTION ( 'NONE',  ( -7.608436298143888101E-16, 0.000000000000000000, -1.000000000000000000 ) ) ;
#6583 = VERTEX_POINT ( 'NONE', #4608 ) ;
#6584 = ORIENTED_EDGE ( 'NONE', *, *, #7760, .T. ) ;
#6585 = VECTOR ( 'NONE', #10178, 1000.000000000000000 ) ;
#6586 = VERTEX_POINT ( 'NONE', #9656 ) ;
#6587 = AXIS2_PLACEMENT_3D ( 'NONE', #4524, #9503, #10386 ) ;
#6588 = EDGE_CURVE ( 'NONE', #4684, #765, #3571, .T. ) ;
#6589 = ORIENTED_EDGE ( 'NONE', *, *, #10101, .T. ) ;
#6590 = ORIENTED_EDGE ( 'NONE', *, *, #703, .T. ) ;
#6591 = LINE ( 'NONE', #5133, #2878 ) ;
#6592 = CARTESIAN_POINT ( 'NONE',  ( 1.865000000000000879, 0.6614108798023734526, 2.215000000000001190 ) ) ;
#6593 = STYLED_ITEM ( 'NONE', ( #7295 ), #9613 ) ;
#6594 = DIRECTION ( 'NONE',  ( 0.000000000000000000, 0.000000000000000000, -1.000000000000000000 ) ) ;
#6595 = CARTESIAN_POINT ( 'NONE',  ( 1.635000000000000897, 0.000000000000000000, 2.500000000000001332 ) ) ;
#6596 = CARTESIAN_POINT ( 'NONE',  ( 0.7500000000000008882, 0.000000000000000000, 2.215000000000001190 ) ) ;
#6597 = ADVANCED_FACE ( 'NONE', ( #1866 ), #2916, .F. ) ;
#6598 = PRESENTATION_LAYER_ASSIGNMENT (  '', '', ( #7478 ) ) ;
#6599 = ORIENTED_EDGE ( 'NONE', *, *, #6101, .T. ) ;
#6600 =( GEOMETRIC_REPRESENTATION_CONTEXT ( 3 ) GLOBAL_UNCERTAINTY_ASSIGNED_CONTEXT ( ( #3465 ) ) GLOBAL_UNIT_ASSIGNED_CONTEXT ( ( #2300, #9019, #2419 ) ) REPRESENTATION_CONTEXT ( 'NONE', 'WORKASPACE' ) );
#6601 = VECTOR ( 'NONE', #7312, 1000.000000000000000 ) ;
#6602 = AXIS2_PLACEMENT_3D ( 'NONE', #1736, #4422, #6934 ) ;
#6603 = ORIENTED_EDGE ( 'NONE', *, *, #264, .F. ) ;
#6604 = EDGE_CURVE ( 'NONE', #1073, #4256, #5220, .T. ) ;
#6605 = CARTESIAN_POINT ( 'NONE',  ( 0.1350000000000005640, 0.6614108798023734526, 2.215000000000001190 ) ) ;
#6606 = ORIENTED_EDGE ( 'NONE', *, *, #8231, .T. ) ;
#6607 = CARTESIAN_POINT ( 'NONE',  ( 2.837946739207651631E-15, 0.05000000000000000278, -1.864999999999996216 ) ) ;
#6608 = FACE_OUTER_BOUND ( 'NONE', #7856, .T. ) ;
#6609 = DIRECTION ( 'NONE',  ( 7.608436298143888101E-16, -0.000000000000000000, 1.000000000000000000 ) ) ;
#6610 = AXIS2_PLACEMENT_3D ( 'NONE', #9418, #3397, #8527 ) ;
#6611 = CARTESIAN_POINT ( 'NONE',  ( 1.135000000000000897, 0.2000000000000000111, -2.500000000000001332 ) ) ;
#6612 = ORIENTED_EDGE ( 'NONE', *, *, #7402, .T. ) ;
#6613 = VERTEX_POINT ( 'NONE', #5438 ) ;
#6614 = ORIENTED_EDGE ( 'NONE', *, *, #4005, .T. ) ;
#6615 = EDGE_CURVE ( 'NONE', #10171, #10082, #8748, .T. ) ;
#6616 = CARTESIAN_POINT ( 'NONE',  ( -1.134999999999999343, 0.2000000000000000111, 2.500000000000001332 ) ) ;
#6617 = DIRECTION ( 'NONE',  ( -0.000000000000000000, -1.000000000000000000, -0.000000000000000000 ) ) ;
#6618 = EDGE_CURVE ( 'NONE', #10417, #2537, #360, .T. ) ;
#6619 = VERTEX_POINT ( 'NONE', #4444 ) ;
#6620 = DIRECTION ( 'NONE',  ( 0.000000000000000000, 1.000000000000000000, 0.000000000000000000 ) ) ;
#6621 = DIRECTION ( 'NONE',  ( -1.000000000000000000, 0.000000000000000000, -1.521687259628770718E-15 ) ) ;
#6622 = CARTESIAN_POINT ( 'NONE',  ( 2.500000000000002220, 0.1999999999999999833, -0.8650000000000001021 ) ) ;
#6623 = CARTESIAN_POINT ( 'NONE',  ( -2.215000000000000746, 0.6614108798023753399, 1.865000000000000879 ) ) ;
#6624 = ORIENTED_EDGE ( 'NONE', *, *, #838, .T. ) ;
#6625 = CIRCLE ( 'NONE', #7503, 0.1150000000000000883 ) ;
#6626 = CIRCLE ( 'NONE', #8386, 0.1150000000000000883 ) ;
#6627 = ORIENTED_EDGE ( 'NONE', *, *, #7623, .T. ) ;
#6628 = FACE_OUTER_BOUND ( 'NONE', #4640, .T. ) ;
#6629 = ORIENTED_EDGE ( 'NONE', *, *, #6909, .F. ) ;
#6630 = DIRECTION ( 'NONE',  ( 0.000000000000000000, 0.000000000000000000, 1.000000000000000000 ) ) ;
#6631 = ORIENTED_EDGE ( 'NONE', *, *, #2847, .F. ) ;
#6632 = LINE ( 'NONE', #5740, #2259 ) ;
#6633 = FACE_OUTER_BOUND ( 'NONE', #10503, .T. ) ;
#6634 = PLANE ( 'NONE',  #9924 ) ;
#6635 = AXIS2_PLACEMENT_3D ( 'NONE', #3638, #1093, #2866 ) ;
#6636 = ADVANCED_FACE ( 'NONE', ( #9482 ), #1920, .T. ) ;
#6637 = ORIENTED_EDGE ( 'NONE', *, *, #8153, .T. ) ;
#6638 = VERTEX_POINT ( 'NONE', #3628 ) ;
#6639 = ORIENTED_EDGE ( 'NONE', *, *, #6269, .F. ) ;
#6640 = ORIENTED_EDGE ( 'NONE', *, *, #10377, .F. ) ;
#6641 = SURFACE_SIDE_STYLE ('',( #3267 ) ) ;
#6642 = VERTEX_POINT ( 'NONE', #10369 ) ;
#6643 = FACE_OUTER_BOUND ( 'NONE', #6163, .T. ) ;
#6644 = DIRECTION ( 'NONE',  ( 0.000000000000000000, -1.000000000000000000, 0.000000000000000000 ) ) ;
#6645 = LINE ( 'NONE', #2459, #388 ) ;
#6646 = LINE ( 'NONE', #4822, #5491 ) ;
#6647 = EDGE_LOOP ( 'NONE', ( #5207, #3216, #9840, #1273 ) ) ;
#6648 = ORIENTED_EDGE ( 'NONE', *, *, #7088, .F. ) ;
#6649 = VECTOR ( 'NONE', #5781, 1000.000000000000000 ) ;
#6650 = ORIENTED_EDGE ( 'NONE', *, *, #7144, .T. ) ;
#6651 = CARTESIAN_POINT ( 'NONE',  ( 2.215000000000000746, 0.05000000000000002359, -1.250000000000000888 ) ) ;
#6652 = ORIENTED_EDGE ( 'NONE', *, *, #5883, .F. ) ;
#6653 = CARTESIAN_POINT ( 'NONE',  ( -2.215000000000000746, 0.6614108798023753399, -0.1349999999999992595 ) ) ;
#6654 = CARTESIAN_POINT ( 'NONE',  ( -0.1349999999999992595, 0.6614108798023734526, 2.500000000000001332 ) ) ;
#6655 = CARTESIAN_POINT ( 'NONE',  ( -0.1349999999999992595, 0.2000000000000000111, 2.500000000000001332 ) ) ;
#6656 = AXIS2_PLACEMENT_3D ( 'NONE', #3348, #5998, #3297 ) ;
#6657 = DIRECTION ( 'NONE',  ( -1.000000000000000000, 0.000000000000000000, 7.608436298143875282E-16 ) ) ;
#6658 = PLANE ( 'NONE',  #5148 ) ;
#6659 = VERTEX_POINT ( 'NONE', #4834 ) ;
#6660 = ORIENTED_EDGE ( 'NONE', *, *, #5146, .T. ) ;
#6661 = EDGE_CURVE ( 'NONE', #2446, #2775, #6336, .T. ) ;
#6662 = EDGE_CURVE ( 'NONE', #7372, #8009, #7320, .T. ) ;
#6663 = VERTEX_POINT ( 'NONE', #3068 ) ;
#6664 = AXIS2_PLACEMENT_3D ( 'NONE', #8018, #7139, #4479 ) ;
#6665 = EDGE_CURVE ( 'NONE', #5368, #774, #4766, .T. ) ;
#6666 = DIRECTION ( 'NONE',  ( 1.521687259628770718E-15, 0.000000000000000000, 1.000000000000000000 ) ) ;
#6667 = DIRECTION ( 'NONE',  ( 0.000000000000000000, -1.000000000000000000, 0.000000000000000000 ) ) ;
#6668 = LINE ( 'NONE', #4074, #7337 ) ;
#6669 = CARTESIAN_POINT ( 'NONE',  ( -2.500000000000002220, 0.000000000000000000, 1.135000000000000009 ) ) ;
#6670 = DIRECTION ( 'NONE',  ( -0.000000000000000000, -1.000000000000000000, -0.000000000000000000 ) ) ;
#6671 = DIRECTION ( 'NONE',  ( 0.000000000000000000, 1.000000000000000000, 0.000000000000000000 ) ) ;
#6672 = ORIENTED_EDGE ( 'NONE', *, *, #7719, .F. ) ;
#6673 = ORIENTED_EDGE ( 'NONE', *, *, #5982, .F. ) ;
#6674 = EDGE_CURVE ( 'NONE', #6189, #7600, #9811, .T. ) ;
#6675 = DIRECTION ( 'NONE',  ( -1.000000000000000000, 0.000000000000000000, 7.608436298143875282E-16 ) ) ;
#6676 = ORIENTED_EDGE ( 'NONE', *, *, #5753, .F. ) ;
#6677 = CARTESIAN_POINT ( 'NONE',  ( 1.135000000000000675, 0.2000000000000000111, -2.215000000000001190 ) ) ;
#6678 = DIRECTION ( 'NONE',  ( -7.608436298143888101E-16, 0.000000000000000000, 1.000000000000000000 ) ) ;
#6679 = ORIENTED_EDGE ( 'NONE', *, *, #7391, .T. ) ;
#6680 = FACE_OUTER_BOUND ( 'NONE', #2179, .T. ) ;
#6681 = CYLINDRICAL_SURFACE ( 'NONE', #3169, 0.1150000000000002964 ) ;
#6682 = CARTESIAN_POINT ( 'NONE',  ( -0.7499999999999991118, 0.000000000000000000, 2.215000000000001190 ) ) ;
#6683 = DIRECTION ( 'NONE',  ( 0.000000000000000000, -1.000000000000000000, 0.000000000000000000 ) ) ;
#6684 = CLOSED_SHELL ( 'NONE', ( #8172, #7205, #7285, #5125, #5308, #2591 ) ) ;
#6685 = ORIENTED_EDGE ( 'NONE', *, *, #2800, .T. ) ;
#6686 = ORIENTED_EDGE ( 'NONE', *, *, #5542, .F. ) ;
#6687 = ORIENTED_EDGE ( 'NONE', *, *, #5004, .T. ) ;
#6688 = DIRECTION ( 'NONE',  ( 0.000000000000000000, 0.000000000000000000, -1.000000000000000000 ) ) ;
#6689 = EDGE_CURVE ( 'NONE', #7244, #7685, #5488, .T. ) ;
#6690 = ORIENTED_EDGE ( 'NONE', *, *, #201, .T. ) ;
#6691 = CARTESIAN_POINT ( 'NONE',  ( -1.634999999999999343, 0.000000000000000000, -2.500000000000001332 ) ) ;
#6692 = VERTEX_POINT ( 'NONE', #8857 ) ;
#6693 = CARTESIAN_POINT ( 'NONE',  ( -2.215000000000000746, 0.1999999999999999833, -1.749999999999999778 ) ) ;
#6694 = CARTESIAN_POINT ( 'NONE',  ( 2.215000000000000746, 0.6614108798023753399, -0.3650000000000011569 ) ) ;
#6695 = CARTESIAN_POINT ( 'NONE',  ( -1.865000000000001101, 0.05000000000000000278, 1.418973369603836071E-15 ) ) ;
#6696 = DIRECTION ( 'NONE',  ( 0.000000000000000000, 1.000000000000000000, 0.000000000000000000 ) ) ;
#6697 = DIRECTION ( 'NONE',  ( -7.608436298143888101E-16, 0.000000000000000000, -1.000000000000000000 ) ) ;
#6698 = ORIENTED_EDGE ( 'NONE', *, *, #7604, .T. ) ;
#6699 = ORIENTED_EDGE ( 'NONE', *, *, #4049, .T. ) ;
#6700 = ORIENTED_EDGE ( 'NONE', *, *, #7719, .T. ) ;
#6701 = CARTESIAN_POINT ( 'NONE',  ( 0.8650000000000007683, 0.6614108798023734526, 2.500000000000001332 ) ) ;
#6702 = ORIENTED_EDGE ( 'NONE', *, *, #454, .F. ) ;
#6703 = DIRECTION ( 'NONE',  ( -1.000000000000000000, -0.000000000000000000, -1.521687259628770718E-15 ) ) ;
#6704 = DIRECTION ( 'NONE',  ( 0.000000000000000000, 0.000000000000000000, -1.000000000000000000 ) ) ;
#6705 = PLANE ( 'NONE',  #6610 ) ;
#6706 = CARTESIAN_POINT ( 'NONE',  ( -2.215000000000000746, 0.6614108798023753399, -0.3649999999999998801 ) ) ;
#6707 = AXIS2_PLACEMENT_3D ( 'NONE', #4244, #6012, #9327 ) ;
#6708 = ADVANCED_FACE ( 'NONE', ( #5647 ), #2244, .F. ) ;
#6709 = CARTESIAN_POINT ( 'NONE',  ( 1.365000000000000657, 0.2000000000000000111, -2.500000000000001332 ) ) ;
#6710 = ORIENTED_EDGE ( 'NONE', *, *, #9599, .T. ) ;
#6711 = ORIENTED_EDGE ( 'NONE', *, *, #4427, .F. ) ;
#6712 = ORIENTED_EDGE ( 'NONE', *, *, #10854, .T. ) ;
#6713 = LINE ( 'NONE', #909, #3386 ) ;
#6714 = AXIS2_PLACEMENT_3D ( 'NONE', #10923, #5094, #186 ) ;
#6715 = ADVANCED_FACE ( 'NONE', ( #9702 ), #3961, .F. ) ;
#6716 = CARTESIAN_POINT ( 'NONE',  ( -1.749999999999999778, 0.000000000000000000, -1.300032178889605650 ) ) ;
#6717 = ORIENTED_EDGE ( 'NONE', *, *, #1750, .F. ) ;
#6718 = DIRECTION ( 'NONE',  ( 7.608436298143888101E-16, -0.000000000000000000, 1.000000000000000000 ) ) ;
#6719 = PLANE ( 'NONE',  #299 ) ;
#6720 = CARTESIAN_POINT ( 'NONE',  ( 0.6350000000000007860, 0.1999999999999999833, -2.500000000000001332 ) ) ;
#6721 = EDGE_CURVE ( 'NONE', #6042, #2473, #131, .T. ) ;
#6722 = LINE ( 'NONE', #9151, #7428 ) ;
#6723 = ADVANCED_FACE ( 'NONE', ( #6488 ), #7264, .F. ) ;
#6724 = EDGE_LOOP ( 'NONE', ( #3707, #3462, #7774, #2875 ) ) ;
#6725 = AXIS2_PLACEMENT_3D ( 'NONE', #10347, #1948, #6150 ) ;
#6726 = AXIS2_PLACEMENT_3D ( 'NONE', #260, #5440, #7166 ) ;
#6727 = VERTEX_POINT ( 'NONE', #3800 ) ;
#6728 = VECTOR ( 'NONE', #9814, 1000.000000000000000 ) ;
#6729 = CYLINDRICAL_SURFACE ( 'NONE', #5325, 0.1150000000000001993 ) ;
#6730 = ORIENTED_EDGE ( 'NONE', *, *, #10377, .T. ) ;
#6731 = EDGE_LOOP ( 'NONE', ( #9579, #1931, #2160, #10133 ) ) ;
#6732 = EDGE_CURVE ( 'NONE', #4366, #7367, #2299, .T. ) ;
#6733 =( NAMED_UNIT ( * ) PLANE_ANGLE_UNIT ( ) SI_UNIT ( $, .RADIAN. ) );
#6734 = CARTESIAN_POINT ( 'NONE',  ( 0.6350000000000007860, 0.2000000000000000111, -2.500000000000001332 ) ) ;
#6735 = EDGE_LOOP ( 'NONE', ( #8114, #3981, #9946, #1895 ) ) ;
#6736 = LINE ( 'NONE', #9274, #10010 ) ;
#6737 = VECTOR ( 'NONE', #2476, 1000.000000000000000 ) ;
#6738 = CARTESIAN_POINT ( 'NONE',  ( 1.365000000000000879, 0.04999999999999999584, 2.215000000000001190 ) ) ;
#6739 = CARTESIAN_POINT ( 'NONE',  ( -1.038551554696640975E-15, 0.05000000000000000278, 1.365000000000002434 ) ) ;
#6740 = VECTOR ( 'NONE', #8619, 1000.000000000000000 ) ;
#6741 = EDGE_CURVE ( 'NONE', #8260, #1839, #7164, .T. ) ;
#6742 = CARTESIAN_POINT ( 'NONE',  ( -0.1349999999999992595, 0.04999999999999999584, -2.215000000000001190 ) ) ;
#6743 = AXIS2_PLACEMENT_3D ( 'NONE', #6332, #9699, #5228 ) ;
#6744 = VERTEX_POINT ( 'NONE', #634 ) ;
#6745 = VECTOR ( 'NONE', #4993, 1000.000000000000000 ) ;
#6746 = ORIENTED_EDGE ( 'NONE', *, *, #2154, .T. ) ;
#6747 = LINE ( 'NONE', #7632, #2364 ) ;
#6748 = CIRCLE ( 'NONE', #741, 0.1150000000000000883 ) ;
#6749 = ORIENTED_EDGE ( 'NONE', *, *, #678, .F. ) ;
#6750 = SURFACE_STYLE_FILL_AREA ( #5859 ) ;
#6751 = AXIS2_PLACEMENT_3D ( 'NONE', #7127, #1043, #6301 ) ;
#6752 = CIRCLE ( 'NONE', #3044, 0.1150000000000001993 ) ;
#6753 = ADVANCED_FACE ( 'NONE', ( #4666 ), #8914, .T. ) ;
#6754 = ORIENTED_EDGE ( 'NONE', *, *, #2941, .T. ) ;
#6755 = DIRECTION ( 'NONE',  ( 0.000000000000000000, 0.000000000000000000, -1.000000000000000000 ) ) ;
#6756 = LINE ( 'NONE', #10290, #7504 ) ;
#6757 = CARTESIAN_POINT ( 'NONE',  ( 2.215000000000000746, 0.000000000000000000, 1.634999999999998899 ) ) ;
#6758 = FACE_OUTER_BOUND ( 'NONE', #1329, .T. ) ;
#6759 = EDGE_CURVE ( 'NONE', #6879, #8766, #10753, .T. ) ;
#6760 = DIRECTION ( 'NONE',  ( 0.000000000000000000, -1.000000000000000000, 0.000000000000000000 ) ) ;
#6761 = VECTOR ( 'NONE', #1855, 1000.000000000000000 ) ;
#6762 = MECHANICAL_DESIGN_GEOMETRIC_PRESENTATION_REPRESENTATION (  '', ( #4829 ), #9617 ) ;
#6764 = ORIENTED_EDGE ( 'NONE', *, *, #1122, .F. ) ;
#6763 = AXIS2_PLACEMENT_3D ( 'NONE', #1987, #9500, #5185 ) ;
#6765 = VECTOR ( 'NONE', #1695, 1000.000000000000000 ) ;
#6766 = ORIENTED_EDGE ( 'NONE', *, *, #7896, .F. ) ;
#6767 = AXIS2_PLACEMENT_3D ( 'NONE', #9678, #2110, #4641 ) ;
#6768 = DIRECTION ( 'NONE',  ( -0.000000000000000000, -1.000000000000000000, -0.000000000000000000 ) ) ;
#6769 = ORIENTED_EDGE ( 'NONE', *, *, #6689, .F. ) ;
#6770 = CARTESIAN_POINT ( 'NONE',  ( 2.500000000000002220, 0.6614108798023753399, 0.6349999999999998979 ) ) ;
#6771 = ADVANCED_FACE ( 'NONE', ( #1348 ), #6538, .F. ) ;
#6772 = PLANE ( 'NONE',  #9725 ) ;
#6773 = DIRECTION ( 'NONE',  ( 0.000000000000000000, -0.000000000000000000, 1.000000000000000000 ) ) ;
#6774 = CARTESIAN_POINT ( 'NONE',  ( -0.8649999999999994360, 0.2000000000000000111, 2.215000000000001190 ) ) ;
#6775 = DIRECTION ( 'NONE',  ( 0.000000000000000000, -0.000000000000000000, 1.000000000000000000 ) ) ;
#6776 = EDGE_LOOP ( 'NONE', ( #3847, #2233, #1665, #5817 ) ) ;
#6777 = EDGE_CURVE ( 'NONE', #6809, #8852, #8043, .T. ) ;
#6778 = VECTOR ( 'NONE', #2087, 1000.000000000000000 ) ;
#6779 = VECTOR ( 'NONE', #1064, 1000.000000000000000 ) ;
#6780 = ORIENTED_EDGE ( 'NONE', *, *, #10644, .T. ) ;
#6781 = EDGE_CURVE ( 'NONE', #7326, #7906, #3010, .T. ) ;
#6782 = DIRECTION ( 'NONE',  ( 0.000000000000000000, -1.000000000000000000, 0.000000000000000000 ) ) ;
#6783 = LINE ( 'NONE', #9426, #2177 ) ;
#6784 = UNCERTAINTY_MEASURE_WITH_UNIT (LENGTH_MEASURE( 1.000000000000000082E-05 ), #6962, 'distance_accuracy_value', 'NONE');
#6785 = STYLED_ITEM ( 'NONE', ( #9979 ), #9746 ) ;
#6786 = CARTESIAN_POINT ( 'NONE',  ( 1.250000000000000666, 0.6614108798023734526, -2.215000000000001190 ) ) ;
#6787 = SURFACE_SIDE_STYLE ('',( #8016 ) ) ;
#6788 = VECTOR ( 'NONE', #4750, 1000.000000000000000 ) ;
#6789 = CARTESIAN_POINT ( 'NONE',  ( -2.500000000000002220, 0.1999999999999999833, 1.135000000000000009 ) ) ;
#6790 = CARTESIAN_POINT ( 'NONE',  ( -0.8649999999999994360, 0.04999999999999999584, 2.215000000000001190 ) ) ;
#6791 = PLANE ( 'NONE',  #5838 ) ;
#6792 = ORIENTED_EDGE ( 'NONE', *, *, #6662, .T. ) ;
#6793 = ADVANCED_FACE ( 'NONE', ( #2196 ), #7695, .F. ) ;
#6794 = ORIENTED_EDGE ( 'NONE', *, *, #7213, .F. ) ;
#6795 = FACE_OUTER_BOUND ( 'NONE', #8951, .T. ) ;
#6796 = EDGE_CURVE ( 'NONE', #341, #10746, #9402, .T. ) ;
#6797 = ORIENTED_EDGE ( 'NONE', *, *, #5113, .F. ) ;
#6798 = EDGE_LOOP ( 'NONE', ( #3650, #8383, #3205, #9068 ) ) ;
#6799 = CARTESIAN_POINT ( 'NONE',  ( -2.777079248822532991E-16, 0.05000000000000000278, 0.3650000000000024336 ) ) ;
#6800 = DIRECTION ( 'NONE',  ( 3.771137991253918417E-15, -0.000000000000000000, 1.000000000000000000 ) ) ;
#6801 = LINE ( 'NONE', #10270, #4699 ) ;
#6802 = CARTESIAN_POINT ( 'NONE',  ( -1.749999999999999334, 0.000000000000000000, -1.634999999999999343 ) ) ;
#6803 = CARTESIAN_POINT ( 'NONE',  ( 2.215000000000000746, 0.1999999999999999833, -1.134999999999999343 ) ) ;
#6804 = LINE ( 'NONE', #8551, #2874 ) ;
#6805 = CARTESIAN_POINT ( 'NONE',  ( -2.215000000000000746, 0.6614108798023753399, -0.1349999999999992595 ) ) ;
#6806 = VECTOR ( 'NONE', #6200, 1000.000000000000000 ) ;
#6807 = ADVANCED_FACE ( 'NONE', ( #9286 ), #4063, .T. ) ;
#6808 = EDGE_CURVE ( 'NONE', #8298, #10121, #4368, .T. ) ;
#6809 = VERTEX_POINT ( 'NONE', #10231 ) ;
#6810 = DIRECTION ( 'NONE',  ( 0.000000000000000000, 0.000000000000000000, -1.000000000000000000 ) ) ;
#6811 = ADVANCED_FACE ( 'NONE', ( #5253 ), #3604, .F. ) ;
#6812 = EDGE_LOOP ( 'NONE', ( #4941, #405, #5229, #10522 ) ) ;
#6813 = ORIENTED_EDGE ( 'NONE', *, *, #751, .T. ) ;
#6814 = SURFACE_SIDE_STYLE ('',( #6750 ) ) ;
#6815 = ORIENTED_EDGE ( 'NONE', *, *, #10646, .T. ) ;
#6816 = AXIS2_PLACEMENT_3D ( 'NONE', #3140, #4037, #7561 ) ;
#6817 = LINE ( 'NONE', #9285, #758 ) ;
#6818 = DIRECTION ( 'NONE',  ( -3.771137991253918417E-15, 0.000000000000000000, 1.000000000000000000 ) ) ;
#6819 = AXIS2_PLACEMENT_3D ( 'NONE', #5254, #8824, #1276 ) ;
#6820 = DIRECTION ( 'NONE',  ( -0.000000000000000000, -1.000000000000000000, 0.000000000000000000 ) ) ;
#6821 = CARTESIAN_POINT ( 'NONE',  ( 0.2500000000000008882, 0.6614108798023734526, 2.100000000000000977 ) ) ;
#6822 = DIRECTION ( 'NONE',  ( 0.000000000000000000, -1.000000000000000000, 0.000000000000000000 ) ) ;
#6823 = DIRECTION ( 'NONE',  ( 0.000000000000000000, 0.000000000000000000, 1.000000000000000000 ) ) ;
#6824 = ORIENTED_EDGE ( 'NONE', *, *, #524, .T. ) ;
#6825 = EDGE_CURVE ( 'NONE', #1488, #2104, #1002, .T. ) ;
#6826 = ORIENTED_EDGE ( 'NONE', *, *, #4451, .T. ) ;
#6827 = CARTESIAN_POINT ( 'NONE',  ( 1.635000000000000675, 0.6614108798023734526, -2.215000000000001190 ) ) ;
#6828 = ORIENTED_EDGE ( 'NONE', *, *, #2060, .F. ) ;
#6829 = DIRECTION ( 'NONE',  ( -0.000000000000000000, -1.000000000000000000, -0.000000000000000000 ) ) ;
#6830 = LINE ( 'NONE', #5267, #5650 ) ;
#6831 = DIRECTION ( 'NONE',  ( 0.000000000000000000, 1.000000000000000000, 0.000000000000000000 ) ) ;
#6832 = CARTESIAN_POINT ( 'NONE',  ( -2.215000000000000746, 0.6614108798023753399, 1.250000000000000222 ) ) ;
#6833 = ORIENTED_EDGE ( 'NONE', *, *, #1458, .F. ) ;
#6834 = VECTOR ( 'NONE', #5727, 1000.000000000000000 ) ;
#6835 = CARTESIAN_POINT ( 'NONE',  ( -2.215000000000000746, 0.1999999999999999833, -0.6349999999999992317 ) ) ;
#6836 = ORIENTED_EDGE ( 'NONE', *, *, #10197, .T. ) ;
#6837 = ORIENTED_EDGE ( 'NONE', *, *, #10068, .T. ) ;
#6838 = VECTOR ( 'NONE', #8583, 1000.000000000000000 ) ;
#6839 = EDGE_CURVE ( 'NONE', #2580, #10506, #10126, .T. ) ;
#6840 = CARTESIAN_POINT ( 'NONE',  ( -1.243979334746521905E-15, 0.05000000000000000278, -1.634999999999997566 ) ) ;
#6841 = CARTESIAN_POINT ( 'NONE',  ( 1.135000000000000675, 0.2000000000000000111, 2.215000000000001190 ) ) ;
#6842 = CARTESIAN_POINT ( 'NONE',  ( 2.500000000000001332, 0.1999999999999999833, 1.865000000000000657 ) ) ;
#6843 = DIRECTION ( 'NONE',  ( 0.000000000000000000, 1.000000000000000000, 0.000000000000000000 ) ) ;
#6844 = CARTESIAN_POINT ( 'NONE',  ( 2.500000000000001332, 0.1999999999999999833, 0.8650000000000005462 ) ) ;
#6845 = CARTESIAN_POINT ( 'NONE',  ( 1.250000000000000666, 0.000000000000000000, -2.215000000000001190 ) ) ;
#6846 = CARTESIAN_POINT ( 'NONE',  ( 2.500000000000001332, 0.000000000000000000, 0.3650000000000005462 ) ) ;
#6847 = AXIS2_PLACEMENT_3D ( 'NONE', #10289, #8561, #7422 ) ;
#6848 = VERTEX_POINT ( 'NONE', #2730 ) ;
#6849 = CARTESIAN_POINT ( 'NONE',  ( 1.316259479578881110E-15, 0.05000000000000000278, -0.8649999999999963274 ) ) ;
#6850 = EDGE_LOOP ( 'NONE', ( #10657, #7926, #7916, #9106 ) ) ;
#6851 = DIRECTION ( 'NONE',  ( -0.000000000000000000, -0.000000000000000000, -1.000000000000000000 ) ) ;
#6852 = VECTOR ( 'NONE', #1656, 1000.000000000000000 ) ;
#6853 = LINE ( 'NONE', #7617, #2412 ) ;
#6854 = CARTESIAN_POINT ( 'NONE',  ( 2.215000000000000746, 0.1999999999999999833, -1.750000000000000888 ) ) ;
#6855 = DIRECTION ( 'NONE',  ( 0.000000000000000000, 0.000000000000000000, -1.000000000000000000 ) ) ;
#6856 = DIRECTION ( 'NONE',  ( -7.608436298143875282E-16, 0.000000000000000000, -1.000000000000000000 ) ) ;
#6857 = DIRECTION ( 'NONE',  ( 0.000000000000000000, 0.000000000000000000, 1.000000000000000000 ) ) ;
#6858 = DIRECTION ( 'NONE',  ( 0.000000000000000000, 0.000000000000000000, 1.000000000000000000 ) ) ;
#6859 = EDGE_CURVE ( 'NONE', #8197, #5444, #2668, .T. ) ;
#6860 = ORIENTED_EDGE ( 'NONE', *, *, #889, .T. ) ;
#6861 = CARTESIAN_POINT ( 'NONE',  ( -1.249999999999999334, 0.2000000000000000111, -2.215000000000001190 ) ) ;
#6862 = EDGE_LOOP ( 'NONE', ( #1774, #3336, #2551, #7247 ) ) ;
#6863 = ORIENTED_EDGE ( 'NONE', *, *, #7088, .T. ) ;
#6864 = CYLINDRICAL_SURFACE ( 'NONE', #2880, 0.1150000000000000883 ) ;
#6865 = EDGE_LOOP ( 'NONE', ( #6530, #8932, #386, #7505 ) ) ;
#6866 = FILL_AREA_STYLE ('',( #5195 ) ) ;
#6867 = ORIENTED_EDGE ( 'NONE', *, *, #3834, .T. ) ;
#6868 = CARTESIAN_POINT ( 'NONE',  ( 1.634999999999998899, 0.05000000000000000278, 1.243979334746524863E-15 ) ) ;
#6869 = DIRECTION ( 'NONE',  ( -0.000000000000000000, -0.000000000000000000, -1.000000000000000000 ) ) ;
#6870 = EDGE_CURVE ( 'NONE', #2112, #6586, #10023, .T. ) ;
#6871 = VECTOR ( 'NONE', #8275, 1000.000000000000000 ) ;
#6872 = FACE_OUTER_BOUND ( 'NONE', #640, .T. ) ;
#6873 = CARTESIAN_POINT ( 'NONE',  ( 2.215000000000000746, 0.1999999999999999833, 0.8650000000000007683 ) ) ;
#6874 = PLANE ( 'NONE',  #6922 ) ;
#6875 = ORIENTED_EDGE ( 'NONE', *, *, #9696, .T. ) ;
#6876 = EDGE_CURVE ( 'NONE', #4018, #5872, #7744, .T. ) ;
#6877 = EDGE_LOOP ( 'NONE', ( #10230, #2475, #1905, #1319 ) ) ;
#6878 = CARTESIAN_POINT ( 'NONE',  ( 1.635000000000000231, 0.1999999999999996503, -1.749999999999998446 ) ) ;
#6879 = VERTEX_POINT ( 'NONE', #5136 ) ;
#6880 = CARTESIAN_POINT ( 'NONE',  ( 2.500000000000002220, 0.6614108798023753399, 1.135000000000000009 ) ) ;
#6881 = LINE ( 'NONE', #22, #5301 ) ;
#6882 = EDGE_CURVE ( 'NONE', #712, #2438, #173, .T. ) ;
#6883 = LINE ( 'NONE', #2683, #8020 ) ;
#6884 = LINE ( 'NONE', #1684, #7610 ) ;
#6885 = ADVANCED_FACE ( 'NONE', ( #6094 ), #4317, .T. ) ;
#6886 = FACE_OUTER_BOUND ( 'NONE', #10145, .T. ) ;
#6887 = VERTEX_POINT ( 'NONE', #9340 ) ;
#6888 = EDGE_LOOP ( 'NONE', ( #4176, #7232, #4094, #7467 ) ) ;
#6889 = CARTESIAN_POINT ( 'NONE',  ( 0.3650000000000007683, 0.6614108798023734526, -2.500000000000001332 ) ) ;
#6890 = CARTESIAN_POINT ( 'NONE',  ( -1.749999999999999112, 0.000000000000000000, 2.100000000000000977 ) ) ;
#6891 = UNCERTAINTY_MEASURE_WITH_UNIT (LENGTH_MEASURE( 1.000000000000000082E-05 ), #6499, 'distance_accuracy_value', 'NONE');
#6892 = DIRECTION ( 'NONE',  ( 1.000000000000000000, 0.000000000000000000, -1.521687259628770718E-15 ) ) ;
#6893 = DIRECTION ( 'NONE',  ( 0.000000000000000000, 0.000000000000000000, 1.000000000000000000 ) ) ;
#6894 = DIRECTION ( 'NONE',  ( 0.000000000000000000, 0.000000000000000000, 1.000000000000000000 ) ) ;
#6895 = EDGE_CURVE ( 'NONE', #10136, #490, #10812, .T. ) ;
#6896 = ADVANCED_FACE ( 'NONE', ( #1775 ), #2777, .T. ) ;
#6897 = DIRECTION ( 'NONE',  ( -0.000000000000000000, -1.000000000000000000, -0.000000000000000000 ) ) ;
#6898 = CIRCLE ( 'NONE', #361, 0.1150000000000000883 ) ;
#6899 = ORIENTED_EDGE ( 'NONE', *, *, #2462, .T. ) ;
#6900 = DIRECTION ( 'NONE',  ( -1.000000000000000000, -0.000000000000000000, -1.521687259628770718E-15 ) ) ;
#6901 = ORIENTED_EDGE ( 'NONE', *, *, #7084, .F. ) ;
#6902 = CARTESIAN_POINT ( 'NONE',  ( 1.750000000000000222, 5.149747468305832854, 1.635000000000001341 ) ) ;
#6903 = CARTESIAN_POINT ( 'NONE',  ( 2.215000000000000746, 0.05000000000000002359, 1.365000000000000657 ) ) ;
#6904 = DIRECTION ( 'NONE',  ( -0.000000000000000000, -1.000000000000000000, -0.000000000000000000 ) ) ;
#6905 = LINE ( 'NONE', #4627, #7994 ) ;
#6906 = LINE ( 'NONE', #6739, #2697 ) ;
#6907 = VECTOR ( 'NONE', #8091, 1000.000000000000000 ) ;
#6908 = DIRECTION ( 'NONE',  ( -0.000000000000000000, -0.000000000000000000, -1.000000000000000000 ) ) ;
#6909 = EDGE_CURVE ( 'NONE', #1086, #10404, #5922, .T. ) ;
#6910 = AXIS2_PLACEMENT_3D ( 'NONE', #1145, #5392, #8797 ) ;
#6911 = ORIENTED_EDGE ( 'NONE', *, *, #2507, .T. ) ;
#6912 = CARTESIAN_POINT ( 'NONE',  ( 1.635000000000000897, 0.2000000000000000111, 2.500000000000001332 ) ) ;
#6913 = ORIENTED_EDGE ( 'NONE', *, *, #3114, .T. ) ;
#6914 = EDGE_LOOP ( 'NONE', ( #506, #4209, #4234, #10425 ) ) ;
#6915 = CIRCLE ( 'NONE', #1429, 0.1150000000000000883 ) ;
#6916 = FILL_AREA_STYLE_COLOUR ( '', #3942 ) ;
#6917 = AXIS2_PLACEMENT_3D ( 'NONE', #4706, #3843, #5638 ) ;
#6918 = ORIENTED_EDGE ( 'NONE', *, *, #10378, .T. ) ;
#6919 = VERTEX_POINT ( 'NONE', #1724 ) ;
#6920 = CARTESIAN_POINT ( 'NONE',  ( -1.800000000000001155, 1.000000000000000000, -1.800000000000000711 ) ) ;
#6921 = LINE ( 'NONE', #6694, #3977 ) ;
#6922 = AXIS2_PLACEMENT_3D ( 'NONE', #14, #3544, #3444 ) ;
#6923 = CARTESIAN_POINT ( 'NONE',  ( 0.7500000000000008882, 0.6614108798023734526, 2.215000000000001190 ) ) ;
#6924 = DIRECTION ( 'NONE',  ( 0.000000000000000000, 0.000000000000000000, 1.000000000000000000 ) ) ;
#6925 = AXIS2_PLACEMENT_3D ( 'NONE', #764, #813, #9321 ) ;
#6926 = LINE ( 'NONE', #8406, #9738 ) ;
#6927 = ORIENTED_EDGE ( 'NONE', *, *, #7531, .T. ) ;
#6928 = AXIS2_PLACEMENT_3D ( 'NONE', #6992, #7758, #3558 ) ;
#6929 = AXIS2_PLACEMENT_3D ( 'NONE', #6682, #871, #3427 ) ;
#6930 = EDGE_CURVE ( 'NONE', #8884, #7388, #1201, .T. ) ;
#6931 = VECTOR ( 'NONE', #10167, 1000.000000000000000 ) ;
#6932 = VECTOR ( 'NONE', #10113, 1000.000000000000000 ) ;
#6933 = ORIENTED_EDGE ( 'NONE', *, *, #6455, .T. ) ;
#6934 = DIRECTION ( 'NONE',  ( 0.000000000000000000, 0.000000000000000000, -1.000000000000000000 ) ) ;
#6935 = ORIENTED_EDGE ( 'NONE', *, *, #8697, .T. ) ;
#6936 = CARTESIAN_POINT ( 'NONE',  ( -1.249999999999999112, 0.6614108798023734526, 2.215000000000001190 ) ) ;
#6937 = CARTESIAN_POINT ( 'NONE',  ( -0.3649999999999994360, 0.2000000000000000111, 2.215000000000001190 ) ) ;
#6938 = AXIS2_PLACEMENT_3D ( 'NONE', #684, #577, #3115 ) ;
#6939 = DIRECTION ( 'NONE',  ( -1.521687259628770718E-15, 0.000000000000000000, 1.000000000000000000 ) ) ;
#6940 = CARTESIAN_POINT ( 'NONE',  ( -2.500000000000002220, 0.000000000000000000, -0.8650000000000001021 ) ) ;
#6941 = CARTESIAN_POINT ( 'NONE',  ( 2.215000000000000746, 0.1999999999999999833, -0.1349999999999992595 ) ) ;
#6942 = CIRCLE ( 'NONE', #6587, 0.1150000000000000883 ) ;
#6943 = CARTESIAN_POINT ( 'NONE',  ( 2.500000000000002220, 0.000000000000000000, -0.3650000000000001021 ) ) ;
#6944 = CIRCLE ( 'NONE', #2184, 0.1150000000000000883 ) ;
#6945 = EDGE_CURVE ( 'NONE', #3489, #4325, #2620, .T. ) ;
#6946 = VERTEX_POINT ( 'NONE', #1171 ) ;
#6947 = DIRECTION ( 'NONE',  ( -1.000000000000000000, 0.000000000000000000, 8.673617379884035472E-17 ) ) ;
#6948 = DIRECTION ( 'NONE',  ( 0.000000000000000000, 1.000000000000000000, 0.000000000000000000 ) ) ;
#6949 = CARTESIAN_POINT ( 'NONE',  ( 2.215000000000000746, 0.000000000000000000, 1.365000000000000657 ) ) ;
#6950 = CARTESIAN_POINT ( 'NONE',  ( 1.865000000000000879, 0.1999999999999999833, -2.215000000000001190 ) ) ;
#6951 = VECTOR ( 'NONE', #8937, 1000.000000000000000 ) ;
#6952 = CARTESIAN_POINT ( 'NONE',  ( -1.749999999999999112, 0.2000000000000000111, 2.215000000000001190 ) ) ;
#6953 = MECHANICAL_DESIGN_GEOMETRIC_PRESENTATION_REPRESENTATION (  '', ( #6244 ), #4296 ) ;
#6954 = ORIENTED_EDGE ( 'NONE', *, *, #4358, .F. ) ;
#6955 = ADVANCED_FACE ( 'NONE', ( #4538 ), #494, .F. ) ;
#6956 = ADVANCED_FACE ( 'NONE', ( #10608 ), #8823, .T. ) ;
#6957 = VECTOR ( 'NONE', #6271, 1000.000000000000000 ) ;
#6958 = ORIENTED_EDGE ( 'NONE', *, *, #5443, .F. ) ;
#6959 = CARTESIAN_POINT ( 'NONE',  ( -1.634999999999999343, 0.2000000000000000111, -2.215000000000001190 ) ) ;
#6960 = CARTESIAN_POINT ( 'NONE',  ( 0.1349999999999988987, 0.05000000000000000278, -1.027138900249416359E-16 ) ) ;
#6961 = DIRECTION ( 'NONE',  ( -1.000000000000000000, 0.000000000000000000, 0.000000000000000000 ) ) ;
#6962 =( LENGTH_UNIT ( ) NAMED_UNIT ( * ) SI_UNIT ( .MILLI., .METRE. ) );
#6963 = LINE ( 'NONE', #2765, #1272 ) ;
#6964 = CARTESIAN_POINT ( 'NONE',  ( -2.500000000000002220, 0.6614108798023753399, -0.3650000000000001021 ) ) ;
#6965 = ORIENTED_EDGE ( 'NONE', *, *, #10823, .F. ) ;
#6966 = DIRECTION ( 'NONE',  ( -0.000000000000000000, -1.000000000000000000, -0.000000000000000000 ) ) ;
#6967 = ORIENTED_EDGE ( 'NONE', *, *, #9295, .T. ) ;
#6968 = ORIENTED_EDGE ( 'NONE', *, *, #3280, .T. ) ;
#6969 = CARTESIAN_POINT ( 'NONE',  ( 0.3650000000000007683, 0.6614108798023734526, 2.500000000000001332 ) ) ;
#6970 = ORIENTED_EDGE ( 'NONE', *, *, #6661, .T. ) ;
#6971 = VERTEX_POINT ( 'NONE', #2166 ) ;
#6972 = DIRECTION ( 'NONE',  ( -0.000000000000000000, -0.000000000000000000, -1.000000000000000000 ) ) ;
#6973 = ORIENTED_EDGE ( 'NONE', *, *, #920, .F. ) ;
#6974 =( LENGTH_UNIT ( ) NAMED_UNIT ( * ) SI_UNIT ( .MILLI., .METRE. ) );
#6975 = EDGE_CURVE ( 'NONE', #10602, #10121, #447, .T. ) ;
#6976 = ORIENTED_EDGE ( 'NONE', *, *, #9447, .F. ) ;
#6977 = CARTESIAN_POINT ( 'NONE',  ( -1.800000000000001155, 1.000000000000000000, -1.800000000000000711 ) ) ;
#6978 = CARTESIAN_POINT ( 'NONE',  ( -1.134999999999999343, 0.6614108798023734526, 2.500000000000001332 ) ) ;
#6979 = DIRECTION ( 'NONE',  ( 0.000000000000000000, 0.000000000000000000, -1.000000000000000000 ) ) ;
#6980 = DIRECTION ( 'NONE',  ( -0.000000000000000000, -1.000000000000000000, -0.000000000000000000 ) ) ;
#6981 = DIRECTION ( 'NONE',  ( 1.000000000000000000, 0.000000000000000000, -0.000000000000000000 ) ) ;
#6982 = ORIENTED_EDGE ( 'NONE', *, *, #452, .F. ) ;
#6983 = VECTOR ( 'NONE', #8592, 1000.000000000000000 ) ;
#6984 = VECTOR ( 'NONE', #8126, 1000.000000000000000 ) ;
#6985 = ORIENTED_EDGE ( 'NONE', *, *, #2837, .F. ) ;
#6986 = FACE_OUTER_BOUND ( 'NONE', #2522, .T. ) ;
#6987 = EDGE_LOOP ( 'NONE', ( #5037, #6863, #8445, #4269 ) ) ;
#6988 = FACE_OUTER_BOUND ( 'NONE', #8569, .T. ) ;
#6989 = FACE_OUTER_BOUND ( 'NONE', #10715, .T. ) ;
#6990 = LINE ( 'NONE', #1641, #939 ) ;
#6991 = CARTESIAN_POINT ( 'NONE',  ( 2.215000000000000746, 0.05000000000000002359, -0.1349999999999992595 ) ) ;
#6992 = CARTESIAN_POINT ( 'NONE',  ( -1.749999999999999112, 0.2000000000000000111, 2.215000000000001190 ) ) ;
#6993 = LINE ( 'NONE', #5321, #8154 ) ;
#6994 = ADVANCED_FACE ( 'NONE', ( #2939 ), #6259, .F. ) ;
#6995 = ORIENTED_EDGE ( 'NONE', *, *, #2485, .T. ) ;
#6996 = DIRECTION ( 'NONE',  ( 0.000000000000000000, 1.000000000000000000, -0.000000000000000000 ) ) ;
#6997 = CARTESIAN_POINT ( 'NONE',  ( 0.6350000000000005640, 0.000000000000000000, 2.215000000000001190 ) ) ;
#6998 = CARTESIAN_POINT ( 'NONE',  ( -2.215000000000000746, 0.05000000000000002359, -0.1349999999999992595 ) ) ;
#6999 = DIRECTION ( 'NONE',  ( 3.771137991253918417E-15, 0.000000000000000000, -1.000000000000000000 ) ) ;
#7000 = CARTESIAN_POINT ( 'NONE',  ( 2.499999999999999556, 0.05000000000000000278, 2.499999999999998668 ) ) ;
#7001 = EDGE_CURVE ( 'NONE', #7659, #10894, #9680, .T. ) ;
#7002 = EDGE_CURVE ( 'NONE', #616, #9957, #1192, .T. ) ;
#7003 = CYLINDRICAL_SURFACE ( 'NONE', #1432, 0.1149999999999998662 ) ;
#7004 = EDGE_CURVE ( 'NONE', #10283, #7146, #4583, .T. ) ;
#7005 = EDGE_LOOP ( 'NONE', ( #3582, #5943, #5126, #6531 ) ) ;
#7006 = AXIS2_PLACEMENT_3D ( 'NONE', #1751, #3351, #917 ) ;
#7007 = DIRECTION ( 'NONE',  ( 0.000000000000000000, -0.000000000000000000, -1.000000000000000000 ) ) ;
#7008 = LINE ( 'NONE', #6959, #2548 ) ;
#7009 = CARTESIAN_POINT ( 'NONE',  ( 1.865000000000000879, 0.000000000000000000, -2.215000000000001190 ) ) ;
#7010 = DIRECTION ( 'NONE',  ( -1.000000000000000000, 0.000000000000000000, 1.521687259628770718E-15 ) ) ;
#7011 = LINE ( 'NONE', #4520, #7591 ) ;
#7012 = EDGE_CURVE ( 'NONE', #1497, #3615, #1275, .T. ) ;
#7013 = CARTESIAN_POINT ( 'NONE',  ( -2.500000000000000444, 9.071067811865477282, -2.500000000000000888 ) ) ;
#7014 = LINE ( 'NONE', #1097, #394 ) ;
#7015 = ORIENTED_EDGE ( 'NONE', *, *, #5652, .T. ) ;
#7016 = CARTESIAN_POINT ( 'NONE',  ( 2.500000000000001332, 0.1999999999999999833, 1.365000000000000435 ) ) ;
#7017 = ADVANCED_FACE ( 'NONE', ( #5361 ), #1111, .T. ) ;
#7018 = VERTEX_POINT ( 'NONE', #3828 ) ;
#7019 = VERTEX_POINT ( 'NONE', #7857 ) ;
#7020 = VECTOR ( 'NONE', #5572, 1000.000000000000000 ) ;
#7021 = CARTESIAN_POINT ( 'NONE',  ( -1.364999999999999325, 0.1999999999999999833, -2.500000000000001332 ) ) ;
#7022 = EDGE_LOOP ( 'NONE', ( #2771, #6214, #2450, #9629 ) ) ;
#7023 = CARTESIAN_POINT ( 'NONE',  ( 2.500000000000001332, 0.1999999999999999833, 1.365000000000000435 ) ) ;
#7024 = EDGE_LOOP ( 'NONE', ( #6346, #3079, #7492, #2398 ) ) ;
#7025 = ORIENTED_EDGE ( 'NONE', *, *, #5956, .T. ) ;
#7026 = DIRECTION ( 'NONE',  ( 0.000000000000000000, 1.000000000000000000, -0.000000000000000000 ) ) ;
#7027 = DIRECTION ( 'NONE',  ( -1.000000000000000000, 0.000000000000000000, 0.000000000000000000 ) ) ;
#7028 = CARTESIAN_POINT ( 'NONE',  ( 0.2500000000000008882, 0.2000000000000000111, 2.100000000000000977 ) ) ;
#7029 = CARTESIAN_POINT ( 'NONE',  ( -0.7499999999999993339, 0.2000000000000000111, -2.215000000000001190 ) ) ;
#7030 = PLANE ( 'NONE',  #5497 ) ;
#7031 = VERTEX_POINT ( 'NONE', #3040 ) ;
#7032 = AXIS2_PLACEMENT_3D ( 'NONE', #5534, #462, #7973 ) ;
#7033 = EDGE_CURVE ( 'NONE', #9726, #7585, #8762, .T. ) ;
#7034 = ORIENTED_EDGE ( 'NONE', *, *, #2565, .F. ) ;
#7035 = CARTESIAN_POINT ( 'NONE',  ( 1.635000000000000897, 0.1999999999999999833, 2.500000000000001332 ) ) ;
#7036 = ORIENTED_EDGE ( 'NONE', *, *, #7703, .F. ) ;
#7037 = FACE_OUTER_BOUND ( 'NONE', #8615, .T. ) ;
#7038 = CARTESIAN_POINT ( 'NONE',  ( -2.500000000000001332, 0.1999999999999999833, -1.634999999999999565 ) ) ;
#7039 = CARTESIAN_POINT ( 'NONE',  ( 0.8650000000000007683, 0.000000000000000000, -2.215000000000001190 ) ) ;
#7040 = DIRECTION ( 'NONE',  ( -1.000000000000000000, 0.000000000000000000, -0.000000000000000000 ) ) ;
#7041 = FACE_OUTER_BOUND ( 'NONE', #6798, .T. ) ;
#7042 = DIRECTION ( 'NONE',  ( -1.000000000000000000, 0.000000000000000000, -0.000000000000000000 ) ) ;
#7043 = EDGE_LOOP ( 'NONE', ( #1996, #7132, #10705, #4419 ) ) ;
#7044 = CLOSED_SHELL ( 'NONE', ( #972, #4181, #1190, #5049, #315, #5264 ) ) ;
#7045 = EDGE_CURVE ( 'NONE', #4263, #7176, #7074, .T. ) ;
#7046 = ORIENTED_EDGE ( 'NONE', *, *, #5278, .T. ) ;
#7047 = CARTESIAN_POINT ( 'NONE',  ( -0.6349999999999990097, 0.6614108798023734526, 2.215000000000001190 ) ) ;
#7048 = DIRECTION ( 'NONE',  ( 0.000000000000000000, 0.000000000000000000, 1.000000000000000000 ) ) ;
#7049 = LINE ( 'NONE', #423, #10187 ) ;
#7050 = CARTESIAN_POINT ( 'NONE',  ( 2.215000000000000746, 0.6614108798023753399, 0.8650000000000007683 ) ) ;
#7051 = DIRECTION ( 'NONE',  ( 0.000000000000000000, -0.000000000000000000, -1.000000000000000000 ) ) ;
#7052 = ORIENTED_EDGE ( 'NONE', *, *, #6945, .F. ) ;
#7053 = EDGE_CURVE ( 'NONE', #7618, #9877, #7546, .T. ) ;
#7054 = MECHANICAL_DESIGN_GEOMETRIC_PRESENTATION_REPRESENTATION (  '', ( #5822 ), #5999 ) ;
#7055 = CYLINDRICAL_SURFACE ( 'NONE', #9919, 0.2499999999999997780 ) ;
#7056 = PRESENTATION_STYLE_ASSIGNMENT (( #8703 ) ) ;
#7057 = DIRECTION ( 'NONE',  ( 0.000000000000000000, 0.000000000000000000, 1.000000000000000000 ) ) ;
#7058 = EDGE_CURVE ( 'NONE', #3827, #6294, #5414, .T. ) ;
#7059 = CARTESIAN_POINT ( 'NONE',  ( -2.500000000000001332, 0.04999999999999969746, 0.3650000000000005462 ) ) ;
#7060 = PLANE ( 'NONE',  #57 ) ;
#7061 = CARTESIAN_POINT ( 'NONE',  ( 2.500000000000001332, 0.1999999999999999833, -1.634999999999999565 ) ) ;
#7062 = ORIENTED_EDGE ( 'NONE', *, *, #4064, .T. ) ;
#7063 = PLANE ( 'NONE',  #10478 ) ;
#7064 = ADVANCED_FACE ( 'NONE', ( #8775 ), #9570, .T. ) ;
#7065 = ORIENTED_EDGE ( 'NONE', *, *, #798, .T. ) ;
#7066 = FACE_OUTER_BOUND ( 'NONE', #4046, .T. ) ;
#7067 = VERTEX_POINT ( 'NONE', #2007 ) ;
#7068 = ORIENTED_EDGE ( 'NONE', *, *, #9900, .F. ) ;
#7069 = FILL_AREA_STYLE ('',( #444 ) ) ;
#7070 = CARTESIAN_POINT ( 'NONE',  ( 0.2500000000000006661, 0.6614108798023734526, -2.215000000000001190 ) ) ;
#7071 = SURFACE_STYLE_USAGE ( .BOTH. , #6257 ) ;
#7072 = VECTOR ( 'NONE', #1569, 1000.000000000000000 ) ;
#7073 = ORIENTED_EDGE ( 'NONE', *, *, #5322, .T. ) ;
#7074 = LINE ( 'NONE', #284, #8076 ) ;
#7075 = DIRECTION ( 'NONE',  ( 1.000000000000000000, 0.000000000000000000, -7.608436298143888101E-16 ) ) ;
#7076 = DIRECTION ( 'NONE',  ( -0.000000000000000000, -1.000000000000000000, -0.000000000000000000 ) ) ;
#7077 = LINE ( 'NONE', #3659, #1087 ) ;
#7078 = DIRECTION ( 'NONE',  ( 7.608436298143875282E-16, 0.000000000000000000, -1.000000000000000000 ) ) ;
#7079 = VECTOR ( 'NONE', #8204, 1000.000000000000000 ) ;
#7080 = ORIENTED_EDGE ( 'NONE', *, *, #4091, .T. ) ;
#7081 = ORIENTED_EDGE ( 'NONE', *, *, #9718, .T. ) ;
#7082 = AXIS2_PLACEMENT_3D ( 'NONE', #2343, #6644, #6594 ) ;
#7083 = VECTOR ( 'NONE', #4510, 1000.000000000000000 ) ;
#7084 = EDGE_CURVE ( 'NONE', #9561, #8222, #2989, .T. ) ;
#7085 = ORIENTED_EDGE ( 'NONE', *, *, #10864, .T. ) ;
#7086 = CARTESIAN_POINT ( 'NONE',  ( 1.365000000000000657, 0.6614108798023734526, -2.500000000000001332 ) ) ;
#7087 = AXIS2_PLACEMENT_3D ( 'NONE', #2012, #7078, #10350 ) ;
#7088 = EDGE_CURVE ( 'NONE', #4202, #9724, #5520, .T. ) ;
#7089 = ORIENTED_EDGE ( 'NONE', *, *, #9863, .T. ) ;
#7090 = CARTESIAN_POINT ( 'NONE',  ( 1.135000000000000897, 0.2000000000000000111, 2.500000000000001332 ) ) ;
#7091 = CARTESIAN_POINT ( 'NONE',  ( 2.215000000000000746, 0.000000000000000000, -0.6349999999999992317 ) ) ;
#7092 = PLANE ( 'NONE',  #7032 ) ;
#7093 = FACE_OUTER_BOUND ( 'NONE', #7302, .T. ) ;
#7094 = DIRECTION ( 'NONE',  ( 0.000000000000000000, 1.000000000000000000, 0.000000000000000000 ) ) ;
#7095 = LINE ( 'NONE', #6110, #9017 ) ;
#7096 = VECTOR ( 'NONE', #10036, 1000.000000000000000 ) ;
#7097 = DIRECTION ( 'NONE',  ( 7.608436298143888101E-16, 0.000000000000000000, -1.000000000000000000 ) ) ;
#7098 = VECTOR ( 'NONE', #3890, 1000.000000000000000 ) ;
#7099 = VECTOR ( 'NONE', #2871, 1000.000000000000000 ) ;
#7100 = VECTOR ( 'NONE', #4117, 1000.000000000000000 ) ;
#7101 = ADVANCED_FACE ( 'NONE', ( #3985 ), #6577, .T. ) ;
#7102 = ORIENTED_EDGE ( 'NONE', *, *, #3521, .T. ) ;
#7103 = VECTOR ( 'NONE', #9015, 1000.000000000000000 ) ;
#7104 = PLANE ( 'NONE',  #5673 ) ;
#7105 = CIRCLE ( 'NONE', #3927, 0.2500000000000000000 ) ;
#7106 = CYLINDRICAL_SURFACE ( 'NONE', #44, 0.1150000000000000883 ) ;
#7107 = DIRECTION ( 'NONE',  ( 0.000000000000000000, 1.000000000000000000, 0.000000000000000000 ) ) ;
#7108 = CARTESIAN_POINT ( 'NONE',  ( 1.135000000000000897, 0.6614108798023734526, 2.500000000000001332 ) ) ;
#7109 = AXIS2_PLACEMENT_3D ( 'NONE', #9716, #8161, #8927 ) ;
#7110 = DIRECTION ( 'NONE',  ( -0.000000000000000000, -1.000000000000000000, -0.000000000000000000 ) ) ;
#7111 = AXIS2_PLACEMENT_3D ( 'NONE', #676, #7627, #6858 ) ;
#7112 = ADVANCED_FACE ( 'NONE', ( #5794 ), #8225, .F. ) ;
#7113 = DIRECTION ( 'NONE',  ( -7.608436298143888101E-16, 0.000000000000000000, 1.000000000000000000 ) ) ;
#7114 = CARTESIAN_POINT ( 'NONE',  ( -1.635000000000000231, 5.149747468305832854, 1.635000000000000897 ) ) ;
#7115 = VECTOR ( 'NONE', #244, 1000.000000000000000 ) ;
#7116 = MECHANICAL_DESIGN_GEOMETRIC_PRESENTATION_REPRESENTATION (  '', ( #7818 ), #3763 ) ;
#7117 = ORIENTED_EDGE ( 'NONE', *, *, #7416, .F. ) ;
#7118 = AXIS2_PLACEMENT_3D ( 'NONE', #3435, #943, #4311 ) ;
#7119 = EDGE_CURVE ( 'NONE', #2985, #4747, #2393, .T. ) ;
#7120 = LINE ( 'NONE', #7937, #1435 ) ;
#7121 = PRESENTATION_LAYER_ASSIGNMENT (  '', '', ( #9768 ) ) ;
#7122 = LINE ( 'NONE', #6342, #3242 ) ;
#7123 = DIRECTION ( 'NONE',  ( -7.608436298143888101E-16, 0.000000000000000000, -1.000000000000000000 ) ) ;
#7124 = AXIS2_PLACEMENT_3D ( 'NONE', #5181, #8547, #3526 ) ;
#7125 = DIRECTION ( 'NONE',  ( 0.000000000000000000, -1.000000000000000000, 0.000000000000000000 ) ) ;
#7126 = SURFACE_SIDE_STYLE ('',( #5286 ) ) ;
#7127 = CARTESIAN_POINT ( 'NONE',  ( 2.215000000000000746, 0.6614108798023753399, 0.3650000000000007683 ) ) ;
#7128 = ORIENTED_EDGE ( 'NONE', *, *, #8798, .F. ) ;
#7129 = ORIENTED_EDGE ( 'NONE', *, *, #1133, .F. ) ;
#7130 = ORIENTED_EDGE ( 'NONE', *, *, #6085, .T. ) ;
#7131 = VECTOR ( 'NONE', #1286, 1000.000000000000000 ) ;
#7132 = ORIENTED_EDGE ( 'NONE', *, *, #3025, .F. ) ;
#7133 = PLANE ( 'NONE',  #1292 ) ;
#7134 = EDGE_LOOP ( 'NONE', ( #3864, #9837, #2129, #8362 ) ) ;
#7135 = ORIENTED_EDGE ( 'NONE', *, *, #1704, .F. ) ;
#7136 = LINE ( 'NONE', #331, #1662 ) ;
#7137 = EDGE_LOOP ( 'NONE', ( #322, #2117, #8433, #10435 ) ) ;
#7138 = ORIENTED_EDGE ( 'NONE', *, *, #5624, .T. ) ;
#7139 = DIRECTION ( 'NONE',  ( -0.000000000000000000, -1.000000000000000000, -0.000000000000000000 ) ) ;
#7140 = DIRECTION ( 'NONE',  ( 0.000000000000000000, -1.000000000000000000, 0.000000000000000000 ) ) ;
#7141 = VECTOR ( 'NONE', #5047, 1000.000000000000000 ) ;
#7142 = FACE_OUTER_BOUND ( 'NONE', #10822, .T. ) ;
#7143 = CARTESIAN_POINT ( 'NONE',  ( 2.215000000000000746, 0.000000000000000000, 0.8650000000000007683 ) ) ;
#7144 = EDGE_CURVE ( 'NONE', #8994, #10158, #4861, .T. ) ;
#7145 = EDGE_CURVE ( 'NONE', #7743, #255, #659, .T. ) ;
#7146 = VERTEX_POINT ( 'NONE', #4085 ) ;
#7147 = EDGE_LOOP ( 'NONE', ( #888, #5409, #2240, #4198 ) ) ;
#7148 = EDGE_CURVE ( 'NONE', #10158, #1120, #6632, .T. ) ;
#7149 = EDGE_LOOP ( 'NONE', ( #7780, #6679, #9131, #8814 ) ) ;
#7150 = DIRECTION ( 'NONE',  ( 0.000000000000000000, 0.000000000000000000, -1.000000000000000000 ) ) ;
#7151 = ORIENTED_EDGE ( 'NONE', *, *, #10000, .F. ) ;
#7152 = CARTESIAN_POINT ( 'NONE',  ( -2.215000000000000746, 0.05000000000000002359, -1.249999999999999778 ) ) ;
#7153 = CARTESIAN_POINT ( 'NONE',  ( 0.7500000000000008882, 0.04999999999999999584, 2.215000000000001190 ) ) ;
#7154 = DIRECTION ( 'NONE',  ( -0.000000000000000000, -1.000000000000000000, 0.000000000000000000 ) ) ;
#7155 = CARTESIAN_POINT ( 'NONE',  ( -2.500000000000001332, 0.1999999999999999833, 0.8650000000000005462 ) ) ;
#7156 = DIRECTION ( 'NONE',  ( 0.000000000000000000, 1.000000000000000000, 0.000000000000000000 ) ) ;
#7157 = DIRECTION ( 'NONE',  ( -1.000000000000000000, 0.000000000000000000, 1.521687259628770718E-15 ) ) ;
#7158 = ADVANCED_FACE ( 'NONE', ( #10898 ), #7349, .F. ) ;
#7159 = VECTOR ( 'NONE', #10062, 1000.000000000000000 ) ;
#7160 = ORIENTED_EDGE ( 'NONE', *, *, #549, .T. ) ;
#7161 = DIRECTION ( 'NONE',  ( 0.000000000000000000, -1.000000000000000000, 0.000000000000000000 ) ) ;
#7162 = CARTESIAN_POINT ( 'NONE',  ( 1.135000000000000897, 0.000000000000000000, 2.500000000000001332 ) ) ;
#7163 = CARTESIAN_POINT ( 'NONE',  ( 0.1350000000000007860, 0.2000000000000000111, -2.500000000000001332 ) ) ;
#7164 = LINE ( 'NONE', #3900, #7723 ) ;
#7165 = DIRECTION ( 'NONE',  ( 1.000000000000000000, -0.000000000000000000, -0.000000000000000000 ) ) ;
#7166 = DIRECTION ( 'NONE',  ( 7.608436298143888101E-16, 0.000000000000000000, -1.000000000000000000 ) ) ;
#7167 = STYLED_ITEM ( 'NONE', ( #8116 ), #2176 ) ;
#7168 = DIRECTION ( 'NONE',  ( 0.000000000000000000, 0.000000000000000000, 1.000000000000000000 ) ) ;
#7169 = EDGE_LOOP ( 'NONE', ( #7339, #9235, #3385, #6746 ) ) ;
#7170 = EDGE_CURVE ( 'NONE', #2588, #230, #1543, .T. ) ;
#7171 = CARTESIAN_POINT ( 'NONE',  ( -0.2499999999999993616, 0.2000000000000000111, -2.215000000000001190 ) ) ;
#7172 = DIRECTION ( 'NONE',  ( 0.000000000000000000, -1.000000000000000000, 0.000000000000000000 ) ) ;
#7173 = PLANE ( 'NONE',  #274 ) ;
#7174 = DIRECTION ( 'NONE',  ( -3.771137991253918417E-15, 0.000000000000000000, 1.000000000000000000 ) ) ;
#7175 = DIRECTION ( 'NONE',  ( 0.000000000000000000, -0.000000000000000000, 1.000000000000000000 ) ) ;
#7176 = VERTEX_POINT ( 'NONE', #10727 ) ;
#7177 = VECTOR ( 'NONE', #4230, 1000.000000000000000 ) ;
#7178 = VERTEX_POINT ( 'NONE', #1372 ) ;
#7179 = ORIENTED_EDGE ( 'NONE', *, *, #3781, .T. ) ;
#7180 = PLANE ( 'NONE',  #2884 ) ;
#7181 = ORIENTED_EDGE ( 'NONE', *, *, #7829, .F. ) ;
#7182 = EDGE_LOOP ( 'NONE', ( #4242, #9468, #4127, #8716 ) ) ;
#7183 = PLANE ( 'NONE',  #10135 ) ;
#7184 = VECTOR ( 'NONE', #1696, 1000.000000000000000 ) ;
#7185 = ORIENTED_EDGE ( 'NONE', *, *, #9034, .T. ) ;
#7186 = VERTEX_POINT ( 'NONE', #5623 ) ;
#7187 = CARTESIAN_POINT ( 'NONE',  ( -0.7499999999999991118, 0.6614108798023734526, 2.215000000000001190 ) ) ;
#7188 = FACE_OUTER_BOUND ( 'NONE', #983, .T. ) ;
#7189 = EDGE_CURVE ( 'NONE', #7343, #2157, #9839, .T. ) ;
#7190 = DIRECTION ( 'NONE',  ( -7.608436298143888101E-16, 0.000000000000000000, 1.000000000000000000 ) ) ;
#7191 = DIRECTION ( 'NONE',  ( -0.000000000000000000, -1.000000000000000000, -0.000000000000000000 ) ) ;
#7192 = ORIENTED_EDGE ( 'NONE', *, *, #4514, .T. ) ;
#7193 = ORIENTED_EDGE ( 'NONE', *, *, #6454, .T. ) ;
#7194 = AXIS2_PLACEMENT_3D ( 'NONE', #6920, #9458, #10345 ) ;
#7195 = ADVANCED_FACE ( 'NONE', ( #6680 ), #10007, .T. ) ;
#7196 = VERTEX_POINT ( 'NONE', #10779 ) ;
#7197 = DIRECTION ( 'NONE',  ( -1.000000000000000000, 0.000000000000000000, -0.000000000000000000 ) ) ;
#7198 = EDGE_LOOP ( 'NONE', ( #3277, #1377, #6833, #7788 ) ) ;
#7199 = FILL_AREA_STYLE_COLOUR ( '', #7646 ) ;
#7200 = LINE ( 'NONE', #7972, #9806 ) ;
#7201 = EDGE_CURVE ( 'NONE', #6613, #1164, #7458, .T. ) ;
#7202 = CARTESIAN_POINT ( 'NONE',  ( 2.499999999999999556, 0.05000000000000000278, -2.500000000000001332 ) ) ;
#7203 = DIRECTION ( 'NONE',  ( -1.000000000000000000, -0.000000000000000000, -1.521687259628770718E-15 ) ) ;
#7204 =( NAMED_UNIT ( * ) SI_UNIT ( $, .STERADIAN. ) SOLID_ANGLE_UNIT ( ) );
#7205 = ADVANCED_FACE ( 'NONE', ( #3143 ), #4148, .F. ) ;
#7206 = DIRECTION ( 'NONE',  ( 0.000000000000000000, -1.000000000000000000, 0.000000000000000000 ) ) ;
#7207 = ORIENTED_EDGE ( 'NONE', *, *, #5940, .T. ) ;
#7208 = EDGE_CURVE ( 'NONE', #8289, #7246, #2325, .T. ) ;
#7209 = DIRECTION ( 'NONE',  ( 0.000000000000000000, 0.000000000000000000, 1.000000000000000000 ) ) ;
#7210 = CARTESIAN_POINT ( 'NONE',  ( -1.634999999999999121, 0.000000000000000000, 2.215000000000001190 ) ) ;
#7211 = CARTESIAN_POINT ( 'NONE',  ( -2.500000000000001332, 0.000000000000000000, 1.365000000000000435 ) ) ;
#7212 = DIRECTION ( 'NONE',  ( 1.000000000000000000, -0.000000000000000000, -1.734723475976807094E-16 ) ) ;
#7213 = EDGE_CURVE ( 'NONE', #6294, #7368, #10051, .T. ) ;
#7214 = DIRECTION ( 'NONE',  ( 3.771137991253918417E-15, -0.000000000000000000, 1.000000000000000000 ) ) ;
#7215 = CLOSED_SHELL ( 'NONE', ( #2514, #4386, #3885, #2009, #1387, #585, #9664 ) ) ;
#7216 = CARTESIAN_POINT ( 'NONE',  ( -2.500000000000000444, 0.2000000000000005107, 0.8650000000000005462 ) ) ;
#7217 = VERTEX_POINT ( 'NONE', #10669 ) ;
#7218 = EDGE_CURVE ( 'NONE', #1667, #8994, #3091, .T. ) ;
#7219 = CARTESIAN_POINT ( 'NONE',  ( -2.500000000000001332, 0.6614108798023753399, -1.134999999999999565 ) ) ;
#7220 = FACE_OUTER_BOUND ( 'NONE', #1320, .T. ) ;
#7221 = EDGE_CURVE ( 'NONE', #1565, #6516, #2626, .T. ) ;
#7222 = DIRECTION ( 'NONE',  ( -0.000000000000000000, 0.000000000000000000, 1.000000000000000000 ) ) ;
#7223 = LINE ( 'NONE', #10594, #1350 ) ;
#7224 = APPLICATION_PROTOCOL_DEFINITION ( 'draft international standard', 'automotive_design', 1998, #6018 ) ;
#7225 = VERTEX_POINT ( 'NONE', #211 ) ;
#7226 = DIRECTION ( 'NONE',  ( 7.608436298143888101E-16, 0.000000000000000000, -1.000000000000000000 ) ) ;
#7227 = ORIENTED_EDGE ( 'NONE', *, *, #2037, .F. ) ;
#7228 = EDGE_LOOP ( 'NONE', ( #8074, #3805, #5641, #7309 ) ) ;
#7229 = CARTESIAN_POINT ( 'NONE',  ( -2.215000000000000746, 0.6614108798023753399, 1.865000000000000879 ) ) ;
#7230 = ORIENTED_EDGE ( 'NONE', *, *, #1795, .F. ) ;
#7231 = EDGE_CURVE ( 'NONE', #2214, #7303, #7730, .T. ) ;
#7232 = ORIENTED_EDGE ( 'NONE', *, *, #1314, .T. ) ;
#7233 = DIRECTION ( 'NONE',  ( 0.000000000000000000, -1.000000000000000000, 0.000000000000000000 ) ) ;
#7234 = DIRECTION ( 'NONE',  ( -0.000000000000000000, -1.000000000000000000, -0.000000000000000000 ) ) ;
#7235 = ORIENTED_EDGE ( 'NONE', *, *, #5099, .F. ) ;
#7236 = CARTESIAN_POINT ( 'NONE',  ( 2.500000000000002220, 0.6614108798023753399, 0.6349999999999998979 ) ) ;
#7237 = CARTESIAN_POINT ( 'NONE',  ( -2.500000000000002220, 0.1999999999999999833, 1.135000000000000009 ) ) ;
#7238 = PRESENTATION_LAYER_ASSIGNMENT (  '', '', ( #5105 ) ) ;
#7239 = DIRECTION ( 'NONE',  ( 0.000000000000000000, 0.000000000000000000, -1.000000000000000000 ) ) ;
#7240 = LINE ( 'NONE', #711, #1991 ) ;
#7241 = EDGE_CURVE ( 'NONE', #9411, #765, #1882, .T. ) ;
#7242 = ORIENTED_EDGE ( 'NONE', *, *, #10353, .T. ) ;
#7243 = VERTEX_POINT ( 'NONE', #5907 ) ;
#7244 = VERTEX_POINT ( 'NONE', #4352 ) ;
#7245 = AXIS2_PLACEMENT_3D ( 'NONE', #3287, #8300, #738 ) ;
#7246 = VERTEX_POINT ( 'NONE', #8440 ) ;
#7247 = ORIENTED_EDGE ( 'NONE', *, *, #6152, .T. ) ;
#7248 = CARTESIAN_POINT ( 'NONE',  ( -1.634999999999999343, 0.04999999999999999584, 2.500000000000001332 ) ) ;
#7249 = ORIENTED_EDGE ( 'NONE', *, *, #6176, .T. ) ;
#7250 = LINE ( 'NONE', #5585, #10647 ) ;
#7251 = CARTESIAN_POINT ( 'NONE',  ( -0.3649999999999994360, 0.000000000000000000, 2.215000000000001190 ) ) ;
#7252 = CARTESIAN_POINT ( 'NONE',  ( 2.215000000000000746, 0.6614108798023753399, -0.8650000000000012124 ) ) ;
#7253 = PLANE ( 'NONE',  #3745 ) ;
#7254 = LINE ( 'NONE', #4661, #3575 ) ;
#7255 = VECTOR ( 'NONE', #952, 1000.000000000000000 ) ;
#7256 = EDGE_CURVE ( 'NONE', #3615, #4366, #2559, .T. ) ;
#7257 = VECTOR ( 'NONE', #6442, 1000.000000000000000 ) ;
#7258 = VECTOR ( 'NONE', #2089, 1000.000000000000000 ) ;
#7259 = ORIENTED_EDGE ( 'NONE', *, *, #5747, .T. ) ;
#7260 = CARTESIAN_POINT ( 'NONE',  ( 2.500000000000001332, 0.6614108798023753399, -1.134999999999999565 ) ) ;
#7261 = LINE ( 'NONE', #3066, #8330 ) ;
#7262 = CARTESIAN_POINT ( 'NONE',  ( 2.215000000000000746, 0.6614108798023753399, -1.634999999999999343 ) ) ;
#7264 = PLANE ( 'NONE',  #1912 ) ;
#7263 = VECTOR ( 'NONE', #2541, 1000.000000000000000 ) ;
#7265 =( NAMED_UNIT ( * ) SI_UNIT ( $, .STERADIAN. ) SOLID_ANGLE_UNIT ( ) );
#7266 = VECTOR ( 'NONE', #8787, 1000.000000000000000 ) ;
#7267 = DIRECTION ( 'NONE',  ( 1.000000000000000000, -0.000000000000000000, 7.608436298143875282E-16 ) ) ;
#7268 = VECTOR ( 'NONE', #6035, 1000.000000000000000 ) ;
#7269 = DIRECTION ( 'NONE',  ( 0.000000000000000000, -1.000000000000000000, 0.000000000000000000 ) ) ;
#7270 = EDGE_CURVE ( 'NONE', #7176, #7631, #59, .T. ) ;
#7271 = EDGE_CURVE ( 'NONE', #715, #10790, #5962, .T. ) ;
#7272 = VECTOR ( 'NONE', #2374, 1000.000000000000000 ) ;
#7273 = ORIENTED_EDGE ( 'NONE', *, *, #4599, .F. ) ;
#7274 = VECTOR ( 'NONE', #2273, 1000.000000000000000 ) ;
#7275 = VECTOR ( 'NONE', #6417, 1000.000000000000000 ) ;
#7276 = VECTOR ( 'NONE', #5640, 1000.000000000000000 ) ;
#7277 = PLANE ( 'NONE',  #5494 ) ;
#7278 = CARTESIAN_POINT ( 'NONE',  ( -1.364999999999999547, 0.04999999999999999584, -2.215000000000001190 ) ) ;
#7279 = DIRECTION ( 'NONE',  ( 3.771137991253918417E-15, 0.000000000000000000, -1.000000000000000000 ) ) ;
#7280 = LINE ( 'NONE', #3182, #1525 ) ;
#7281 = CIRCLE ( 'NONE', #7453, 0.1150000000000000883 ) ;
#7282 =( NAMED_UNIT ( * ) PLANE_ANGLE_UNIT ( ) SI_UNIT ( $, .RADIAN. ) );
#7283 = CARTESIAN_POINT ( 'NONE',  ( 0.6350000000000005640, 0.2000000000000000111, -2.215000000000001190 ) ) ;
#7284 = VECTOR ( 'NONE', #1719, 1000.000000000000000 ) ;
#7285 = ADVANCED_FACE ( 'NONE', ( #1711 ), #5018, .F. ) ;
#7286 = EDGE_CURVE ( 'NONE', #1907, #7743, #2495, .T. ) ;
#7287 = AXIS2_PLACEMENT_3D ( 'NONE', #5698, #9001, #6367 ) ;
#7288 = VERTEX_POINT ( 'NONE', #5071 ) ;
#7289 = PLANE ( 'NONE',  #4788 ) ;
#7290 = AXIS2_PLACEMENT_3D ( 'NONE', #10776, #1422, #3926 ) ;
#7291 = ORIENTED_EDGE ( 'NONE', *, *, #1061, .F. ) ;
#7292 = VERTEX_POINT ( 'NONE', #5183 ) ;
#7293 = CYLINDRICAL_SURFACE ( 'NONE', #2371, 0.1150000000000001993 ) ;
#7294 = FACE_OUTER_BOUND ( 'NONE', #10853, .T. ) ;
#7295 = PRESENTATION_STYLE_ASSIGNMENT (( #5621 ) ) ;
#7296 = VERTEX_POINT ( 'NONE', #2607 ) ;
#7297 = DIRECTION ( 'NONE',  ( -0.000000000000000000, -0.000000000000000000, 1.000000000000000000 ) ) ;
#7298 = LINE ( 'NONE', #8279, #2413 ) ;
#7299 = LINE ( 'NONE', #9889, #7274 ) ;
#7300 = CARTESIAN_POINT ( 'NONE',  ( -2.500000000000002220, 0.1999999999999999833, -1.865000000000000213 ) ) ;
#7301 = VECTOR ( 'NONE', #2886, 1000.000000000000000 ) ;
#7302 = EDGE_LOOP ( 'NONE', ( #4629, #385, #10601, #1159 ) ) ;
#7303 = VERTEX_POINT ( 'NONE', #2714 ) ;
#7304 = VECTOR ( 'NONE', #6365, 1000.000000000000000 ) ;
#7305 = ORIENTED_EDGE ( 'NONE', *, *, #6759, .F. ) ;
#7306 = ADVANCED_FACE ( 'NONE', ( #5234 ), #2654, .T. ) ;
#7307 = ORIENTED_EDGE ( 'NONE', *, *, #7569, .F. ) ;
#7308 = STYLED_ITEM ( 'NONE', ( #10585 ), #9708 ) ;
#7309 = ORIENTED_EDGE ( 'NONE', *, *, #1458, .T. ) ;
#7310 = PRESENTATION_STYLE_ASSIGNMENT (( #9689 ) ) ;
#7311 = DIRECTION ( 'NONE',  ( 0.000000000000000000, -0.000000000000000000, 1.000000000000000000 ) ) ;
#7312 = DIRECTION ( 'NONE',  ( 0.000000000000000000, -1.000000000000000000, 0.000000000000000000 ) ) ;
#7313 = DIRECTION ( 'NONE',  ( 0.000000000000000000, 0.000000000000000000, -1.000000000000000000 ) ) ;
#7314 = DIRECTION ( 'NONE',  ( 0.000000000000000000, 1.000000000000000000, 0.000000000000000000 ) ) ;
#7315 = CARTESIAN_POINT ( 'NONE',  ( -1.864999999999999325, 0.6614108798023734526, -2.500000000000001332 ) ) ;
#7316 = ORIENTED_EDGE ( 'NONE', *, *, #9301, .F. ) ;
#7317 = LINE ( 'NONE', #6484, #916 ) ;
#7318 = LINE ( 'NONE', #10638, #2703 ) ;
#7319 = PLANE ( 'NONE',  #6539 ) ;
#7320 = LINE ( 'NONE', #10640, #304 ) ;
#7321 =( LENGTH_UNIT ( ) NAMED_UNIT ( * ) SI_UNIT ( .MILLI., .METRE. ) );
#7322 = LINE ( 'NONE', #9020, #4607 ) ;
#7323 = EDGE_CURVE ( 'NONE', #10082, #9051, #7562, .T. ) ;
#7324 = CARTESIAN_POINT ( 'NONE',  ( -2.500000000000002220, 0.1999999999999999833, -0.8650000000000001021 ) ) ;
#7325 = ORIENTED_EDGE ( 'NONE', *, *, #4969, .T. ) ;
#7326 = VERTEX_POINT ( 'NONE', #9442 ) ;
#7327 = CYLINDRICAL_SURFACE ( 'NONE', #1095, 0.1150000000000000883 ) ;
#7328 = AXIS2_PLACEMENT_3D ( 'NONE', #8776, #285, #3605 ) ;
#7329 = EDGE_CURVE ( 'NONE', #9012, #242, #4004, .T. ) ;
#7330 = EDGE_CURVE ( 'NONE', #5833, #4151, #3528, .T. ) ;
#7331 = CARTESIAN_POINT ( 'NONE',  ( -2.215000000000000746, 0.6614108798023753399, 0.6350000000000001199 ) ) ;
#7332 = DIRECTION ( 'NONE',  ( 7.608436298143888101E-16, 0.000000000000000000, -1.000000000000000000 ) ) ;
#7333 = LINE ( 'NONE', #5609, #1178 ) ;
#7334 = ORIENTED_EDGE ( 'NONE', *, *, #10378, .F. ) ;
#7335 = CARTESIAN_POINT ( 'NONE',  ( -0.7499999999999993339, 0.2000000000000000111, -2.215000000000001190 ) ) ;
#7336 = EDGE_CURVE ( 'NONE', #8329, #880, #3425, .T. ) ;
#7337 = VECTOR ( 'NONE', #7332, 1000.000000000000000 ) ;
#7338 = ORIENTED_EDGE ( 'NONE', *, *, #572, .T. ) ;
#7339 = ORIENTED_EDGE ( 'NONE', *, *, #8662, .F. ) ;
#7340 = VERTEX_POINT ( 'NONE', #5119 ) ;
#7341 = CARTESIAN_POINT ( 'NONE',  ( -1.749999999999999334, 0.2000000000000000111, -2.215000000000001190 ) ) ;
#7342 = VERTEX_POINT ( 'NONE', #935 ) ;
#7343 = VERTEX_POINT ( 'NONE', #7777 ) ;
#7344 = EDGE_CURVE ( 'NONE', #3015, #7659, #3294, .T. ) ;
#7345 =( LENGTH_UNIT ( ) NAMED_UNIT ( * ) SI_UNIT ( .MILLI., .METRE. ) );
#7346 = CARTESIAN_POINT ( 'NONE',  ( -1.800000000000001155, 0.9000000000000000222, -1.800000000000000711 ) ) ;
#7347 = FILL_AREA_STYLE ('',( #608 ) ) ;
#7348 = ORIENTED_EDGE ( 'NONE', *, *, #4359, .T. ) ;
#7349 = PLANE ( 'NONE',  #3673 ) ;
#7350 = DIRECTION ( 'NONE',  ( 1.000000000000000000, 0.000000000000000000, -1.521687259628770718E-15 ) ) ;
#7351 = LINE ( 'NONE', #9728, #1990 ) ;
#7352 = EDGE_CURVE ( 'NONE', #7751, #5916, #6801, .T. ) ;
#7353 = CIRCLE ( 'NONE', #10707, 0.1150000000000000883 ) ;
#7354 = CARTESIAN_POINT ( 'NONE',  ( -0.1349999999999992595, 0.1999999999999999833, -2.500000000000001332 ) ) ;
#7355 = ORIENTED_EDGE ( 'NONE', *, *, #466, .T. ) ;
#7356 = ORIENTED_EDGE ( 'NONE', *, *, #9556, .T. ) ;
#7357 = VERTEX_POINT ( 'NONE', #819 ) ;
#7358 = ORIENTED_EDGE ( 'NONE', *, *, #3549, .F. ) ;
#7359 = ORIENTED_EDGE ( 'NONE', *, *, #3794, .F. ) ;
#7360 = DIRECTION ( 'NONE',  ( 1.000000000000000000, -0.000000000000000000, -0.000000000000000000 ) ) ;
#7361 = DIRECTION ( 'NONE',  ( 0.000000000000000000, 0.000000000000000000, -1.000000000000000000 ) ) ;
#7362 = PLANE ( 'NONE',  #9010 ) ;
#7363 = CARTESIAN_POINT ( 'NONE',  ( -2.215000000000000746, 0.1999999999999999833, -1.364999999999999991 ) ) ;
#7364 = DIRECTION ( 'NONE',  ( -0.000000000000000000, -1.000000000000000000, -0.000000000000000000 ) ) ;
#7365 = VECTOR ( 'NONE', #3876, 1000.000000000000000 ) ;
#7366 = FACE_OUTER_BOUND ( 'NONE', #3400, .T. ) ;
#7367 = VERTEX_POINT ( 'NONE', #4243 ) ;
#7368 = VERTEX_POINT ( 'NONE', #10165 ) ;
#7369 = CARTESIAN_POINT ( 'NONE',  ( 2.500000000000001332, 0.000000000000000000, 1.865000000000000657 ) ) ;
#7370 = VECTOR ( 'NONE', #7297, 1000.000000000000000 ) ;
#7371 = EDGE_CURVE ( 'NONE', #3112, #8947, #6736, .T. ) ;
#7372 = VERTEX_POINT ( 'NONE', #9550 ) ;
#7373 = CARTESIAN_POINT ( 'NONE',  ( 2.215000000000000746, 0.1999999999999999833, -1.865000000000001101 ) ) ;
#7374 = CARTESIAN_POINT ( 'NONE',  ( -0.6349999999999992317, 0.2000000000000000111, -2.215000000000001190 ) ) ;
#7375 = DIRECTION ( 'NONE',  ( -1.000000000000000000, 0.000000000000000000, 0.000000000000000000 ) ) ;
#7376 = CARTESIAN_POINT ( 'NONE',  ( -2.500000000000002220, 0.6614108798023753399, -1.365000000000000213 ) ) ;
#7377 = CARTESIAN_POINT ( 'NONE',  ( 2.215000000000000746, 0.1999999999999999833, 0.8650000000000007683 ) ) ;
#7378 = EDGE_LOOP ( 'NONE', ( #5132, #6140, #1956, #8261 ) ) ;
#7379 = EDGE_CURVE ( 'NONE', #2959, #5177, #8705, .T. ) ;
#7380 = ORIENTED_EDGE ( 'NONE', *, *, #1088, .F. ) ;
#7381 = ORIENTED_EDGE ( 'NONE', *, *, #10486, .F. ) ;
#7382 = LINE ( 'NONE', #1407, #214 ) ;
#7383 = DIRECTION ( 'NONE',  ( 0.000000000000000000, -1.000000000000000000, 0.000000000000000000 ) ) ;
#7384 = CARTESIAN_POINT ( 'NONE',  ( -1.249999999999999112, 0.04999999999999999584, 2.215000000000001190 ) ) ;
#7385 = CYLINDRICAL_SURFACE ( 'NONE', #6303, 0.2500000000000000000 ) ;
#7386 = DIRECTION ( 'NONE',  ( 0.000000000000000000, -1.000000000000000000, 0.000000000000000000 ) ) ;
#7387 = ADVANCED_FACE ( 'NONE', ( #8640 ), #3752, .F. ) ;
#7388 = VERTEX_POINT ( 'NONE', #8054 ) ;
#7389 = EDGE_LOOP ( 'NONE', ( #9170, #727, #1799, #6422, #8467 ) ) ;
#7390 = DIRECTION ( 'NONE',  ( 0.000000000000000000, 0.000000000000000000, 1.000000000000000000 ) ) ;
#7391 = EDGE_CURVE ( 'NONE', #6189, #9464, #2867, .T. ) ;
#7392 = VERTEX_POINT ( 'NONE', #4569 ) ;
#7393 = ORIENTED_EDGE ( 'NONE', *, *, #882, .F. ) ;
#7394 = CARTESIAN_POINT ( 'NONE',  ( -2.500000000000001332, 0.000000000000000000, 1.365000000000000435 ) ) ;
#7395 = DIRECTION ( 'NONE',  ( 0.000000000000000000, 0.000000000000000000, 1.000000000000000000 ) ) ;
#7396 = CARTESIAN_POINT ( 'NONE',  ( 2.215000000000000746, 0.6614108798023753399, 0.2499999999999991396 ) ) ;
#7397 = DIRECTION ( 'NONE',  ( -0.000000000000000000, -1.000000000000000000, -0.000000000000000000 ) ) ;
#7398 = CARTESIAN_POINT ( 'NONE',  ( 2.487958669493045782E-15, 0.05000000000000000278, 1.635000000000003784 ) ) ;
#7399 = DIRECTION ( 'NONE',  ( 0.000000000000000000, 0.000000000000000000, -1.000000000000000000 ) ) ;
#7400 = DIRECTION ( 'NONE',  ( 0.000000000000000000, 0.000000000000000000, 1.000000000000000000 ) ) ;
#7401 = ORIENTED_EDGE ( 'NONE', *, *, #7058, .T. ) ;
#7402 = EDGE_CURVE ( 'NONE', #10790, #3484, #10329, .T. ) ;
#7403 = EDGE_LOOP ( 'NONE', ( #3873, #1632, #3474, #6837 ) ) ;
#7404 = ORIENTED_EDGE ( 'NONE', *, *, #5455, .F. ) ;
#7405 = FILL_AREA_STYLE ('',( #2402 ) ) ;
#7406 = VECTOR ( 'NONE', #8055, 1000.000000000000000 ) ;
#7407 = ORIENTED_EDGE ( 'NONE', *, *, #4896, .F. ) ;
#7408 = SURFACE_SIDE_STYLE ('',( #4923 ) ) ;
#7409 = ORIENTED_EDGE ( 'NONE', *, *, #10089, .T. ) ;
#7410 = DIRECTION ( 'NONE',  ( -0.000000000000000000, -1.000000000000000000, -0.000000000000000000 ) ) ;
#7411 = CARTESIAN_POINT ( 'NONE',  ( -1.800000000000001155, 1.000000000000000000, -1.800000000000000711 ) ) ;
#7412 = CARTESIAN_POINT ( 'NONE',  ( -0.3649999999999992140, 0.000000000000000000, 2.500000000000001332 ) ) ;
#7413 = CARTESIAN_POINT ( 'NONE',  ( -2.500000000000002220, 0.1999999999999999833, 1.635000000000000009 ) ) ;
#7414 = ORIENTED_EDGE ( 'NONE', *, *, #7605, .F. ) ;
#7415 = ADVANCED_FACE ( 'NONE', ( #1928 ), #8805, .F. ) ;
#7416 = EDGE_CURVE ( 'NONE', #9436, #6307, #10498, .T. ) ;
#7417 = ORIENTED_EDGE ( 'NONE', *, *, #2818, .F. ) ;
#7418 = CARTESIAN_POINT ( 'NONE',  ( 1.135000000000000897, 0.2000000000000000111, 2.500000000000001332 ) ) ;
#7419 = ORIENTED_EDGE ( 'NONE', *, *, #8443, .F. ) ;
#7420 = DIRECTION ( 'NONE',  ( 0.000000000000000000, 0.000000000000000000, -1.000000000000000000 ) ) ;
#7421 = DIRECTION ( 'NONE',  ( 1.000000000000000000, 0.000000000000000000, 0.000000000000000000 ) ) ;
#7422 = DIRECTION ( 'NONE',  ( 1.000000000000000000, 0.000000000000000000, 1.521687259628770718E-15 ) ) ;
#7423 = DIRECTION ( 'NONE',  ( -0.000000000000000000, -1.000000000000000000, 0.000000000000000000 ) ) ;
#7424 = CIRCLE ( 'NONE', #4950, 0.1150000000000000883 ) ;
#7425 = CARTESIAN_POINT ( 'NONE',  ( 1.750000000000000888, 0.6614108798023734526, 2.215000000000001190 ) ) ;
#7426 = FACE_OUTER_BOUND ( 'NONE', #6258, .T. ) ;
#7427 = EDGE_LOOP ( 'NONE', ( #9894, #6408, #10736, #1999, #10001 ) ) ;
#7428 = VECTOR ( 'NONE', #3301, 1000.000000000000000 ) ;
#7429 = ADVANCED_FACE ( 'NONE', ( #7942 ), #10381, .F. ) ;
#7430 = EDGE_LOOP ( 'NONE', ( #4336, #2639, #10916, #10288 ) ) ;
#7431 = ORIENTED_EDGE ( 'NONE', *, *, #10931, .F. ) ;
#7432 = VECTOR ( 'NONE', #7113, 1000.000000000000000 ) ;
#7433 = AXIS2_PLACEMENT_3D ( 'NONE', #6526, #2344, #1505 ) ;
#7434 = ADVANCED_FACE ( 'NONE', ( #7841 ), #9498, .F. ) ;
#7435 = CARTESIAN_POINT ( 'NONE',  ( 2.499999999999999556, 9.071067811865477282, -2.500000000000001332 ) ) ;
#7436 = UNCERTAINTY_MEASURE_WITH_UNIT (LENGTH_MEASURE( 1.000000000000000082E-05 ), #6461, 'distance_accuracy_value', 'NONE');
#7437 = DIRECTION ( 'NONE',  ( 0.000000000000000000, -1.000000000000000000, 0.000000000000000000 ) ) ;
#7438 = CIRCLE ( 'NONE', #10442, 0.1150000000000000883 ) ;
#7439 = AXIS2_PLACEMENT_3D ( 'NONE', #4238, #10160, #5957 ) ;
#7440 = CARTESIAN_POINT ( 'NONE',  ( 2.500000000000001332, 0.04999999999999969746, 0.3650000000000005462 ) ) ;
#7441 = DIRECTION ( 'NONE',  ( 0.000000000000000000, 1.000000000000000000, 0.000000000000000000 ) ) ;
#7442 = LINE ( 'NONE', #5831, #6005 ) ;
#7443 = FACE_OUTER_BOUND ( 'NONE', #7024, .T. ) ;
#7444 = VECTOR ( 'NONE', #9419, 1000.000000000000000 ) ;
#7445 = VECTOR ( 'NONE', #9621, 1000.000000000000000 ) ;
#7446 = ORIENTED_EDGE ( 'NONE', *, *, #95, .F. ) ;
#7447 = VECTOR ( 'NONE', #7400, 1000.000000000000000 ) ;
#7448 = ORIENTED_EDGE ( 'NONE', *, *, #5189, .F. ) ;
#7449 = VECTOR ( 'NONE', #6328, 1000.000000000000000 ) ;
#7450 = ORIENTED_EDGE ( 'NONE', *, *, #10902, .F. ) ;
#7451 = CARTESIAN_POINT ( 'NONE',  ( -2.215000000000000746, 0.6614108798023753399, 0.8650000000000007683 ) ) ;
#7452 = VERTEX_POINT ( 'NONE', #5346 ) ;
#7453 = AXIS2_PLACEMENT_3D ( 'NONE', #6230, #5329, #7986 ) ;
#7454 =( NAMED_UNIT ( * ) SI_UNIT ( $, .STERADIAN. ) SOLID_ANGLE_UNIT ( ) );
#7455 = CARTESIAN_POINT ( 'NONE',  ( -0.8649999999999992140, 0.2000000000000000111, -2.500000000000001332 ) ) ;
#7456 = FACE_OUTER_BOUND ( 'NONE', #2488, .T. ) ;
#7457 = ORIENTED_EDGE ( 'NONE', *, *, #2128, .F. ) ;
#7458 = LINE ( 'NONE', #9163, #7900 ) ;
#7459 = SURFACE_STYLE_USAGE ( .BOTH. , #987 ) ;
#7460 = CARTESIAN_POINT ( 'NONE',  ( -2.215000000000000746, 0.1999999999999999833, -1.634999999999999343 ) ) ;
#7461 = CIRCLE ( 'NONE', #9225, 0.1150000000000001993 ) ;
#7462 = CARTESIAN_POINT ( 'NONE',  ( -2.500000000000002220, 0.1999999999999999833, 0.6349999999999998979 ) ) ;
#7463 = ORIENTED_EDGE ( 'NONE', *, *, #9370, .F. ) ;
#7464 = VECTOR ( 'NONE', #9123, 1000.000000000000000 ) ;
#7465 = ORIENTED_EDGE ( 'NONE', *, *, #8601, .T. ) ;
#7466 = AXIS2_PLACEMENT_3D ( 'NONE', #6190, #7949, #3821 ) ;
#7467 = ORIENTED_EDGE ( 'NONE', *, *, #6071, .T. ) ;
#7468 = FILL_AREA_STYLE_COLOUR ( '', #9592 ) ;
#7469 = ORIENTED_EDGE ( 'NONE', *, *, #6083, .T. ) ;
#7470 = DIRECTION ( 'NONE',  ( 0.000000000000000000, 1.000000000000000000, 0.000000000000000000 ) ) ;
#7471 = ORIENTED_EDGE ( 'NONE', *, *, #10335, .F. ) ;
#7472 = CARTESIAN_POINT ( 'NONE',  ( 1.135000000000000675, 0.1999999999999999833, -2.215000000000001190 ) ) ;
#7473 = EDGE_CURVE ( 'NONE', #9282, #7343, #2044, .T. ) ;
#7474 = EDGE_CURVE ( 'NONE', #6362, #1620, #10548, .T. ) ;
#7475 = PLANE ( 'NONE',  #24 ) ;
#7476 = CARTESIAN_POINT ( 'NONE',  ( -0.3649999999999994360, 0.2000000000000000111, -2.215000000000001190 ) ) ;
#7477 = DIRECTION ( 'NONE',  ( 0.000000000000000000, 0.000000000000000000, -1.000000000000000000 ) ) ;
#7478 = STYLED_ITEM ( 'NONE', ( #7056 ), #6136 ) ;
#7479 = ORIENTED_EDGE ( 'NONE', *, *, #7053, .T. ) ;
#7480 = ORIENTED_EDGE ( 'NONE', *, *, #6781, .T. ) ;
#7481 = ADVANCED_FACE ( 'NONE', ( #319 ), #5398, .T. ) ;
#7482 = VECTOR ( 'NONE', #7668, 1000.000000000000000 ) ;
#7483 = AXIS2_PLACEMENT_3D ( 'NONE', #10071, #9250, #2296 ) ;
#7484 = VERTEX_POINT ( 'NONE', #2097 ) ;
#7485 = FACE_OUTER_BOUND ( 'NONE', #4167, .T. ) ;
#7486 = VERTEX_POINT ( 'NONE', #7059 ) ;
#7487 = CARTESIAN_POINT ( 'NONE',  ( -2.500000000000002220, 0.000000000000000000, 1.135000000000000009 ) ) ;
#7488 = CARTESIAN_POINT ( 'NONE',  ( 2.500000000000001332, 0.000000000000000000, -0.6349999999999994538 ) ) ;
#7489 = CARTESIAN_POINT ( 'NONE',  ( -1.800000000000001155, 1.000000000000000000, -1.800000000000000711 ) ) ;
#7490 = EDGE_CURVE ( 'NONE', #10012, #775, #3639, .T. ) ;
#7491 = CARTESIAN_POINT ( 'NONE',  ( -1.749999999999999334, 0.2000000000000000111, -2.215000000000001190 ) ) ;
#7492 = ORIENTED_EDGE ( 'NONE', *, *, #1154, .T. ) ;
#7493 = ORIENTED_EDGE ( 'NONE', *, *, #4142, .F. ) ;
#7494 = LINE ( 'NONE', #9260, #6737 ) ;
#7495 = CARTESIAN_POINT ( 'NONE',  ( -2.500000000000001332, 0.6614108798023753399, 0.8650000000000005462 ) ) ;
#7496 = DIRECTION ( 'NONE',  ( 1.000000000000000000, -0.000000000000000000, -1.734723475976807094E-16 ) ) ;
#7497 = LINE ( 'NONE', #9264, #998 ) ;
#7498 = FILL_AREA_STYLE_COLOUR ( '', #1771 ) ;
#7499 = DIRECTION ( 'NONE',  ( 0.000000000000000000, 0.000000000000000000, -1.000000000000000000 ) ) ;
#7500 = ORIENTED_EDGE ( 'NONE', *, *, #1546, .T. ) ;
#7501 = EDGE_CURVE ( 'NONE', #6586, #2112, #9283, .T. ) ;
#7502 = VERTEX_POINT ( 'NONE', #2811 ) ;
#7503 = AXIS2_PLACEMENT_3D ( 'NONE', #1593, #8988, #4959 ) ;
#7504 = VECTOR ( 'NONE', #5808, 1000.000000000000000 ) ;
#7505 = ORIENTED_EDGE ( 'NONE', *, *, #732, .F. ) ;
#7506 = FACE_OUTER_BOUND ( 'NONE', #5424, .T. ) ;
#7507 = EDGE_LOOP ( 'NONE', ( #1965, #1933, #3032, #8414 ) ) ;
#7508 = LINE ( 'NONE', #10777, #8559 ) ;
#7509 = ORIENTED_EDGE ( 'NONE', *, *, #2804, .T. ) ;
#7510 = CARTESIAN_POINT ( 'NONE',  ( -2.500000000000000444, 0.05000000000000000278, 2.499999999999999556 ) ) ;
#7511 = LINE ( 'NONE', #8491, #5156 ) ;
#7512 = CARTESIAN_POINT ( 'NONE',  ( -2.500000000000002220, 0.1999999999999999833, 1.635000000000000009 ) ) ;
#7513 = VECTOR ( 'NONE', #4568, 1000.000000000000000 ) ;
#7514 = EDGE_LOOP ( 'NONE', ( #2882, #8498, #1366, #2614 ) ) ;
#7515 = ORIENTED_EDGE ( 'NONE', *, *, #10100, .F. ) ;
#7516 = ORIENTED_EDGE ( 'NONE', *, *, #3305, .F. ) ;
#7517 = CARTESIAN_POINT ( 'NONE',  ( -2.500000000000001332, 0.1999999999999999833, 0.8650000000000005462 ) ) ;
#7518 = ORIENTED_EDGE ( 'NONE', *, *, #4708, .T. ) ;
#7519 = LINE ( 'NONE', #8237, #2357 ) ;
#7520 = EDGE_CURVE ( 'NONE', #2982, #7962, #1208, .T. ) ;
#7521 = ORIENTED_EDGE ( 'NONE', *, *, #2754, .F. ) ;
#7522 = DIRECTION ( 'NONE',  ( 0.000000000000000000, -1.000000000000000000, 0.000000000000000000 ) ) ;
#7523 = FACE_OUTER_BOUND ( 'NONE', #10024, .T. ) ;
#7524 = DIRECTION ( 'NONE',  ( -1.000000000000000000, 0.000000000000000000, 0.000000000000000000 ) ) ;
#7525 = CARTESIAN_POINT ( 'NONE',  ( 2.215000000000000746, 0.6614108798023753399, -1.134999999999999343 ) ) ;
#7526 = LINE ( 'NONE', #626, #5662 ) ;
#7527 = EDGE_LOOP ( 'NONE', ( #10188, #3416, #2932, #2747 ) ) ;
#7528 = VERTEX_POINT ( 'NONE', #434 ) ;
#7529 = VECTOR ( 'NONE', #2147, 1000.000000000000000 ) ;
#7530 = EDGE_CURVE ( 'NONE', #6659, #7902, #3812, .T. ) ;
#7531 = EDGE_CURVE ( 'NONE', #6744, #6268, #10767, .T. ) ;
#7532 = EDGE_LOOP ( 'NONE', ( #747, #3439, #10769, #1214, #1874 ) ) ;
#7533 = DIRECTION ( 'NONE',  ( 0.000000000000000000, 1.000000000000000000, 0.000000000000000000 ) ) ;
#7534 = VERTEX_POINT ( 'NONE', #8215 ) ;
#7535 = ADVANCED_FACE ( 'NONE', ( #1581 ), #1410, .F. ) ;
#7536 = DIRECTION ( 'NONE',  ( 7.608436298143888101E-16, 0.000000000000000000, -1.000000000000000000 ) ) ;
#7537 = CARTESIAN_POINT ( 'NONE',  ( -1.249999999999999112, 0.000000000000000000, 2.100000000000000977 ) ) ;
#7538 = FACE_OUTER_BOUND ( 'NONE', #5888, .T. ) ;
#7539 = AXIS2_PLACEMENT_3D ( 'NONE', #8052, #6448, #8975 ) ;
#7540 = CARTESIAN_POINT ( 'NONE',  ( 0.7500000000000006661, 0.000000000000000000, -2.215000000000001190 ) ) ;
#7541 = DIRECTION ( 'NONE',  ( -0.000000000000000000, 0.000000000000000000, 1.000000000000000000 ) ) ;
#7542 = EDGE_LOOP ( 'NONE', ( #6901, #4411, #2663, #4421 ) ) ;
#7543 = ORIENTED_EDGE ( 'NONE', *, *, #9697, .F. ) ;
#7544 = EDGE_CURVE ( 'NONE', #1010, #5495, #7280, .T. ) ;
#7545 = ORIENTED_EDGE ( 'NONE', *, *, #4233, .T. ) ;
#7546 = CIRCLE ( 'NONE', #6141, 0.1150000000000000883 ) ;
#7547 = PLANE ( 'NONE',  #6561 ) ;
#7548 = DIRECTION ( 'NONE',  ( 1.000000000000000000, 0.000000000000000000, -0.000000000000000000 ) ) ;
#7549 = ORIENTED_EDGE ( 'NONE', *, *, #4723, .F. ) ;
#7550 = LINE ( 'NONE', #1127, #5875 ) ;
#7551 = LINE ( 'NONE', #7669, #2946 ) ;
#7552 = DIRECTION ( 'NONE',  ( 0.000000000000000000, -1.000000000000000000, 0.000000000000000000 ) ) ;
#7553 = ORIENTED_EDGE ( 'NONE', *, *, #4951, .F. ) ;
#7554 = EDGE_LOOP ( 'NONE', ( #10190, #7307, #2465, #9669 ) ) ;
#7555 = ADVANCED_FACE ( 'NONE', ( #1529 ), #3128, .T. ) ;
#7556 = ADVANCED_FACE ( 'NONE', ( #8103 ), #7385, .F. ) ;
#7557 = CARTESIAN_POINT ( 'NONE',  ( -0.6349999999999992317, 0.05000000000000000278, 0.000000000000000000 ) ) ;
#7558 = ORIENTED_EDGE ( 'NONE', *, *, #4907, .T. ) ;
#7559 = ORIENTED_EDGE ( 'NONE', *, *, #10802, .T. ) ;
#7560 =( NAMED_UNIT ( * ) SI_UNIT ( $, .STERADIAN. ) SOLID_ANGLE_UNIT ( ) );
#7561 = DIRECTION ( 'NONE',  ( 0.000000000000000000, -0.000000000000000000, -1.000000000000000000 ) ) ;
#7562 = LINE ( 'NONE', #6011, #5404 ) ;
#7563 = LINE ( 'NONE', #5347, #6359 ) ;
#7564 = CARTESIAN_POINT ( 'NONE',  ( 2.500000000000002220, 0.6614108798023753399, -0.8650000000000001021 ) ) ;
#7565 = DIRECTION ( 'NONE',  ( -1.521687259628770718E-15, 0.000000000000000000, 1.000000000000000000 ) ) ;
#7566 = CLOSED_SHELL ( 'NONE', ( #9325, #3149, #2083, #3799, #2439, #3991, #9769 ) ) ;
#7567 = DIRECTION ( 'NONE',  ( 0.000000000000000000, 0.000000000000000000, -1.000000000000000000 ) ) ;
#7568 = EDGE_LOOP ( 'NONE', ( #9271, #10679, #10198, #6482 ) ) ;
#7569 = EDGE_CURVE ( 'NONE', #3767, #2270, #8977, .T. ) ;
#7570 = EDGE_LOOP ( 'NONE', ( #8938, #10557, #7515, #5762 ) ) ;
#7571 = CARTESIAN_POINT ( 'NONE',  ( -1.749999999999999334, 0.2000000000000000111, -2.215000000000001190 ) ) ;
#7572 = ORIENTED_EDGE ( 'NONE', *, *, #3624, .F. ) ;
#7573 = ORIENTED_EDGE ( 'NONE', *, *, #2800, .F. ) ;
#7574 = VERTEX_POINT ( 'NONE', #9148 ) ;
#7575 = FACE_OUTER_BOUND ( 'NONE', #2118, .T. ) ;
#7576 = EDGE_CURVE ( 'NONE', #4367, #5931, #8158, .T. ) ;
#7577 = CARTESIAN_POINT ( 'NONE',  ( -2.500000000000002220, 0.6614108798023753399, 1.135000000000000009 ) ) ;
#7578 = DIRECTION ( 'NONE',  ( 0.000000000000000000, -1.000000000000000000, 0.000000000000000000 ) ) ;
#7579 = DIRECTION ( 'NONE',  ( -1.000000000000000000, 0.000000000000000000, 1.734723475976807341E-16 ) ) ;
#7580 = CARTESIAN_POINT ( 'NONE',  ( 0.2500000000000008882, 0.000000000000000000, 2.215000000000001190 ) ) ;
#7581 = VERTEX_POINT ( 'NONE', #3971 ) ;
#7582 = AXIS2_PLACEMENT_3D ( 'NONE', #1883, #1151, #4465 ) ;
#7583 = EDGE_LOOP ( 'NONE', ( #10310, #10678, #5656, #9853 ) ) ;
#7584 = CARTESIAN_POINT ( 'NONE',  ( -1.634999999999999343, 0.05000000000000000278, 0.000000000000000000 ) ) ;
#7585 = VERTEX_POINT ( 'NONE', #2380 ) ;
#7586 = CARTESIAN_POINT ( 'NONE',  ( 1.135000000000000675, 0.6614108798023734526, -2.215000000000001190 ) ) ;
#7587 = DIRECTION ( 'NONE',  ( 0.000000000000000000, -0.000000000000000000, 1.000000000000000000 ) ) ;
#7588 = DIRECTION ( 'NONE',  ( -0.000000000000000000, 1.000000000000000000, -0.000000000000000000 ) ) ;
#7589 = LINE ( 'NONE', #4174, #2505 ) ;
#7590 = EDGE_CURVE ( 'NONE', #8009, #184, #7333, .T. ) ;
#7591 = VECTOR ( 'NONE', #5451, 1000.000000000000000 ) ;
#7592 = ORIENTED_EDGE ( 'NONE', *, *, #7352, .T. ) ;
#7593 = FACE_OUTER_BOUND ( 'NONE', #2098, .T. ) ;
#7594 = ORIENTED_EDGE ( 'NONE', *, *, #7914, .F. ) ;
#7595 = EDGE_CURVE ( 'NONE', #769, #8889, #9099, .T. ) ;
#7596 = CARTESIAN_POINT ( 'NONE',  ( -2.215000000000000746, 0.6614108798023753399, 0.8650000000000007683 ) ) ;
#7597 = VECTOR ( 'NONE', #10029, 1000.000000000000000 ) ;
#7598 = DIRECTION ( 'NONE',  ( 0.000000000000000000, -1.000000000000000000, 0.000000000000000000 ) ) ;
#7599 = CARTESIAN_POINT ( 'NONE',  ( -2.500000000000002220, 0.6614108798023753399, -1.865000000000000213 ) ) ;
#7600 = VERTEX_POINT ( 'NONE', #4782 ) ;
#7601 = CARTESIAN_POINT ( 'NONE',  ( 0.7500000000000008882, 0.2000000000000000111, 2.100000000000000977 ) ) ;
#7602 = DIRECTION ( 'NONE',  ( -7.608436298143875282E-16, 0.000000000000000000, -1.000000000000000000 ) ) ;
#7603 = DIRECTION ( 'NONE',  ( -0.000000000000000000, -1.000000000000000000, -0.000000000000000000 ) ) ;
#7604 = EDGE_CURVE ( 'NONE', #6642, #1124, #9871, .T. ) ;
#7605 = EDGE_CURVE ( 'NONE', #8002, #5027, #4899, .T. ) ;
#7606 = AXIS2_PLACEMENT_3D ( 'NONE', #3577, #3856, #7168 ) ;
#7607 = LINE ( 'NONE', #1812, #6375 ) ;
#7608 = EDGE_LOOP ( 'NONE', ( #1635, #4878, #5579, #10057 ) ) ;
#7609 = CIRCLE ( 'NONE', #2850, 0.2500000000000000000 ) ;
#7610 = VECTOR ( 'NONE', #5048, 1000.000000000000000 ) ;
#7611 = VERTEX_POINT ( 'NONE', #9773 ) ;
#7612 = AXIS2_PLACEMENT_3D ( 'NONE', #5367, #450, #6981 ) ;
#7613 = DIRECTION ( 'NONE',  ( 0.000000000000000000, -0.000000000000000000, 1.000000000000000000 ) ) ;
#7614 = ORIENTED_EDGE ( 'NONE', *, *, #2680, .F. ) ;
#7615 = VERTEX_POINT ( 'NONE', #9820 ) ;
#7616 = DIRECTION ( 'NONE',  ( 0.000000000000000000, 0.000000000000000000, 1.000000000000000000 ) ) ;
#7617 = CARTESIAN_POINT ( 'NONE',  ( -0.1349999999999992595, 0.000000000000000000, -2.500000000000001332 ) ) ;
#7618 = VERTEX_POINT ( 'NONE', #2256 ) ;
#7619 = DIRECTION ( 'NONE',  ( -0.000000000000000000, -1.000000000000000000, 0.000000000000000000 ) ) ;
#7620 = DIRECTION ( 'NONE',  ( -0.000000000000000000, -1.000000000000000000, -0.000000000000000000 ) ) ;
#7621 = VECTOR ( 'NONE', #1187, 1000.000000000000000 ) ;
#7622 = DIRECTION ( 'NONE',  ( 0.000000000000000000, 1.000000000000000000, 0.000000000000000000 ) ) ;
#7623 = EDGE_CURVE ( 'NONE', #1488, #1603, #1478, .T. ) ;
#7624 = DIRECTION ( 'NONE',  ( -7.608436298143888101E-16, 0.000000000000000000, 1.000000000000000000 ) ) ;
#7625 = AXIS2_PLACEMENT_3D ( 'NONE', #10457, #4416, #9574 ) ;
#7626 = AXIS2_PLACEMENT_3D ( 'NONE', #4344, #7156, #6371 ) ;
#7627 = DIRECTION ( 'NONE',  ( 0.000000000000000000, 1.000000000000000000, 0.000000000000000000 ) ) ;
#7628 = EDGE_CURVE ( 'NONE', #8169, #341, #7353, .T. ) ;
#7629 = VECTOR ( 'NONE', #7984, 1000.000000000000000 ) ;
#7630 = AXIS2_PLACEMENT_3D ( 'NONE', #9700, #2748, #1076 ) ;
#7631 = VERTEX_POINT ( 'NONE', #756 ) ;
#7632 = CARTESIAN_POINT ( 'NONE',  ( 0.1350000000000007860, 0.2000000000000000111, -2.500000000000001332 ) ) ;
#7633 = CIRCLE ( 'NONE', #10275, 0.1150000000000000883 ) ;
#7634 = ORIENTED_EDGE ( 'NONE', *, *, #4805, .T. ) ;
#7635 = ORIENTED_EDGE ( 'NONE', *, *, #2834, .F. ) ;
#7636 =( NAMED_UNIT ( * ) SI_UNIT ( $, .STERADIAN. ) SOLID_ANGLE_UNIT ( ) );
#7637 = VECTOR ( 'NONE', #10673, 1000.000000000000000 ) ;
#7638 = VECTOR ( 'NONE', #1, 1000.000000000000000 ) ;
#7639 = ORIENTED_EDGE ( 'NONE', *, *, #9346, .F. ) ;
#7640 = DIRECTION ( 'NONE',  ( -0.000000000000000000, -1.000000000000000000, -0.000000000000000000 ) ) ;
#7641 = CARTESIAN_POINT ( 'NONE',  ( -2.500000000000000444, 0.05000000000000000278, 2.499999999999999556 ) ) ;
#7642 = FACE_OUTER_BOUND ( 'NONE', #9293, .T. ) ;
#7643 = CARTESIAN_POINT ( 'NONE',  ( -1.134999999999999343, 0.6614108798023734526, -2.215000000000001190 ) ) ;
#7644 = CARTESIAN_POINT ( 'NONE',  ( -2.215000000000000746, 0.6614108798023753399, 0.2500000000000002220 ) ) ;
#7645 = CARTESIAN_POINT ( 'NONE',  ( 2.500000000000001332, 0.6614108798023753399, 0.3650000000000005462 ) ) ;
#7646 = COLOUR_RGB ( '',0.7921568627450980005, 0.8196078431372548767, 0.9333333333333333481 ) ;
#7647 = ORIENTED_EDGE ( 'NONE', *, *, #8288, .T. ) ;
#7648 = VECTOR ( 'NONE', #2820, 1000.000000000000000 ) ;
#7649 = EDGE_CURVE ( 'NONE', #4856, #7877, #9995, .T. ) ;
#7650 = ORIENTED_EDGE ( 'NONE', *, *, #7677, .F. ) ;
#7651 = MECHANICAL_DESIGN_GEOMETRIC_PRESENTATION_REPRESENTATION (  '', ( #7997 ), #1829 ) ;
#7652 = DIRECTION ( 'NONE',  ( 1.000000000000000000, -0.000000000000000000, -0.000000000000000000 ) ) ;
#7653 = ORIENTED_EDGE ( 'NONE', *, *, #5418, .F. ) ;
#7654 = LINE ( 'NONE', #8524, #7983 ) ;
#7655 = LINE ( 'NONE', #3338, #3186 ) ;
#7656 = DIRECTION ( 'NONE',  ( -1.000000000000000000, 0.000000000000000000, 0.000000000000000000 ) ) ;
#7657 = CARTESIAN_POINT ( 'NONE',  ( 2.215000000000000746, 0.1999999999999999833, -1.634999999999999343 ) ) ;
#7658 = DIRECTION ( 'NONE',  ( 0.000000000000000000, 0.000000000000000000, -1.000000000000000000 ) ) ;
#7659 = VERTEX_POINT ( 'NONE', #4946 ) ;
#7660 = AXIS2_PLACEMENT_3D ( 'NONE', #5439, #7423, #3235 ) ;
#7661 = VECTOR ( 'NONE', #6043, 1000.000000000000000 ) ;
#7662 = ORIENTED_EDGE ( 'NONE', *, *, #2804, .F. ) ;
#7663 = CARTESIAN_POINT ( 'NONE',  ( -1.364999999999999325, 0.04999999999999969746, -2.500000000000001332 ) ) ;
#7664 = LINE ( 'NONE', #9361, #5694 ) ;
#7665 = VECTOR ( 'NONE', #1290, 1000.000000000000000 ) ;
#7666 = DIRECTION ( 'NONE',  ( -0.000000000000000000, -1.000000000000000000, -0.000000000000000000 ) ) ;
#7667 = EDGE_CURVE ( 'NONE', #4300, #5360, #7223, .T. ) ;
#7668 = DIRECTION ( 'NONE',  ( 3.771137991253918417E-15, 0.000000000000000000, -1.000000000000000000 ) ) ;
#7669 = CARTESIAN_POINT ( 'NONE',  ( 2.215000000000000746, 0.1999999999999999833, 1.865000000000000879 ) ) ;
#7670 = SURFACE_STYLE_USAGE ( .BOTH. , #5108 ) ;
#7671 = PLANE ( 'NONE',  #5655 ) ;
#7672 = ORIENTED_EDGE ( 'NONE', *, *, #7473, .T. ) ;
#7673 = ADVANCED_FACE ( 'NONE', ( #2208 ), #5556, .F. ) ;
#7674 = LINE ( 'NONE', #5064, #39 ) ;
#7675 = VERTEX_POINT ( 'NONE', #40 ) ;
#7676 = DIRECTION ( 'NONE',  ( 0.000000000000000000, -1.000000000000000000, 0.000000000000000000 ) ) ;
#7677 = EDGE_CURVE ( 'NONE', #8635, #9561, #7551, .T. ) ;
#7678 = DIRECTION ( 'NONE',  ( 1.000000000000000000, -0.000000000000000000, 7.608436298143875282E-16 ) ) ;
#7679 = CARTESIAN_POINT ( 'NONE',  ( 2.500000000000002220, 0.04999999999999969746, 1.135000000000000009 ) ) ;
#7680 = DIRECTION ( 'NONE',  ( -1.000000000000000000, 0.000000000000000000, -0.000000000000000000 ) ) ;
#7681 = FACE_OUTER_BOUND ( 'NONE', #4616, .T. ) ;
#7682 = CARTESIAN_POINT ( 'NONE',  ( 2.215000000000000746, 0.000000000000000000, -1.250000000000000888 ) ) ;
#7683 = VECTOR ( 'NONE', #7920, 1000.000000000000000 ) ;
#7684 = EDGE_CURVE ( 'NONE', #5720, #5070, #3119, .T. ) ;
#7685 = VERTEX_POINT ( 'NONE', #5896 ) ;
#7686 = CARTESIAN_POINT ( 'NONE',  ( -0.1349999999999992595, 0.000000000000000000, -2.500000000000001332 ) ) ;
#7687 = VERTEX_POINT ( 'NONE', #100 ) ;
#7688 = ORIENTED_EDGE ( 'NONE', *, *, #1009, .T. ) ;
#7689 =( NAMED_UNIT ( * ) PLANE_ANGLE_UNIT ( ) SI_UNIT ( $, .RADIAN. ) );
#7690 = EDGE_CURVE ( 'NONE', #7484, #4202, #10040, .T. ) ;
#7691 = ORIENTED_EDGE ( 'NONE', *, *, #5773, .F. ) ;
#7692 = AXIS2_PLACEMENT_3D ( 'NONE', #6010, #4303, #9441 ) ;
#7693 = SURFACE_STYLE_FILL_AREA ( #6866 ) ;
#7694 = EDGE_LOOP ( 'NONE', ( #2998, #5953, #1316, #6568 ) ) ;
#7695 = PLANE ( 'NONE',  #9309 ) ;
#7696 = DIRECTION ( 'NONE',  ( 1.000000000000000000, 0.000000000000000000, 1.521687259628770718E-15 ) ) ;
#7697 = CARTESIAN_POINT ( 'NONE',  ( 2.500000000000001332, 0.1999999999999999833, -0.6349999999999994538 ) ) ;
#7698 = DIRECTION ( 'NONE',  ( 0.000000000000000000, 0.000000000000000000, 1.000000000000000000 ) ) ;
#7699 = LINE ( 'NONE', #2672, #7268 ) ;
#7700 = ORIENTED_EDGE ( 'NONE', *, *, #661, .F. ) ;
#7701 = VERTEX_POINT ( 'NONE', #5107 ) ;
#7702 = LINE ( 'NONE', #10301, #8880 ) ;
#7703 = EDGE_CURVE ( 'NONE', #7243, #7186, #5170, .T. ) ;
#7704 = VERTEX_POINT ( 'NONE', #6669 ) ;
#7705 = CARTESIAN_POINT ( 'NONE',  ( 2.500000000000002220, 0.000000000000000000, 1.635000000000000009 ) ) ;
#7706 = DIRECTION ( 'NONE',  ( 1.521687259628770718E-15, -0.000000000000000000, 1.000000000000000000 ) ) ;
#7707 = LINE ( 'NONE', #1960, #10493 ) ;
#7708 = CARTESIAN_POINT ( 'NONE',  ( 2.500000000000002220, 0.1999999999999999833, 1.635000000000000009 ) ) ;
#7709 = EDGE_CURVE ( 'NONE', #4256, #7852, #7497, .T. ) ;
#7710 = VECTOR ( 'NONE', #6621, 1000.000000000000000 ) ;
#7711 = DIRECTION ( 'NONE',  ( 0.000000000000000000, 1.000000000000000000, -0.000000000000000000 ) ) ;
#7712 = ORIENTED_EDGE ( 'NONE', *, *, #699, .T. ) ;
#7713 = EDGE_LOOP ( 'NONE', ( #6302, #7545, #144, #6407 ) ) ;
#7714 = CIRCLE ( 'NONE', #5061, 0.1150000000000000883 ) ;
#7715 = DIRECTION ( 'NONE',  ( 7.608436298143888101E-16, -0.000000000000000000, 1.000000000000000000 ) ) ;
#7716 = LINE ( 'NONE', #147, #6581 ) ;
#7717 = PLANE ( 'NONE',  #9830 ) ;
#7718 = CARTESIAN_POINT ( 'NONE',  ( 2.215000000000000746, 0.1999999999999999833, 1.134999999999998899 ) ) ;
#7719 = EDGE_CURVE ( 'NONE', #82, #1534, #1713, .T. ) ;
#7720 = LINE ( 'NONE', #6789, #2428 ) ;
#7721 = LINE ( 'NONE', #6327, #2520 ) ;
#7722 = DIRECTION ( 'NONE',  ( 0.000000000000000000, 0.000000000000000000, -1.000000000000000000 ) ) ;
#7723 = VECTOR ( 'NONE', #10536, 1000.000000000000000 ) ;
#7724 = ORIENTED_EDGE ( 'NONE', *, *, #3988, .F. ) ;
#7725 = CARTESIAN_POINT ( 'NONE',  ( 2.499999999999999556, 0.2000000000000005107, -1.365000000000001101 ) ) ;
#7726 = ORIENTED_EDGE ( 'NONE', *, *, #9173, .T. ) ;
#7727 = DIRECTION ( 'NONE',  ( -1.000000000000000000, 0.000000000000000000, -7.608436298143875282E-16 ) ) ;
#7728 = CARTESIAN_POINT ( 'NONE',  ( 2.500000000000002220, 0.000000000000000000, -1.365000000000000213 ) ) ;
#7729 = VECTOR ( 'NONE', #3001, 1000.000000000000000 ) ;
#7730 = LINE ( 'NONE', #4304, #8767 ) ;
#7731 = DIRECTION ( 'NONE',  ( 1.000000000000000000, 0.000000000000000000, 1.521687259628770718E-15 ) ) ;
#7732 = CARTESIAN_POINT ( 'NONE',  ( -1.864999999999999325, 0.6614108798023734526, 2.500000000000001332 ) ) ;
#7733 = DIRECTION ( 'NONE',  ( -1.000000000000000000, 0.000000000000000000, 7.608436298143875282E-16 ) ) ;
#7734 = EDGE_CURVE ( 'NONE', #9319, #135, #1642, .T. ) ;
#7735 = DIRECTION ( 'NONE',  ( -0.000000000000000000, -1.000000000000000000, -0.000000000000000000 ) ) ;
#7736 = PRODUCT_RELATED_PRODUCT_CATEGORY ( 'part', '', ( #5549 ) ) ;
#7737 = ORIENTED_EDGE ( 'NONE', *, *, #302, .F. ) ;
#7738 = LINE ( 'NONE', #5191, #7284 ) ;
#7739 = EDGE_LOOP ( 'NONE', ( #9751, #4221, #1772, #6603 ) ) ;
#7740 = DIRECTION ( 'NONE',  ( -0.000000000000000000, -0.000000000000000000, -1.000000000000000000 ) ) ;
#7741 = ORIENTED_EDGE ( 'NONE', *, *, #5242, .F. ) ;
#7742 = DIRECTION ( 'NONE',  ( 0.000000000000000000, 0.000000000000000000, 1.000000000000000000 ) ) ;
#7743 = VERTEX_POINT ( 'NONE', #8429 ) ;
#7744 = LINE ( 'NONE', #2571, #5244 ) ;
#7745 = LINE ( 'NONE', #1003, #5204 ) ;
#7746 = VECTOR ( 'NONE', #3769, 1000.000000000000000 ) ;
#7747 = FACE_OUTER_BOUND ( 'NONE', #4477, .T. ) ;
#7748 = CARTESIAN_POINT ( 'NONE',  ( 1.135000000000000897, 0.04999999999999969746, 2.500000000000001332 ) ) ;
#7749 = DIRECTION ( 'NONE',  ( 3.771137991253918417E-15, -0.000000000000000000, 1.000000000000000000 ) ) ;
#7750 = EDGE_CURVE ( 'NONE', #8979, #4534, #9114, .T. ) ;
#7751 = VERTEX_POINT ( 'NONE', #5949 ) ;
#7752 = ORIENTED_EDGE ( 'NONE', *, *, #9863, .F. ) ;
#7753 = CARTESIAN_POINT ( 'NONE',  ( -1.634999999999999343, 0.2000000000000000111, -2.500000000000001332 ) ) ;
#7754 = ORIENTED_EDGE ( 'NONE', *, *, #10578, .F. ) ;
#7755 = DIRECTION ( 'NONE',  ( -0.000000000000000000, -1.000000000000000000, -0.000000000000000000 ) ) ;
#7756 = DIRECTION ( 'NONE',  ( -1.000000000000000000, 0.000000000000000000, 0.000000000000000000 ) ) ;
#7757 = LINE ( 'NONE', #349, #83 ) ;
#7758 = DIRECTION ( 'NONE',  ( 0.000000000000000000, -1.000000000000000000, 0.000000000000000000 ) ) ;
#7759 = DIRECTION ( 'NONE',  ( -0.000000000000000000, 0.000000000000000000, 1.000000000000000000 ) ) ;
#7760 = EDGE_CURVE ( 'NONE', #1434, #6663, #856, .T. ) ;
#7761 = ADVANCED_FACE ( 'NONE', ( #3468 ), #6719, .F. ) ;
#7762 = ORIENTED_EDGE ( 'NONE', *, *, #1939, .T. ) ;
#7763 = FACE_OUTER_BOUND ( 'NONE', #10056, .T. ) ;
#7764 = CARTESIAN_POINT ( 'NONE',  ( -2.215000000000000746, 0.1999999999999999833, 0.6350000000000000089 ) ) ;
#7765 = DIRECTION ( 'NONE',  ( -0.000000000000000000, -1.000000000000000000, -0.000000000000000000 ) ) ;
#7766 =( GEOMETRIC_REPRESENTATION_CONTEXT ( 3 ) GLOBAL_UNCERTAINTY_ASSIGNED_CONTEXT ( ( #5778 ) ) GLOBAL_UNIT_ASSIGNED_CONTEXT ( ( #60, #3426, #1761 ) ) REPRESENTATION_CONTEXT ( 'NONE', 'WORKASPACE' ) );
#7767 = DIRECTION ( 'NONE',  ( 0.000000000000000000, 0.000000000000000000, 1.000000000000000000 ) ) ;
#7768 = DIRECTION ( 'NONE',  ( -1.000000000000000000, 0.000000000000000000, 1.521687259628770718E-15 ) ) ;
#7769 = FACE_OUTER_BOUND ( 'NONE', #5403, .T. ) ;
#7770 = VERTEX_POINT ( 'NONE', #9364 ) ;
#7771 = EDGE_CURVE ( 'NONE', #7675, #1535, #8227, .T. ) ;
#7772 = CIRCLE ( 'NONE', #10789, 0.1150000000000000883 ) ;
#7773 = FACE_OUTER_BOUND ( 'NONE', #10941, .T. ) ;
#7774 = ORIENTED_EDGE ( 'NONE', *, *, #8038, .F. ) ;
#7775 = DIRECTION ( 'NONE',  ( 0.000000000000000000, 0.000000000000000000, -1.000000000000000000 ) ) ;
#7776 = CARTESIAN_POINT ( 'NONE',  ( 2.499999999999999556, 9.071067811865477282, -2.500000000000001332 ) ) ;
#7777 = CARTESIAN_POINT ( 'NONE',  ( 2.215000000000000746, 0.1999999999999999833, -1.365000000000001101 ) ) ;
#7778 = PRESENTATION_STYLE_ASSIGNMENT (( #3588 ) ) ;
#7779 = CARTESIAN_POINT ( 'NONE',  ( -1.749999999999999112, 0.2000000000000000111, 2.215000000000001190 ) ) ;
#7780 = ORIENTED_EDGE ( 'NONE', *, *, #6674, .F. ) ;
#7781 = DIRECTION ( 'NONE',  ( 0.000000000000000000, -1.000000000000000000, 0.000000000000000000 ) ) ;
#7782 = VECTOR ( 'NONE', #8416, 1000.000000000000000 ) ;
#7783 = CARTESIAN_POINT ( 'NONE',  ( -2.500000000000002220, 0.6614108798023753399, 1.135000000000000009 ) ) ;
#7784 = ORIENTED_EDGE ( 'NONE', *, *, #5562, .T. ) ;
#7785 = AXIS2_PLACEMENT_3D ( 'NONE', #7882, #10424, #9486 ) ;
#7786 = ORIENTED_EDGE ( 'NONE', *, *, #509, .T. ) ;
#7787 = DIRECTION ( 'NONE',  ( 3.771137991253918417E-15, -0.000000000000000000, 1.000000000000000000 ) ) ;
#7788 = ORIENTED_EDGE ( 'NONE', *, *, #2453, .F. ) ;
#7789 = ORIENTED_EDGE ( 'NONE', *, *, #8944, .T. ) ;
#7790 = AXIS2_PLACEMENT_3D ( 'NONE', #3340, #846, #6657 ) ;
#7791 = FILL_AREA_STYLE ('',( #6090 ) ) ;
#7792 = AXIS2_PLACEMENT_3D ( 'NONE', #6033, #8293, #4106 ) ;
#7793 = ORIENTED_EDGE ( 'NONE', *, *, #9433, .F. ) ;
#7794 = DIRECTION ( 'NONE',  ( -1.000000000000000000, 0.000000000000000000, 0.000000000000000000 ) ) ;
#7795 = ORIENTED_EDGE ( 'NONE', *, *, #2861, .T. ) ;
#7796 = DIRECTION ( 'NONE',  ( -0.000000000000000000, 0.000000000000000000, -1.000000000000000000 ) ) ;
#7797 = DIRECTION ( 'NONE',  ( 0.000000000000000000, 0.000000000000000000, 1.000000000000000000 ) ) ;
#7798 = VECTOR ( 'NONE', #10914, 1000.000000000000000 ) ;
#7799 = LINE ( 'NONE', #3442, #10076 ) ;
#7800 = DIRECTION ( 'NONE',  ( 1.000000000000000000, -0.000000000000000000, 7.608436298143875282E-16 ) ) ;
#7801 = AXIS2_PLACEMENT_3D ( 'NONE', #8272, #4082, #6569 ) ;
#7802 = DIRECTION ( 'NONE',  ( 0.000000000000000000, 0.000000000000000000, -1.000000000000000000 ) ) ;
#7803 = ORIENTED_EDGE ( 'NONE', *, *, #7925, .T. ) ;
#7804 = AXIS2_PLACEMENT_3D ( 'NONE', #3636, #4621, #1205 ) ;
#7805 = CIRCLE ( 'NONE', #10096, 0.1150000000000001993 ) ;
#7806 = AXIS2_PLACEMENT_3D ( 'NONE', #2328, #8118, #548 ) ;
#7807 = VECTOR ( 'NONE', #966, 1000.000000000000000 ) ;
#7808 = EDGE_CURVE ( 'NONE', #8520, #2107, #7720, .T. ) ;
#7809 = VERTEX_POINT ( 'NONE', #5830 ) ;
#7810 = ADVANCED_FACE ( 'NONE', ( #2597 ), #150, .F. ) ;
#7811 = DIRECTION ( 'NONE',  ( 1.000000000000000000, 0.000000000000000000, 0.000000000000000000 ) ) ;
#7812 = ORIENTED_EDGE ( 'NONE', *, *, #515, .F. ) ;
#7813 = CARTESIAN_POINT ( 'NONE',  ( 2.499999999999999556, 0.2000000000000005107, 1.634999999999998899 ) ) ;
#7814 = CARTESIAN_POINT ( 'NONE',  ( -0.8649999999999994360, 0.000000000000000000, -2.215000000000001190 ) ) ;
#7815 = VECTOR ( 'NONE', #7878, 1000.000000000000000 ) ;
#7816 = CARTESIAN_POINT ( 'NONE',  ( 2.215000000000000746, 0.1999999999999999833, 1.249999999999999112 ) ) ;
#7817 = DIRECTION ( 'NONE',  ( -0.000000000000000000, -1.000000000000000000, -0.000000000000000000 ) ) ;
#7818 = STYLED_ITEM ( 'NONE', ( #2455 ), #5813 ) ;
#7819 = EDGE_CURVE ( 'NONE', #9864, #8382, #5226, .T. ) ;
#7820 = LINE ( 'NONE', #6049, #7976 ) ;
#7821 = VECTOR ( 'NONE', #7598, 1000.000000000000000 ) ;
#7822 = PLANE ( 'NONE',  #928 ) ;
#7823 = VECTOR ( 'NONE', #5067, 1000.000000000000000 ) ;
#7824 = ORIENTED_EDGE ( 'NONE', *, *, #2148, .F. ) ;
#7825 = EDGE_CURVE ( 'NONE', #8222, #5604, #6065, .T. ) ;
#7826 = DIRECTION ( 'NONE',  ( 3.771137991253918417E-15, -0.000000000000000000, 1.000000000000000000 ) ) ;
#7827 = LINE ( 'NONE', #9261, #6765 ) ;
#7828 = CARTESIAN_POINT ( 'NONE',  ( -1.749999999999999112, 0.6614108798023734526, 2.215000000000001190 ) ) ;
#7829 = EDGE_CURVE ( 'NONE', #1550, #4867, #3300, .T. ) ;
#7830 = CARTESIAN_POINT ( 'NONE',  ( -1.249999999999999112, 0.04999999999999999584, 2.100000000000000977 ) ) ;
#7831 = DIRECTION ( 'NONE',  ( -0.000000000000000000, -1.000000000000000000, -0.000000000000000000 ) ) ;
#7832 = COLOUR_RGB ( '',0.7921568627450980005, 0.8196078431372548767, 0.9333333333333333481 ) ;
#7833 = DIRECTION ( 'NONE',  ( 0.000000000000000000, -1.000000000000000000, 0.000000000000000000 ) ) ;
#7834 = AXIS2_PLACEMENT_3D ( 'NONE', #4931, #7533, #1621 ) ;
#7835 = VERTEX_POINT ( 'NONE', #808 ) ;
#7836 = COLOUR_RGB ( '',0.7921568627450980005, 0.8196078431372548767, 0.9333333333333333481 ) ;
#7838 = VECTOR ( 'NONE', #5410, 1000.000000000000000 ) ;
#7837 = DIRECTION ( 'NONE',  ( -7.608436298143875282E-16, 0.000000000000000000, -1.000000000000000000 ) ) ;
#7839 = CARTESIAN_POINT ( 'NONE',  ( 1.250000000000000888, 0.2000000000000000111, 2.215000000000001190 ) ) ;
#7840 = FACE_OUTER_BOUND ( 'NONE', #8879, .T. ) ;
#7841 = FACE_OUTER_BOUND ( 'NONE', #1379, .T. ) ;
#7842 = LINE ( 'NONE', #6181, #1584 ) ;
#7843 = DIRECTION ( 'NONE',  ( 0.000000000000000000, -0.000000000000000000, -1.000000000000000000 ) ) ;
#7844 = VERTEX_POINT ( 'NONE', #1032 ) ;
#7845 = DIRECTION ( 'NONE',  ( 1.000000000000000000, 0.000000000000000000, -7.608436298143875282E-16 ) ) ;
#7846 = EDGE_CURVE ( 'NONE', #3037, #3827, #5390, .T. ) ;
#7847 = EDGE_LOOP ( 'NONE', ( #10634, #6687, #5697, #5135 ) ) ;
#7848 = DIRECTION ( 'NONE',  ( 0.000000000000000000, 0.000000000000000000, -1.000000000000000000 ) ) ;
#7849 = EDGE_LOOP ( 'NONE', ( #3924, #10389, #2336, #4892 ) ) ;
#7850 = DIRECTION ( 'NONE',  ( 0.000000000000000000, 1.000000000000000000, -0.000000000000000000 ) ) ;
#7851 = ADVANCED_FACE ( 'NONE', ( #3631 ), #9704, .F. ) ;
#7852 = VERTEX_POINT ( 'NONE', #4391 ) ;
#7853 = DIRECTION ( 'NONE',  ( -1.000000000000000000, 0.000000000000000000, 0.000000000000000000 ) ) ;
#7854 = ORIENTED_EDGE ( 'NONE', *, *, #3943, .F. ) ;
#7855 = CARTESIAN_POINT ( 'NONE',  ( -0.2499999999999991396, 0.2000000000000000111, 2.100000000000000977 ) ) ;
#7856 = EDGE_LOOP ( 'NONE', ( #3174, #8326, #3049, #9850 ) ) ;
#7857 = CARTESIAN_POINT ( 'NONE',  ( -1.364999999999999325, 0.000000000000000000, 2.500000000000001332 ) ) ;
#7858 = CARTESIAN_POINT ( 'NONE',  ( -1.249999999999999334, 0.6614108798023734526, -2.215000000000001190 ) ) ;
#7859 = CARTESIAN_POINT ( 'NONE',  ( 0.2500000000000008882, 0.1999999999999999833, 2.215000000000001190 ) ) ;
#7860 = DIRECTION ( 'NONE',  ( -7.608436298143888101E-16, 0.000000000000000000, 1.000000000000000000 ) ) ;
#7861 = FACE_OUTER_BOUND ( 'NONE', #7864, .T. ) ;
#7862 = VERTEX_POINT ( 'NONE', #6235 ) ;
#7863 = AXIS2_PLACEMENT_3D ( 'NONE', #295, #2183, #2122 ) ;
#7864 = EDGE_LOOP ( 'NONE', ( #4865, #9477, #5513, #6673 ) ) ;
#7865 = LINE ( 'NONE', #6321, #5887 ) ;
#7866 = ORIENTED_EDGE ( 'NONE', *, *, #10441, .T. ) ;
#7867 = CARTESIAN_POINT ( 'NONE',  ( 2.499999999999999556, 0.05000000000000000278, -2.500000000000001332 ) ) ;
#7868 = DIRECTION ( 'NONE',  ( -0.000000000000000000, -1.000000000000000000, -0.000000000000000000 ) ) ;
#7869 = LINE ( 'NONE', #3671, #10202 ) ;
#7870 = LINE ( 'NONE', #297, #1437 ) ;
#7871 = FACE_OUTER_BOUND ( 'NONE', #9785, .T. ) ;
#7872 = CARTESIAN_POINT ( 'NONE',  ( -2.215000000000000746, 0.1999999999999999833, -0.6349999999999992317 ) ) ;
#7873 = VECTOR ( 'NONE', #4022, 1000.000000000000000 ) ;
#7874 = VERTEX_POINT ( 'NONE', #3683 ) ;
#7875 = ADVANCED_FACE ( 'NONE', ( #9608 ), #2968, .F. ) ;
#7876 = EDGE_CURVE ( 'NONE', #3054, #9793, #1261, .T. ) ;
#7877 = VERTEX_POINT ( 'NONE', #5334 ) ;
#7878 = DIRECTION ( 'NONE',  ( 0.000000000000000000, -1.000000000000000000, 0.000000000000000000 ) ) ;
#7879 = CARTESIAN_POINT ( 'NONE',  ( -0.8649999999999994360, 0.2000000000000000111, 2.215000000000001190 ) ) ;
#7880 = DIRECTION ( 'NONE',  ( 0.000000000000000000, -0.000000000000000000, 1.000000000000000000 ) ) ;
#7881 = CARTESIAN_POINT ( 'NONE',  ( -2.500000000000001332, 0.1999999999999999833, 0.8650000000000005462 ) ) ;
#7882 = CARTESIAN_POINT ( 'NONE',  ( -2.500000000000001332, 0.6614108798023753399, -0.1349999999999994815 ) ) ;
#7883 = EDGE_CURVE ( 'NONE', #224, #8560, #26, .T. ) ;
#7884 = ORIENTED_EDGE ( 'NONE', *, *, #9987, .T. ) ;
#7885 = AXIS2_PLACEMENT_3D ( 'NONE', #1810, #2545, #8539 ) ;
#7886 = FACE_OUTER_BOUND ( 'NONE', #10519, .T. ) ;
#7887 = DIRECTION ( 'NONE',  ( -0.000000000000000000, -1.000000000000000000, -0.000000000000000000 ) ) ;
#7888 = CARTESIAN_POINT ( 'NONE',  ( -2.500000000000002220, 0.1999999999999999833, -1.865000000000000213 ) ) ;
#7889 = CARTESIAN_POINT ( 'NONE',  ( 1.250000000000000888, 0.2000000000000000111, 2.100000000000000977 ) ) ;
#7890 = DIRECTION ( 'NONE',  ( -0.000000000000000000, -1.000000000000000000, -0.000000000000000000 ) ) ;
#7891 = CARTESIAN_POINT ( 'NONE',  ( -2.500000000000002220, 0.6614108798023753399, 0.6349999999999998979 ) ) ;
#7892 = AXIS2_PLACEMENT_3D ( 'NONE', #971, #8474, #5828 ) ;
#7893 = CARTESIAN_POINT ( 'NONE',  ( -0.6349999999999992317, 0.000000000000000000, 2.215000000000001190 ) ) ;
#7894 = VERTEX_POINT ( 'NONE', #4561 ) ;
#7895 = CARTESIAN_POINT ( 'NONE',  ( 1.750000000000000888, 0.1999999999999999833, 2.215000000000001190 ) ) ;
#7896 = EDGE_CURVE ( 'NONE', #5495, #3039, #8696, .T. ) ;
#7897 = ORIENTED_EDGE ( 'NONE', *, *, #8381, .T. ) ;
#7898 = EDGE_CURVE ( 'NONE', #1266, #7528, #3739, .T. ) ;
#7899 = EDGE_LOOP ( 'NONE', ( #4057, #6519, #7559, #8486 ) ) ;
#7900 = VECTOR ( 'NONE', #770, 1000.000000000000000 ) ;
#7901 = DIRECTION ( 'NONE',  ( 0.000000000000000000, 0.000000000000000000, -1.000000000000000000 ) ) ;
#7902 = VERTEX_POINT ( 'NONE', #3576 ) ;
#7903 = PLANE ( 'NONE',  #2712 ) ;
#7904 = DIRECTION ( 'NONE',  ( 0.000000000000000000, 0.000000000000000000, -1.000000000000000000 ) ) ;
#7905 = CARTESIAN_POINT ( 'NONE',  ( 1.865000000000000879, 0.1999999999999999833, 2.500000000000001332 ) ) ;
#7906 = VERTEX_POINT ( 'NONE', #7000 ) ;
#7907 = DIRECTION ( 'NONE',  ( -0.000000000000000000, -1.000000000000000000, -0.000000000000000000 ) ) ;
#7908 = FACE_OUTER_BOUND ( 'NONE', #1030, .T. ) ;
#7909 = DIRECTION ( 'NONE',  ( -7.608436298143888101E-16, 0.000000000000000000, -1.000000000000000000 ) ) ;
#7910 = CARTESIAN_POINT ( 'NONE',  ( 1.634999999999999787, 0.1999999999999996503, 1.750000000000001554 ) ) ;
#7911 = FACE_OUTER_BOUND ( 'NONE', #6812, .T. ) ;
#7912 = ORIENTED_EDGE ( 'NONE', *, *, #5861, .F. ) ;
#7913 = ORIENTED_EDGE ( 'NONE', *, *, #8071, .T. ) ;
#7914 = EDGE_CURVE ( 'NONE', #803, #715, #2752, .T. ) ;
#7915 = EDGE_CURVE ( 'NONE', #6520, #3015, #425, .T. ) ;
#7916 = ORIENTED_EDGE ( 'NONE', *, *, #5984, .T. ) ;
#7917 = CARTESIAN_POINT ( 'NONE',  ( -2.215000000000000746, 0.1999999999999999833, -0.1349999999999992595 ) ) ;
#7918 = VERTEX_POINT ( 'NONE', #2088 ) ;
#7919 = DIRECTION ( 'NONE',  ( 0.000000000000000000, -1.000000000000000000, 0.000000000000000000 ) ) ;
#7920 = DIRECTION ( 'NONE',  ( 0.000000000000000000, 0.000000000000000000, -1.000000000000000000 ) ) ;
#7921 = DIRECTION ( 'NONE',  ( 0.000000000000000000, 0.000000000000000000, 1.000000000000000000 ) ) ;
#7922 = LINE ( 'NONE', #189, #9615 ) ;
#7923 = DIRECTION ( 'NONE',  ( -0.000000000000000000, -1.000000000000000000, -0.000000000000000000 ) ) ;
#7924 = DIRECTION ( 'NONE',  ( -7.608436298143888101E-16, 0.000000000000000000, -1.000000000000000000 ) ) ;
#7925 = EDGE_CURVE ( 'NONE', #7675, #4579, #2801, .T. ) ;
#7926 = ORIENTED_EDGE ( 'NONE', *, *, #3461, .F. ) ;
#7927 = CARTESIAN_POINT ( 'NONE',  ( -1.634999999999999343, 0.2000000000000000111, 2.215000000000001190 ) ) ;
#7928 = CARTESIAN_POINT ( 'NONE',  ( -1.634999999999999343, 0.1999999999999999833, 2.500000000000001332 ) ) ;
#7929 = DIRECTION ( 'NONE',  ( 1.000000000000000000, -0.000000000000000000, -0.000000000000000000 ) ) ;
#7930 = CARTESIAN_POINT ( 'NONE',  ( 1.635000000000000897, 0.6614108798023734526, 2.500000000000001332 ) ) ;
#7931 = DIRECTION ( 'NONE',  ( 3.771137991253918417E-15, -0.000000000000000000, 1.000000000000000000 ) ) ;
#7932 = FACE_OUTER_BOUND ( 'NONE', #8392, .T. ) ;
#7933 = ADVANCED_FACE ( 'NONE', ( #2036 ), #9485, .T. ) ;
#7934 = ORIENTED_EDGE ( 'NONE', *, *, #9657, .F. ) ;
#7935 = CIRCLE ( 'NONE', #3366, 0.1150000000000000883 ) ;
#7936 = COLOUR_RGB ( '',0.7921568627450980005, 0.8196078431372548767, 0.9333333333333333481 ) ;
#7937 = CARTESIAN_POINT ( 'NONE',  ( -2.500000000000001332, 0.1999999999999999833, 1.365000000000000435 ) ) ;
#7938 = ADVANCED_FACE ( 'NONE', ( #1245 ), #9542, .T. ) ;
#7939 = ADVANCED_FACE ( 'NONE', ( #9659 ), #4450, .T. ) ;
#7940 = CARTESIAN_POINT ( 'NONE',  ( -2.500000000000002220, 0.1999999999999999833, 1.635000000000000009 ) ) ;
#7941 = FACE_OUTER_BOUND ( 'NONE', #7228, .T. ) ;
#7942 = FACE_OUTER_BOUND ( 'NONE', #9795, .T. ) ;
#7943 = FACE_OUTER_BOUND ( 'NONE', #6850, .T. ) ;
#7944 = CARTESIAN_POINT ( 'NONE',  ( 2.215000000000000746, 0.6614108798023753399, 0.1349999999999988431 ) ) ;
#7945 = EDGE_CURVE ( 'NONE', #1622, #314, #8795, .T. ) ;
#7946 = VERTEX_POINT ( 'NONE', #7991 ) ;
#7947 = AXIS2_PLACEMENT_3D ( 'NONE', #9365, #8788, #5171 ) ;
#7948 = ORIENTED_EDGE ( 'NONE', *, *, #4555, .F. ) ;
#7949 = DIRECTION ( 'NONE',  ( 1.000000000000000000, -0.000000000000000000, 7.608436298143888101E-16 ) ) ;
#7950 = ORIENTED_EDGE ( 'NONE', *, *, #1675, .F. ) ;
#7951 = ORIENTED_EDGE ( 'NONE', *, *, #1237, .T. ) ;
#7952 = ORIENTED_EDGE ( 'NONE', *, *, #5062, .T. ) ;
#7953 = SURFACE_SIDE_STYLE ('',( #8989 ) ) ;
#7954 = VECTOR ( 'NONE', #10182, 1000.000000000000000 ) ;
#7955 = ORIENTED_EDGE ( 'NONE', *, *, #5565, .T. ) ;
#7956 = CARTESIAN_POINT ( 'NONE',  ( -1.249999999999999334, 0.000000000000000000, -2.215000000000001190 ) ) ;
#7957 = CARTESIAN_POINT ( 'NONE',  ( -2.500000000000001332, 0.000000000000000000, -1.134999999999999565 ) ) ;
#7958 = DIRECTION ( 'NONE',  ( 0.000000000000000000, 0.000000000000000000, 1.000000000000000000 ) ) ;
#7959 = ADVANCED_FACE ( 'NONE', ( #10540 ), #6337, .T. ) ;
#7960 = CARTESIAN_POINT ( 'NONE',  ( -2.500000000000001332, 0.6614108798023753399, 0.3650000000000005462 ) ) ;
#7961 = AXIS2_PLACEMENT_3D ( 'NONE', #1532, #8218, #7226 ) ;
#7962 = VERTEX_POINT ( 'NONE', #5600 ) ;
#7963 = ORIENTED_EDGE ( 'NONE', *, *, #1782, .F. ) ;
#7964 = VECTOR ( 'NONE', #7267, 1000.000000000000000 ) ;
#7965 = VECTOR ( 'NONE', #8905, 1000.000000000000000 ) ;
#7966 = ORIENTED_EDGE ( 'NONE', *, *, #674, .T. ) ;
#7967 = CARTESIAN_POINT ( 'NONE',  ( 1.865000000000000879, 0.2000000000000005107, 2.499999999999998668 ) ) ;
#7968 = AXIS2_PLACEMENT_3D ( 'NONE', #7580, #3384, #6098 ) ;
#7969 = AXIS2_PLACEMENT_3D ( 'NONE', #2602, #5013, #4954 ) ;
#7970 = ORIENTED_EDGE ( 'NONE', *, *, #10674, .F. ) ;
#7971 = CARTESIAN_POINT ( 'NONE',  ( -2.215000000000000746, 0.6614108798023753399, 1.635000000000000231 ) ) ;
#7972 = CARTESIAN_POINT ( 'NONE',  ( -2.500000000000002220, 0.1999999999999999833, 0.1349999999999999256 ) ) ;
#7973 = DIRECTION ( 'NONE',  ( 0.000000000000000000, -0.000000000000000000, -1.000000000000000000 ) ) ;
#7974 = DIRECTION ( 'NONE',  ( 3.771137991253918417E-15, -0.000000000000000000, 1.000000000000000000 ) ) ;
#7975 = DIRECTION ( 'NONE',  ( 1.000000000000000000, -0.000000000000000000, 7.608436298143888101E-16 ) ) ;
#7976 = VECTOR ( 'NONE', #249, 1000.000000000000000 ) ;
#7977 = DIRECTION ( 'NONE',  ( 1.000000000000000000, 0.000000000000000000, -1.521687259628770718E-15 ) ) ;
#7978 = VECTOR ( 'NONE', #7190, 1000.000000000000000 ) ;
#7979 = EDGE_CURVE ( 'NONE', #1231, #1170, #8095, .T. ) ;
#7980 = CIRCLE ( 'NONE', #8849, 0.1150000000000000883 ) ;
#7981 = VECTOR ( 'NONE', #10079, 1000.000000000000000 ) ;
#7982 = ORIENTED_EDGE ( 'NONE', *, *, #10462, .F. ) ;
#7983 = VECTOR ( 'NONE', #3451, 1000.000000000000000 ) ;
#7984 = DIRECTION ( 'NONE',  ( -0.000000000000000000, -1.000000000000000000, -0.000000000000000000 ) ) ;
#7985 = VECTOR ( 'NONE', #4645, 1000.000000000000000 ) ;
#7986 = DIRECTION ( 'NONE',  ( 0.000000000000000000, 0.000000000000000000, -1.000000000000000000 ) ) ;
#7987 = CARTESIAN_POINT ( 'NONE',  ( -0.6349999999999992317, 0.1999999999999999833, -2.215000000000001190 ) ) ;
#7988 = DIRECTION ( 'NONE',  ( 0.000000000000000000, 1.000000000000000000, 0.000000000000000000 ) ) ;
#7989 =( NAMED_UNIT ( * ) PLANE_ANGLE_UNIT ( ) SI_UNIT ( $, .RADIAN. ) );
#7990 = AXIS2_PLACEMENT_3D ( 'NONE', #10205, #8473, #910 ) ;
#7991 = CARTESIAN_POINT ( 'NONE',  ( 1.865000000000000879, 0.1999999999999999833, 2.215000000000001190 ) ) ;
#7992 = CARTESIAN_POINT ( 'NONE',  ( 2.500000000000002220, 0.1999999999999999833, 0.1349999999999999256 ) ) ;
#7993 = VECTOR ( 'NONE', #3553, 1000.000000000000000 ) ;
#7994 = VECTOR ( 'NONE', #4729, 1000.000000000000000 ) ;
#7995 = EDGE_CURVE ( 'NONE', #1585, #6583, #2420, .T. ) ;
#7996 = FACE_OUTER_BOUND ( 'NONE', #6914, .T. ) ;
#7997 = STYLED_ITEM ( 'NONE', ( #37 ), #9628 ) ;
#7998 = FACE_OUTER_BOUND ( 'NONE', #2425, .T. ) ;
#7999 = LINE ( 'NONE', #6343, #7513 ) ;
#8000 = DIRECTION ( 'NONE',  ( -7.608436298143888101E-16, 0.000000000000000000, 1.000000000000000000 ) ) ;
#8001 =( NAMED_UNIT ( * ) SI_UNIT ( $, .STERADIAN. ) SOLID_ANGLE_UNIT ( ) );
#8002 = VERTEX_POINT ( 'NONE', #520 ) ;
#8003 = LINE ( 'NONE', #7944, #3212 ) ;
#8004 = VERTEX_POINT ( 'NONE', #8860 ) ;
#8005 = EDGE_CURVE ( 'NONE', #803, #3484, #9084, .T. ) ;
#8006 = ORIENTED_EDGE ( 'NONE', *, *, #7474, .F. ) ;
#8007 = EDGE_LOOP ( 'NONE', ( #4919, #9824, #6836, #3162 ) ) ;
#8008 = AXIS2_PLACEMENT_3D ( 'NONE', #2786, #10189, #5150 ) ;
#8009 = VERTEX_POINT ( 'NONE', #5651 ) ;
#8010 = DIRECTION ( 'NONE',  ( 0.000000000000000000, -1.000000000000000000, 0.000000000000000000 ) ) ;
#8011 = EDGE_CURVE ( 'NONE', #143, #1622, #9813, .T. ) ;
#8012 = ORIENTED_EDGE ( 'NONE', *, *, #3793, .F. ) ;
#8013 = ORIENTED_EDGE ( 'NONE', *, *, #549, .F. ) ;
#8014 = CARTESIAN_POINT ( 'NONE',  ( 2.500000000000002220, 0.000000000000000000, 1.135000000000000009 ) ) ;
#8015 = ORIENTED_EDGE ( 'NONE', *, *, #10735, .F. ) ;
#8016 = SURFACE_STYLE_FILL_AREA ( #8820 ) ;
#8017 = ORIENTED_EDGE ( 'NONE', *, *, #187, .T. ) ;
#8018 = CARTESIAN_POINT ( 'NONE',  ( 0.2500000000000008882, 0.04999999999999999584, 2.215000000000001190 ) ) ;
#8019 = FACE_OUTER_BOUND ( 'NONE', #8677, .T. ) ;
#8020 = VECTOR ( 'NONE', #4331, 1000.000000000000000 ) ;
#8021 = LINE ( 'NONE', #9834, #4099 ) ;
#8022 = DIRECTION ( 'NONE',  ( 0.000000000000000000, -1.000000000000000000, 0.000000000000000000 ) ) ;
#8023 = ORIENTED_EDGE ( 'NONE', *, *, #3622, .F. ) ;
#8024 = ORIENTED_EDGE ( 'NONE', *, *, #7189, .F. ) ;
#8025 = ADVANCED_FACE ( 'NONE', ( #8967 ), #3962, .T. ) ;
#8026 = EDGE_CURVE ( 'NONE', #6692, #4146, #2198, .T. ) ;
#8027 = ORIENTED_EDGE ( 'NONE', *, *, #5539, .F. ) ;
#8028 = CARTESIAN_POINT ( 'NONE',  ( 0.8650000000000007683, 0.05000000000000000278, 0.000000000000000000 ) ) ;
#8029 = ORIENTED_EDGE ( 'NONE', *, *, #9767, .F. ) ;
#8030 = DIRECTION ( 'NONE',  ( 0.000000000000000000, 0.000000000000000000, -1.000000000000000000 ) ) ;
#8031 = FACE_OUTER_BOUND ( 'NONE', #10617, .T. ) ;
#8032 = CARTESIAN_POINT ( 'NONE',  ( 1.635000000000000675, 0.2000000000000000111, -2.215000000000001190 ) ) ;
#8033 = LINE ( 'NONE', #1390, #1793 ) ;
#8034 = FACE_OUTER_BOUND ( 'NONE', #9041, .T. ) ;
#8035 = DIRECTION ( 'NONE',  ( -7.608436298143888101E-16, 0.000000000000000000, 1.000000000000000000 ) ) ;
#8036 = ADVANCED_FACE ( 'NONE', ( #1463 ), #688, .F. ) ;
#8037 = AXIS2_PLACEMENT_3D ( 'NONE', #6476, #3154, #10793 ) ;
#8038 = EDGE_CURVE ( 'NONE', #9086, #4971, #8257, .T. ) ;
#8039 = ORIENTED_EDGE ( 'NONE', *, *, #10465, .F. ) ;
#8040 = DIRECTION ( 'NONE',  ( -0.000000000000000000, -1.000000000000000000, -0.000000000000000000 ) ) ;
#8041 = CARTESIAN_POINT ( 'NONE',  ( -1.749999999999999334, 0.000000000000000000, -2.215000000000001190 ) ) ;
#8042 = FACE_OUTER_BOUND ( 'NONE', #10296, .T. ) ;
#8043 = LINE ( 'NONE', #3852, #5068 ) ;
#8044 = FILL_AREA_STYLE ('',( #9484 ) ) ;
#8045 = AXIS2_PLACEMENT_3D ( 'NONE', #528, #5555, #10710 ) ;
#8046 = CARTESIAN_POINT ( 'NONE',  ( -2.215000000000000746, 0.1999999999999999833, -0.6349999999999992317 ) ) ;
#8047 = CIRCLE ( 'NONE', #2051, 0.1150000000000001993 ) ;
#8048 = CARTESIAN_POINT ( 'NONE',  ( 2.500000000000001332, 0.6614108798023753399, -1.634999999999999565 ) ) ;
#8049 = ORIENTED_EDGE ( 'NONE', *, *, #2079, .T. ) ;
#8050 = EDGE_CURVE ( 'NONE', #2112, #8307, #1519, .T. ) ;
#8051 = CARTESIAN_POINT ( 'NONE',  ( -2.215000000000000746, 0.1999999999999999833, -0.7499999999999997780 ) ) ;
#8052 = CARTESIAN_POINT ( 'NONE',  ( -2.215000000000000746, 0.05000000000000002359, -0.7499999999999997780 ) ) ;
#8053 = CARTESIAN_POINT ( 'NONE',  ( -0.7499999999999993339, 0.6614108798023734526, -2.215000000000001190 ) ) ;
#8054 = CARTESIAN_POINT ( 'NONE',  ( -0.2499999999999991396, 0.04999999999999999584, 2.100000000000000977 ) ) ;
#8055 = DIRECTION ( 'NONE',  ( 0.000000000000000000, -1.000000000000000000, 0.000000000000000000 ) ) ;
#8056 =( NAMED_UNIT ( * ) SI_UNIT ( $, .STERADIAN. ) SOLID_ANGLE_UNIT ( ) );
#8057 = ORIENTED_EDGE ( 'NONE', *, *, #4602, .T. ) ;
#8058 = CARTESIAN_POINT ( 'NONE',  ( 2.500000000000002220, 0.1999999999999999833, 1.635000000000000009 ) ) ;
#8059 = AXIS2_PLACEMENT_3D ( 'NONE', #8873, #4464, #6298 ) ;
#8060 = ORIENTED_EDGE ( 'NONE', *, *, #9639, .F. ) ;
#8061 = ORIENTED_EDGE ( 'NONE', *, *, #9909, .F. ) ;
#8062 = DIRECTION ( 'NONE',  ( 0.000000000000000000, -1.000000000000000000, 0.000000000000000000 ) ) ;
#8063 = VERTEX_POINT ( 'NONE', #3854 ) ;
#8064 = ORIENTED_EDGE ( 'NONE', *, *, #4449, .F. ) ;
#8065 = SURFACE_STYLE_USAGE ( .BOTH. , #9676 ) ;
#8066 = VECTOR ( 'NONE', #1028, 1000.000000000000000 ) ;
#8067 = CARTESIAN_POINT ( 'NONE',  ( -2.215000000000000746, 0.6614108798023753399, 0.1350000000000001477 ) ) ;
#8068 = ORIENTED_EDGE ( 'NONE', *, *, #6333, .F. ) ;
#8069 = CARTESIAN_POINT ( 'NONE',  ( -0.1349999999999992595, 0.2000000000000000111, -2.215000000000001190 ) ) ;
#8070 = CARTESIAN_POINT ( 'NONE',  ( -2.215000000000000746, 0.05000000000000002359, 0.2500000000000002220 ) ) ;
#8071 = EDGE_CURVE ( 'NONE', #9877, #10090, #7322, .T. ) ;
#8072 = DIRECTION ( 'NONE',  ( -0.000000000000000000, -1.000000000000000000, -0.000000000000000000 ) ) ;
#8073 = LINE ( 'NONE', #3045, #743 ) ;
#8074 = ORIENTED_EDGE ( 'NONE', *, *, #4732, .F. ) ;
#8075 = ORIENTED_EDGE ( 'NONE', *, *, #8900, .T. ) ;
#8076 = VECTOR ( 'NONE', #335, 1000.000000000000000 ) ;
#8077 = ORIENTED_EDGE ( 'NONE', *, *, #6661, .F. ) ;
#8078 = ORIENTED_EDGE ( 'NONE', *, *, #5501, .T. ) ;
#8079 = CARTESIAN_POINT ( 'NONE',  ( -1.749999999999999112, 0.04999999999999999584, 2.215000000000001190 ) ) ;
#8080 = ORIENTED_EDGE ( 'NONE', *, *, #9909, .T. ) ;
#8081 = CARTESIAN_POINT ( 'NONE',  ( 1.865000000000000879, 0.2000000000000000111, -2.215000000000001190 ) ) ;
#8082 = CARTESIAN_POINT ( 'NONE',  ( -0.6349999999999992317, 0.000000000000000000, -2.215000000000001190 ) ) ;
#8083 = EDGE_CURVE ( 'NONE', #600, #5241, #204, .T. ) ;
#8084 = LINE ( 'NONE', #1389, #10555 ) ;
#8085 = PLANE ( 'NONE',  #7433 ) ;
#8086 = CARTESIAN_POINT ( 'NONE',  ( -1.750000000000000222, 0.1999999999999996503, 1.635000000000000897 ) ) ;
#8087 = CARTESIAN_POINT ( 'NONE',  ( -0.1349999999999992595, 0.000000000000000000, -2.215000000000001190 ) ) ;
#8088 = ORIENTED_EDGE ( 'NONE', *, *, #2895, .F. ) ;
#8089 = PLANE ( 'NONE',  #4267 ) ;
#8090 = FACE_OUTER_BOUND ( 'NONE', #2934, .T. ) ;
#8091 = DIRECTION ( 'NONE',  ( 0.000000000000000000, -1.000000000000000000, 0.000000000000000000 ) ) ;
#8092 = DIRECTION ( 'NONE',  ( 0.000000000000000000, -0.000000000000000000, -1.000000000000000000 ) ) ;
#8093 = CARTESIAN_POINT ( 'NONE',  ( 0.6350000000000007860, 0.6614108798023734526, 2.500000000000001332 ) ) ;
#8094 = EDGE_CURVE ( 'NONE', #7685, #4367, #6915, .T. ) ;
#8095 = LINE ( 'NONE', #1401, #8833 ) ;
#8096 = CLOSED_SHELL ( 'NONE', ( #8501, #10401, #8203, #8468, #6518, #1733 ) ) ;
#8097 = EDGE_CURVE ( 'NONE', #10157, #7217, #8310, .T. ) ;
#8098 = CARTESIAN_POINT ( 'NONE',  ( -1.364999999999999325, 0.6614108798023734526, 2.500000000000001332 ) ) ;
#8099 = ORIENTED_EDGE ( 'NONE', *, *, #8668, .F. ) ;
#8100 = DIRECTION ( 'NONE',  ( 1.000000000000000000, -0.000000000000000000, -0.000000000000000000 ) ) ;
#8101 = FACE_OUTER_BOUND ( 'NONE', #551, .T. ) ;
#8102 = LINE ( 'NONE', #6556, #10700 ) ;
#8103 = FACE_OUTER_BOUND ( 'NONE', #948, .T. ) ;
#8104 =( NAMED_UNIT ( * ) PLANE_ANGLE_UNIT ( ) SI_UNIT ( $, .RADIAN. ) );
#8105 = LINE ( 'NONE', #8058, #402 ) ;
#8106 = EDGE_CURVE ( 'NONE', #4202, #4219, #636, .T. ) ;
#8107 = ORIENTED_EDGE ( 'NONE', *, *, #6588, .T. ) ;
#8108 = PLANE ( 'NONE',  #1797 ) ;
#8109 = ORIENTED_EDGE ( 'NONE', *, *, #6194, .T. ) ;
#8110 = ORIENTED_EDGE ( 'NONE', *, *, #10168, .F. ) ;
#8111 = FACE_OUTER_BOUND ( 'NONE', #239, .T. ) ;
#8112 = ORIENTED_EDGE ( 'NONE', *, *, #6454, .F. ) ;
#8113 = CARTESIAN_POINT ( 'NONE',  ( 1.635000000000000009, 0.1999999999999996503, 1.635000000000001341 ) ) ;
#8114 = ORIENTED_EDGE ( 'NONE', *, *, #3075, .T. ) ;
#8115 = DIRECTION ( 'NONE',  ( -0.000000000000000000, -1.000000000000000000, -0.000000000000000000 ) ) ;
#8116 = PRESENTATION_STYLE_ASSIGNMENT (( #611 ) ) ;
#8117 = CARTESIAN_POINT ( 'NONE',  ( 0.2500000000000008882, 0.000000000000000000, 2.215000000000001190 ) ) ;
#8118 = DIRECTION ( 'NONE',  ( 0.000000000000000000, 1.000000000000000000, 0.000000000000000000 ) ) ;
#8119 = VERTEX_POINT ( 'NONE', #5717 ) ;
#8120 = EDGE_LOOP ( 'NONE', ( #2000, #5879, #8078, #1731 ) ) ;
#8121 = EDGE_LOOP ( 'NONE', ( #2067, #1050, #3097, #6648 ) ) ;
#8122 = CIRCLE ( 'NONE', #2845, 0.1150000000000001993 ) ;
#8123 = EDGE_LOOP ( 'NONE', ( #8247, #10349, #8060, #10015 ) ) ;
#8124 = EDGE_CURVE ( 'NONE', #3175, #5693, #3168, .T. ) ;
#8125 = ORIENTED_EDGE ( 'NONE', *, *, #4896, .T. ) ;
#8126 = DIRECTION ( 'NONE',  ( 1.000000000000000000, -0.000000000000000000, -0.000000000000000000 ) ) ;
#8127 = CARTESIAN_POINT ( 'NONE',  ( 1.135000000000000897, 0.6614108798023734526, 2.500000000000001332 ) ) ;
#8128 = DIRECTION ( 'NONE',  ( -1.000000000000000000, 0.000000000000000000, 1.521687259628770718E-15 ) ) ;
#8129 = DIRECTION ( 'NONE',  ( 0.000000000000000000, 0.000000000000000000, -1.000000000000000000 ) ) ;
#8130 = CARTESIAN_POINT ( 'NONE',  ( -2.500000000000002220, 0.1999999999999999833, -0.3650000000000001021 ) ) ;
#8131 = ORIENTED_EDGE ( 'NONE', *, *, #6129, .F. ) ;
#8132 = VECTOR ( 'NONE', #3155, 1000.000000000000000 ) ;
#8133 = AXIS2_PLACEMENT_3D ( 'NONE', #5270, #2908, #9474 ) ;
#8134 = EDGE_CURVE ( 'NONE', #5070, #7574, #6540, .T. ) ;
#8135 = ADVANCED_FACE ( 'NONE', ( #2365 ), #3012, .F. ) ;
#8136 = AXIS2_PLACEMENT_3D ( 'NONE', #582, #474, #3964 ) ;
#8137 = VERTEX_POINT ( 'NONE', #91 ) ;
#8138 = DIRECTION ( 'NONE',  ( 0.000000000000000000, 0.000000000000000000, 1.000000000000000000 ) ) ;
#8139 = ADVANCED_FACE ( 'NONE', ( #8303 ), #10248, .T. ) ;
#8140 = CARTESIAN_POINT ( 'NONE',  ( -0.8649999999999994360, 0.2000000000000005107, -2.500000000000000888 ) ) ;
#8141 = DIRECTION ( 'NONE',  ( -1.000000000000000000, 0.000000000000000000, -1.521687259628770718E-15 ) ) ;
#8143 = CARTESIAN_POINT ( 'NONE',  ( -1.749999999999999112, 0.2000000000000000111, 2.215000000000001190 ) ) ;
#8142 = CIRCLE ( 'NONE', #387, 0.1150000000000000883 ) ;
#8144 = AXIS2_PLACEMENT_3D ( 'NONE', #4981, #10021, #1727 ) ;
#8145 = CARTESIAN_POINT ( 'NONE',  ( 2.215000000000000746, 0.6614108798023753399, 1.749999999999999112 ) ) ;
#8146 = AXIS2_PLACEMENT_3D ( 'NONE', #1395, #1877, #7209 ) ;
#8147 = FACE_OUTER_BOUND ( 'NONE', #2293, .T. ) ;
#8148 = AXIS2_PLACEMENT_3D ( 'NONE', #6653, #5152, #8365 ) ;
#8149 = EDGE_CURVE ( 'NONE', #3820, #1633, #6884, .T. ) ;
#8150 = VERTEX_POINT ( 'NONE', #6774 ) ;
#8151 = CIRCLE ( 'NONE', #1098, 0.1150000000000000883 ) ;
#8152 = VECTOR ( 'NONE', #7624, 1000.000000000000000 ) ;
#8153 = EDGE_CURVE ( 'NONE', #7217, #8898, #7589, .T. ) ;
#8154 = VECTOR ( 'NONE', #4499, 1000.000000000000000 ) ;
#8155 = CARTESIAN_POINT ( 'NONE',  ( -1.749999999999999334, 0.2000000000000000111, -2.215000000000001190 ) ) ;
#8156 = DIRECTION ( 'NONE',  ( 0.000000000000000000, -1.000000000000000000, 0.000000000000000000 ) ) ;
#8157 = CARTESIAN_POINT ( 'NONE',  ( 2.215000000000000746, 0.1999999999999999833, 0.8650000000000007683 ) ) ;
#8158 = LINE ( 'NONE', #10829, #7710 ) ;
#8159 = CARTESIAN_POINT ( 'NONE',  ( 2.500000000000001332, 0.000000000000000000, 0.3650000000000005462 ) ) ;
#8160 = AXIS2_PLACEMENT_3D ( 'NONE', #8902, #1500, #4817 ) ;
#8161 = DIRECTION ( 'NONE',  ( 0.000000000000000000, 1.000000000000000000, 0.000000000000000000 ) ) ;
#8162 =( GEOMETRIC_REPRESENTATION_CONTEXT ( 3 ) GLOBAL_UNCERTAINTY_ASSIGNED_CONTEXT ( ( #6891 ) ) GLOBAL_UNIT_ASSIGNED_CONTEXT ( ( #6499, #7282, #530 ) ) REPRESENTATION_CONTEXT ( 'NONE', 'WORKASPACE' ) );
#8163 = AXIS2_PLACEMENT_3D ( 'NONE', #3555, #6939, #4182 ) ;
#8164 = ORIENTED_EDGE ( 'NONE', *, *, #4301, .F. ) ;
#8165 = ORIENTED_EDGE ( 'NONE', *, *, #9866, .T. ) ;
#8166 = CARTESIAN_POINT ( 'NONE',  ( -2.215000000000000746, 0.000000000000000000, 0.8650000000000007683 ) ) ;
#8167 = VECTOR ( 'NONE', #1038, 1000.000000000000000 ) ;
#8168 = EDGE_LOOP ( 'NONE', ( #9267, #6469, #301, #7407 ) ) ;
#8169 = VERTEX_POINT ( 'NONE', #8419 ) ;
#8170 = CARTESIAN_POINT ( 'NONE',  ( 1.365000000000000657, 0.1999999999999999833, -2.215000000000001190 ) ) ;
#8171 =( LENGTH_UNIT ( ) NAMED_UNIT ( * ) SI_UNIT ( .MILLI., .METRE. ) );
#8172 = ADVANCED_FACE ( 'NONE', ( #8368 ), #1629, .F. ) ;
#8173 = EDGE_LOOP ( 'NONE', ( #4891, #5462, #8945, #5971 ) ) ;
#8174 = DIRECTION ( 'NONE',  ( 1.000000000000000000, -0.000000000000000000, 7.608436298143888101E-16 ) ) ;
#8175 = FILL_AREA_STYLE ('',( #5521 ) ) ;
#8176 = CARTESIAN_POINT ( 'NONE',  ( 1.635000000000000675, 0.2000000000000005107, -2.500000000000001332 ) ) ;
#8177 = DIRECTION ( 'NONE',  ( 7.608436298143888101E-16, 0.000000000000000000, -1.000000000000000000 ) ) ;
#8178 = ORIENTED_EDGE ( 'NONE', *, *, #6058, .T. ) ;
#8179 = ORIENTED_EDGE ( 'NONE', *, *, #351, .F. ) ;
#8180 = EDGE_CURVE ( 'NONE', #242, #9731, #2586, .T. ) ;
#8181 = VERTEX_POINT ( 'NONE', #5937 ) ;
#8182 = ORIENTED_EDGE ( 'NONE', *, *, #1816, .T. ) ;
#8183 = VECTOR ( 'NONE', #1789, 1000.000000000000000 ) ;
#8184 = DIRECTION ( 'NONE',  ( 0.000000000000000000, -1.000000000000000000, 0.000000000000000000 ) ) ;
#8185 = EDGE_LOOP ( 'NONE', ( #7650, #6590, #5259, #1226 ) ) ;
#8186 =( NAMED_UNIT ( * ) SI_UNIT ( $, .STERADIAN. ) SOLID_ANGLE_UNIT ( ) );
#8187 = ADVANCED_FACE ( 'NONE', ( #3454 ), #3507, .T. ) ;
#8188 = VECTOR ( 'NONE', #6521, 1000.000000000000000 ) ;
#8189 = CARTESIAN_POINT ( 'NONE',  ( 0.3650000000000009348, 0.1999999999999999833, 2.215000000000001190 ) ) ;
#8190 = DIRECTION ( 'NONE',  ( 0.000000000000000000, -0.000000000000000000, 1.000000000000000000 ) ) ;
#8191 = CARTESIAN_POINT ( 'NONE',  ( -1.749999999999999334, 0.2000000000000000111, -2.215000000000001190 ) ) ;
#8192 = CARTESIAN_POINT ( 'NONE',  ( 2.500000000000001332, 0.1999999999999999833, -1.134999999999999565 ) ) ;
#8193 = DIRECTION ( 'NONE',  ( 0.000000000000000000, -1.000000000000000000, 0.000000000000000000 ) ) ;
#8194 = VERTEX_POINT ( 'NONE', #5769 ) ;
#8195 = ORIENTED_EDGE ( 'NONE', *, *, #643, .T. ) ;
#8196 = DIRECTION ( 'NONE',  ( 0.000000000000000000, 0.000000000000000000, -1.000000000000000000 ) ) ;
#8197 = VERTEX_POINT ( 'NONE', #8464 ) ;
#8198 = DIRECTION ( 'NONE',  ( 0.000000000000000000, 0.000000000000000000, 1.000000000000000000 ) ) ;
#8199 = CARTESIAN_POINT ( 'NONE',  ( 2.215000000000000746, 0.6614108798023753399, 1.134999999999998899 ) ) ;
#8200 = CARTESIAN_POINT ( 'NONE',  ( -1.749999999999999334, 0.2000000000000000111, -2.215000000000001190 ) ) ;
#8201 = PRESENTATION_STYLE_ASSIGNMENT (( #5767 ) ) ;
#8202 = DIRECTION ( 'NONE',  ( 0.000000000000000000, 0.000000000000000000, -1.000000000000000000 ) ) ;
#8203 = ADVANCED_FACE ( 'NONE', ( #9137 ), #4123, .F. ) ;
#8204 = DIRECTION ( 'NONE',  ( 0.000000000000000000, -1.000000000000000000, 0.000000000000000000 ) ) ;
#8205 = ORIENTED_EDGE ( 'NONE', *, *, #9735, .F. ) ;
#8206 = VECTOR ( 'NONE', #2510, 1000.000000000000000 ) ;
#8207 = EDGE_CURVE ( 'NONE', #9087, #663, #5130, .T. ) ;
#8208 = EDGE_LOOP ( 'NONE', ( #5160, #8077, #141, #961 ) ) ;
#8209 = VERTEX_POINT ( 'NONE', #1790 ) ;
#8210 = CARTESIAN_POINT ( 'NONE',  ( -2.215000000000000746, 0.000000000000000000, -0.2499999999999997780 ) ) ;
#8211 = AXIS2_PLACEMENT_3D ( 'NONE', #545, #10728, #2394 ) ;
#8212 = UNCERTAINTY_MEASURE_WITH_UNIT (LENGTH_MEASURE( 1.000000000000000082E-05 ), #1411, 'distance_accuracy_value', 'NONE');
#8213 = DIRECTION ( 'NONE',  ( 1.000000000000000000, 0.000000000000000000, 7.608436298143888101E-16 ) ) ;
#8214 = FACE_OUTER_BOUND ( 'NONE', #2785, .T. ) ;
#8215 = CARTESIAN_POINT ( 'NONE',  ( 0.6350000000000005640, 0.1999999999999999833, -2.215000000000001190 ) ) ;
#8216 = EDGE_CURVE ( 'NONE', #1073, #9881, #4277, .T. ) ;
#8217 = ORIENTED_EDGE ( 'NONE', *, *, #5670, .T. ) ;
#8218 = DIRECTION ( 'NONE',  ( 1.000000000000000000, 0.000000000000000000, 7.608436298143888101E-16 ) ) ;
#8219 = ORIENTED_EDGE ( 'NONE', *, *, #3728, .T. ) ;
#8220 = ORIENTED_EDGE ( 'NONE', *, *, #6532, .T. ) ;
#8221 = FACE_OUTER_BOUND ( 'NONE', #10262, .T. ) ;
#8222 = VERTEX_POINT ( 'NONE', #7708 ) ;
#8223 = ORIENTED_EDGE ( 'NONE', *, *, #5418, .T. ) ;
#8224 = DIRECTION ( 'NONE',  ( -1.000000000000000000, 0.000000000000000000, -7.608436298143875282E-16 ) ) ;
#8225 = PLANE ( 'NONE',  #5596 ) ;
#8226 = LINE ( 'NONE', #3043, #5857 ) ;
#8227 = CIRCLE ( 'NONE', #7885, 0.1150000000000000883 ) ;
#8228 = EDGE_CURVE ( 'NONE', #242, #5422, #2530, .T. ) ;
#8229 = DIRECTION ( 'NONE',  ( 0.000000000000000000, -0.000000000000000000, 1.000000000000000000 ) ) ;
#8230 = ADVANCED_FACE ( 'NONE', ( #140 ), #10873, .T. ) ;
#8231 = EDGE_CURVE ( 'NONE', #3431, #9864, #3289, .T. ) ;
#8232 = ORIENTED_EDGE ( 'NONE', *, *, #3308, .T. ) ;
#8233 = EDGE_LOOP ( 'NONE', ( #10407, #6546 ) ) ;
#8234 = VERTEX_POINT ( 'NONE', #5991 ) ;
#8235 = VECTOR ( 'NONE', #10318, 1000.000000000000000 ) ;
#8236 = ORIENTED_EDGE ( 'NONE', *, *, #598, .T. ) ;
#8237 = CARTESIAN_POINT ( 'NONE',  ( -1.634999999999999121, 0.2000000000000000111, 2.215000000000001190 ) ) ;
#8238 = ORIENTED_EDGE ( 'NONE', *, *, #9767, .T. ) ;
#8239 = SURFACE_SIDE_STYLE ('',( #1385 ) ) ;
#8240 = DIRECTION ( 'NONE',  ( 0.000000000000000000, 1.000000000000000000, 0.000000000000000000 ) ) ;
#8241 = CARTESIAN_POINT ( 'NONE',  ( -1.749999999999999778, 0.2000000000000000111, -1.300032178889605650 ) ) ;
#8242 = DIRECTION ( 'NONE',  ( -0.000000000000000000, -1.000000000000000000, -0.000000000000000000 ) ) ;
#8243 = CARTESIAN_POINT ( 'NONE',  ( -1.749999999999999112, 0.2000000000000000111, 2.215000000000001190 ) ) ;
#8244 = ADVANCED_FACE ( 'NONE', ( #9354 ), #5157, .T. ) ;
#8245 = AXIS2_PLACEMENT_3D ( 'NONE', #708, #8335, #6511 ) ;
#8246 = DIRECTION ( 'NONE',  ( 0.000000000000000000, 1.000000000000000000, -0.000000000000000000 ) ) ;
#8247 = ORIENTED_EDGE ( 'NONE', *, *, #10152, .F. ) ;
#8248 = EDGE_CURVE ( 'NONE', #3648, #1046, #4332, .T. ) ;
#8249 = VERTEX_POINT ( 'NONE', #2793 ) ;
#8250 = DIRECTION ( 'NONE',  ( 0.000000000000000000, 1.000000000000000000, 0.000000000000000000 ) ) ;
#8251 = AXIS2_PLACEMENT_3D ( 'NONE', #2271, #4799, #9326 ) ;
#8252 = EDGE_LOOP ( 'NONE', ( #7356, #5281, #1583, #446 ) ) ;
#8253 = CARTESIAN_POINT ( 'NONE',  ( -0.1349999999999990652, 0.000000000000000000, 2.215000000000001190 ) ) ;
#8254 = DIRECTION ( 'NONE',  ( 0.000000000000000000, -0.000000000000000000, 1.000000000000000000 ) ) ;
#8255 = CARTESIAN_POINT ( 'NONE',  ( -2.500000000000002220, 0.1999999999999999833, -0.3650000000000001021 ) ) ;
#8256 = EDGE_CURVE ( 'NONE', #1014, #10857, #6162, .T. ) ;
#8257 = LINE ( 'NONE', #9859, #7257 ) ;
#8258 = LINE ( 'NONE', #6835, #10633 ) ;
#8259 = EDGE_LOOP ( 'NONE', ( #1217, #5528, #8502, #6911 ) ) ;
#8260 = VERTEX_POINT ( 'NONE', #2684 ) ;
#8261 = ORIENTED_EDGE ( 'NONE', *, *, #8372, .T. ) ;
#8262 = PLANE ( 'NONE',  #3566 ) ;
#8263 = CLOSED_SHELL ( 'NONE', ( #1966, #4842, #6807, #3780, #371, #1252, #8929, #3688, #10055, #4466, #3623, #10123 ) ) ;
#8264 = FACE_OUTER_BOUND ( 'NONE', #9439, .T. ) ;
#8265 = CARTESIAN_POINT ( 'NONE',  ( -1.749999999999999334, 0.2000000000000000111, -2.215000000000001190 ) ) ;
#8266 = CARTESIAN_POINT ( 'NONE',  ( -2.500000000000001332, 0.1999999999999999833, -1.634999999999999565 ) ) ;
#8267 = PRESENTATION_STYLE_ASSIGNMENT (( #10937 ) ) ;
#8268 = FACE_OUTER_BOUND ( 'NONE', #10599, .T. ) ;
#8269 = EDGE_CURVE ( 'NONE', #1620, #10760, #1970, .T. ) ;
#8270 = EDGE_CURVE ( 'NONE', #8119, #4523, #2745, .T. ) ;
#8271 = VERTEX_POINT ( 'NONE', #10361 ) ;
#8272 = CARTESIAN_POINT ( 'NONE',  ( 1.635000000000000897, 0.6614108798023734526, 2.500000000000001332 ) ) ;
#8273 = ORIENTED_EDGE ( 'NONE', *, *, #8917, .F. ) ;
#8274 = LINE ( 'NONE', #1368, #9763 ) ;
#8275 = DIRECTION ( 'NONE',  ( 1.000000000000000000, 0.000000000000000000, -1.521687259628770718E-15 ) ) ;
#8276 = DIRECTION ( 'NONE',  ( 0.000000000000000000, -0.000000000000000000, -1.000000000000000000 ) ) ;
#8277 = EDGE_CURVE ( 'NONE', #2821, #2320, #10477, .T. ) ;
#8278 = CARTESIAN_POINT ( 'NONE',  ( 2.215000000000000746, 0.1999999999999999833, -1.250000000000000888 ) ) ;
#8279 = CARTESIAN_POINT ( 'NONE',  ( 0.3650000000000007683, 0.05000000000000000278, 0.000000000000000000 ) ) ;
#8280 = CARTESIAN_POINT ( 'NONE',  ( 0.1350000000000007860, 0.000000000000000000, 2.500000000000001332 ) ) ;
#8281 = CARTESIAN_POINT ( 'NONE',  ( -2.215000000000000746, 0.1999999999999999833, 0.7500000000000002220 ) ) ;
#8282 = ORIENTED_EDGE ( 'NONE', *, *, #5087, .F. ) ;
#8283 = ORIENTED_EDGE ( 'NONE', *, *, #7520, .F. ) ;
#8284 = ORIENTED_EDGE ( 'NONE', *, *, #6118, .T. ) ;
#8285 = EDGE_LOOP ( 'NONE', ( #7635, #6419, #1754, #6052 ) ) ;
#8286 =( NAMED_UNIT ( * ) PLANE_ANGLE_UNIT ( ) SI_UNIT ( $, .RADIAN. ) );
#8287 =( GEOMETRIC_REPRESENTATION_CONTEXT ( 3 ) GLOBAL_UNCERTAINTY_ASSIGNED_CONTEXT ( ( #1027 ) ) GLOBAL_UNIT_ASSIGNED_CONTEXT ( ( #10008, #3315, #5399 ) ) REPRESENTATION_CONTEXT ( 'NONE', 'WORKASPACE' ) );
#8288 = EDGE_CURVE ( 'NONE', #5840, #4526, #190, .T. ) ;
#8289 = VERTEX_POINT ( 'NONE', #5320 ) ;
#8290 = SURFACE_STYLE_FILL_AREA ( #2404 ) ;
#8291 = FACE_OUTER_BOUND ( 'NONE', #5274, .T. ) ;
#8292 = LINE ( 'NONE', #1726, #1425 ) ;
#8293 = DIRECTION ( 'NONE',  ( -1.000000000000000000, 0.000000000000000000, 0.000000000000000000 ) ) ;
#8294 = DIRECTION ( 'NONE',  ( 1.000000000000000000, -0.000000000000000000, 1.521687259628770718E-15 ) ) ;
#8295 = STYLED_ITEM ( 'NONE', ( #3469 ), #2469 ) ;
#8296 = ORIENTED_EDGE ( 'NONE', *, *, #5273, .F. ) ;
#8297 = CARTESIAN_POINT ( 'NONE',  ( -1.364999999999999325, 0.1999999999999999833, 2.500000000000001332 ) ) ;
#8298 = VERTEX_POINT ( 'NONE', #2028 ) ;
#8299 = DIRECTION ( 'NONE',  ( -1.000000000000000000, 0.000000000000000000, -0.000000000000000000 ) ) ;
#8300 = DIRECTION ( 'NONE',  ( 0.000000000000000000, 1.000000000000000000, 0.000000000000000000 ) ) ;
#8301 = EDGE_CURVE ( 'NONE', #6076, #3375, #7820, .T. ) ;
#8302 = AXIS2_PLACEMENT_3D ( 'NONE', #896, #7706, #6107 ) ;
#8303 = FACE_OUTER_BOUND ( 'NONE', #2517, .T. ) ;
#8304 = DIRECTION ( 'NONE',  ( -0.000000000000000000, -1.000000000000000000, -0.000000000000000000 ) ) ;
#8305 = VERTEX_POINT ( 'NONE', #8685 ) ;
#8306 = ORIENTED_EDGE ( 'NONE', *, *, #10101, .F. ) ;
#8307 = VERTEX_POINT ( 'NONE', #1858 ) ;
#8308 = ORIENTED_EDGE ( 'NONE', *, *, #4624, .F. ) ;
#8309 = ADVANCED_FACE ( 'NONE', ( #5211 ), #6279, .T. ) ;
#8310 = CIRCLE ( 'NONE', #3024, 0.1150000000000000883 ) ;
#8311 = AXIS2_PLACEMENT_3D ( 'NONE', #7029, #1949, #7958 ) ;
#8312 = CARTESIAN_POINT ( 'NONE',  ( -2.215000000000000746, 0.000000000000000000, -0.8649999999999998801 ) ) ;
#8313 = UNCERTAINTY_MEASURE_WITH_UNIT (LENGTH_MEASURE( 1.000000000000000082E-05 ), #10330, 'distance_accuracy_value', 'NONE');
#8314 = DIRECTION ( 'NONE',  ( 0.000000000000000000, 0.000000000000000000, 1.000000000000000000 ) ) ;
#8315 = AXIS2_PLACEMENT_3D ( 'NONE', #6278, #6066, #2907 ) ;
#8316 = AXIS2_PLACEMENT_3D ( 'NONE', #1756, #10045, #7613 ) ;
#8317 = DIRECTION ( 'NONE',  ( 1.000000000000000000, -0.000000000000000000, -1.734723475976807094E-16 ) ) ;
#8318 = CARTESIAN_POINT ( 'NONE',  ( -1.800000000000001155, 0.9000000000000000222, -1.800000000000000711 ) ) ;
#8319 = LINE ( 'NONE', #1753, #29 ) ;
#8320 = AXIS2_PLACEMENT_3D ( 'NONE', #7435, #6494, #5777 ) ;
#8321 = ORIENTED_EDGE ( 'NONE', *, *, #9301, .T. ) ;
#8322 = AXIS2_PLACEMENT_3D ( 'NONE', #9462, #1900, #8609 ) ;
#8323 = VECTOR ( 'NONE', #6683, 1000.000000000000000 ) ;
#8324 = ORIENTED_EDGE ( 'NONE', *, *, #4013, .F. ) ;
#8325 = AXIS2_PLACEMENT_3D ( 'NONE', #4383, #2686, #1071 ) ;
#8326 = ORIENTED_EDGE ( 'NONE', *, *, #8381, .F. ) ;
#8327 = CARTESIAN_POINT ( 'NONE',  ( 0.6350000000000007860, 0.04999999999999969746, -2.500000000000001332 ) ) ;
#8328 = VERTEX_POINT ( 'NONE', #8575 ) ;
#8329 = VERTEX_POINT ( 'NONE', #298 ) ;
#8330 = VECTOR ( 'NONE', #2194, 1000.000000000000000 ) ;
#8331 = DIRECTION ( 'NONE',  ( -1.000000000000000000, 0.000000000000000000, -0.000000000000000000 ) ) ;
#8332 = VECTOR ( 'NONE', #5400, 1000.000000000000000 ) ;
#8333 = CARTESIAN_POINT ( 'NONE',  ( -2.215000000000000746, 0.1999999999999999833, -1.864999999999999991 ) ) ;
#8334 = ORIENTED_EDGE ( 'NONE', *, *, #8216, .T. ) ;
#8335 = DIRECTION ( 'NONE',  ( -0.000000000000000000, -1.000000000000000000, -0.000000000000000000 ) ) ;
#8336 =( LENGTH_UNIT ( ) NAMED_UNIT ( * ) SI_UNIT ( .MILLI., .METRE. ) );
#8337 = DIRECTION ( 'NONE',  ( -0.000000000000000000, -1.000000000000000000, -0.000000000000000000 ) ) ;
#8338 = AXIS2_PLACEMENT_3D ( 'NONE', #8596, #9906, #2563 ) ;
#8339 = LINE ( 'NONE', #4307, #5147 ) ;
#8340 = CIRCLE ( 'NONE', #9598, 0.1150000000000001993 ) ;
#8341 = ADVANCED_FACE ( 'NONE', ( #7041 ), #3674, .F. ) ;
#8342 = EDGE_LOOP ( 'NONE', ( #6206, #7073, #1514, #5566 ) ) ;
#8343 = ORIENTED_EDGE ( 'NONE', *, *, #981, .F. ) ;
#8344 = ADVANCED_FACE ( 'NONE', ( #7871 ), #2843, .F. ) ;
#8345 = COLOUR_RGB ( '',0.7921568627450980005, 0.8196078431372548767, 0.9333333333333333481 ) ;
#8346 = EDGE_CURVE ( 'NONE', #4300, #291, #6219, .T. ) ;
#8347 = EDGE_LOOP ( 'NONE', ( #618, #4975, #7409, #1562 ) ) ;
#8348 = CARTESIAN_POINT ( 'NONE',  ( -2.215000000000000746, 0.6614108798023753399, -0.7499999999999997780 ) ) ;
#8349 = ORIENTED_EDGE ( 'NONE', *, *, #7808, .T. ) ;
#8350 =( LENGTH_UNIT ( ) NAMED_UNIT ( * ) SI_UNIT ( .MILLI., .METRE. ) );
#8351 = EDGE_LOOP ( 'NONE', ( #7724, #10439, #9133, #4157 ) ) ;
#8352 = PRESENTATION_STYLE_ASSIGNMENT (( #3325 ) ) ;
#8353 = DIRECTION ( 'NONE',  ( 7.608436298143888101E-16, 0.000000000000000000, -1.000000000000000000 ) ) ;
#8354 = CARTESIAN_POINT ( 'NONE',  ( 2.215000000000000746, 0.000000000000000000, -1.750000000000000888 ) ) ;
#8355 = DIRECTION ( 'NONE',  ( 0.000000000000000000, 0.000000000000000000, 1.000000000000000000 ) ) ;
#8356 = CARTESIAN_POINT ( 'NONE',  ( -1.134999999999999343, 0.2000000000000000111, 2.215000000000001190 ) ) ;
#8357 = VECTOR ( 'NONE', #7233, 1000.000000000000000 ) ;
#8358 = EDGE_CURVE ( 'NONE', #5835, #6659, #8739, .T. ) ;
#8359 = ORIENTED_EDGE ( 'NONE', *, *, #10918, .T. ) ;
#8360 = ORIENTED_EDGE ( 'NONE', *, *, #8026, .T. ) ;
#8361 = VECTOR ( 'NONE', #5644, 1000.000000000000000 ) ;
#8362 = ORIENTED_EDGE ( 'NONE', *, *, #10520, .F. ) ;
#8363 = CARTESIAN_POINT ( 'NONE',  ( 2.500000000000001332, 0.1999999999999999833, -1.634999999999999565 ) ) ;
#8364 = ORIENTED_EDGE ( 'NONE', *, *, #4418, .F. ) ;
#8365 = DIRECTION ( 'NONE',  ( -1.000000000000000000, 0.000000000000000000, -7.608436298143875282E-16 ) ) ;
#8366 = FACE_OUTER_BOUND ( 'NONE', #5098, .T. ) ;
#8367 = CARTESIAN_POINT ( 'NONE',  ( -1.634999999999999343, 0.6614108798023734526, 2.500000000000001332 ) ) ;
#8368 = FACE_OUTER_BOUND ( 'NONE', #6195, .T. ) ;
#8369 = FACE_OUTER_BOUND ( 'NONE', #10889, .T. ) ;
#8370 = EDGE_CURVE ( 'NONE', #894, #1837, #4553, .T. ) ;
#8371 = ORIENTED_EDGE ( 'NONE', *, *, #10514, .F. ) ;
#8372 = EDGE_CURVE ( 'NONE', #3083, #10375, #7095, .T. ) ;
#8373 = ADVANCED_FACE ( 'NONE', ( #4517 ), #3687, .T. ) ;
#8374 = ORIENTED_EDGE ( 'NONE', *, *, #4452, .T. ) ;
#8375 = DIRECTION ( 'NONE',  ( 0.000000000000000000, 0.000000000000000000, -1.000000000000000000 ) ) ;
#8376 = FACE_OUTER_BOUND ( 'NONE', #3147, .T. ) ;
#8377 = LINE ( 'NONE', #1068, #9760 ) ;
#8378 = DIRECTION ( 'NONE',  ( -7.608436298143888101E-16, 0.000000000000000000, 1.000000000000000000 ) ) ;
#8379 = DIRECTION ( 'NONE',  ( 0.000000000000000000, 0.000000000000000000, -1.000000000000000000 ) ) ;
#8380 = DIRECTION ( 'NONE',  ( 0.000000000000000000, 1.000000000000000000, 0.000000000000000000 ) ) ;
#8381 = EDGE_CURVE ( 'NONE', #3827, #1512, #1091, .T. ) ;
#8382 = VERTEX_POINT ( 'NONE', #5341 ) ;
#8383 = ORIENTED_EDGE ( 'NONE', *, *, #10632, .F. ) ;
#8384 = VECTOR ( 'NONE', #9273, 1000.000000000000000 ) ;
#8385 = EDGE_CURVE ( 'NONE', #2603, #7581, #9616, .T. ) ;
#8386 = AXIS2_PLACEMENT_3D ( 'NONE', #6216, #10526, #2073 ) ;
#8387 = FACE_OUTER_BOUND ( 'NONE', #3159, .T. ) ;
#8388 = ORIENTED_EDGE ( 'NONE', *, *, #4155, .F. ) ;
#8389 = ORIENTED_EDGE ( 'NONE', *, *, #7808, .F. ) ;
#8390 = DIRECTION ( 'NONE',  ( 0.000000000000000000, 0.000000000000000000, -1.000000000000000000 ) ) ;
#8391 = CARTESIAN_POINT ( 'NONE',  ( -0.7499999999999991118, 0.04999999999999999584, 2.100000000000000977 ) ) ;
#8392 = EDGE_LOOP ( 'NONE', ( #3090, #493, #6401, #4883 ) ) ;
#8393 = DIRECTION ( 'NONE',  ( 1.000000000000000000, 0.000000000000000000, -1.521687259628770718E-15 ) ) ;
#8394 = CARTESIAN_POINT ( 'NONE',  ( 2.215000000000000746, 0.1999999999999999833, 0.3650000000000007683 ) ) ;
#8395 = CARTESIAN_POINT ( 'NONE',  ( -1.749999999999999334, 0.2000000000000000111, -2.215000000000001190 ) ) ;
#8396 = VECTOR ( 'NONE', #3299, 1000.000000000000000 ) ;
#8397 = ORIENTED_EDGE ( 'NONE', *, *, #9465, .T. ) ;
#8398 = PLANE ( 'NONE',  #8518 ) ;
#8399 = ADVANCED_FACE ( 'NONE', ( #7886 ), #7055, .T. ) ;
#8400 = ORIENTED_EDGE ( 'NONE', *, *, #2764, .T. ) ;
#8401 = DIRECTION ( 'NONE',  ( 0.000000000000000000, -1.000000000000000000, 0.000000000000000000 ) ) ;
#8402 = ORIENTED_EDGE ( 'NONE', *, *, #8729, .F. ) ;
#8403 = CARTESIAN_POINT ( 'NONE',  ( -1.749999999999999112, 0.04999999999999999584, 2.100000000000000977 ) ) ;
#8404 = CARTESIAN_POINT ( 'NONE',  ( 2.500000000000002220, 0.1999999999999999833, -1.865000000000000213 ) ) ;
#8405 = FACE_OUTER_BOUND ( 'NONE', #5352, .T. ) ;
#8406 = CARTESIAN_POINT ( 'NONE',  ( 0.8650000000000007683, 0.2000000000000000111, -2.500000000000001332 ) ) ;
#8407 = ORIENTED_EDGE ( 'NONE', *, *, #5402, .T. ) ;
#8408 = ORIENTED_EDGE ( 'NONE', *, *, #9706, .T. ) ;
#8409 = AXIS2_PLACEMENT_3D ( 'NONE', #6132, #7125, #3692 ) ;
#8410 = ADVANCED_FACE ( 'NONE', ( #4671 ), #9663, .F. ) ;
#8411 = ORIENTED_EDGE ( 'NONE', *, *, #515, .T. ) ;
#8412 = EDGE_CURVE ( 'NONE', #8808, #4052, #2040, .T. ) ;
#8413 = CARTESIAN_POINT ( 'NONE',  ( 1.750000000000000888, 0.2000000000000000111, 2.215000000000001190 ) ) ;
#8414 = ORIENTED_EDGE ( 'NONE', *, *, #5099, .T. ) ;
#8415 = FACE_OUTER_BOUND ( 'NONE', #5695, .T. ) ;
#8416 = DIRECTION ( 'NONE',  ( -0.000000000000000000, -1.000000000000000000, -0.000000000000000000 ) ) ;
#8417 = CARTESIAN_POINT ( 'NONE',  ( 0.8650000000000007683, 0.1999999999999999833, 2.500000000000001332 ) ) ;
#8418 = VECTOR ( 'NONE', #4227, 1000.000000000000000 ) ;
#8419 = CARTESIAN_POINT ( 'NONE',  ( 1.635000000000000675, 0.000000000000000000, -2.215000000000001190 ) ) ;
#8420 = CARTESIAN_POINT ( 'NONE',  ( -0.1349999999999992595, 0.2000000000000000111, 2.215000000000001190 ) ) ;
#8421 = ORIENTED_EDGE ( 'NONE', *, *, #7231, .F. ) ;
#8422 = AXIS2_PLACEMENT_3D ( 'NONE', #6313, #3772, #2113 ) ;
#8423 = EDGE_CURVE ( 'NONE', #9141, #814, #8846, .T. ) ;
#8424 = CARTESIAN_POINT ( 'NONE',  ( -0.3649999999999992140, 0.2000000000000000111, 2.500000000000001332 ) ) ;
#8425 = CARTESIAN_POINT ( 'NONE',  ( -2.500000000000002220, 0.000000000000000000, -0.8650000000000001021 ) ) ;
#8426 = PLANE ( 'NONE',  #9303 ) ;
#8427 = EDGE_CURVE ( 'NONE', #1722, #2411, #10545, .T. ) ;
#8428 = DIRECTION ( 'NONE',  ( 0.000000000000000000, -1.000000000000000000, 0.000000000000000000 ) ) ;
#8429 = CARTESIAN_POINT ( 'NONE',  ( -2.215000000000000746, 0.1999999999999999833, 0.3650000000000007683 ) ) ;
#8430 = CARTESIAN_POINT ( 'NONE',  ( 0.3650000000000007683, 0.000000000000000000, -2.215000000000001190 ) ) ;
#8431 = DIRECTION ( 'NONE',  ( 0.000000000000000000, 1.000000000000000000, -0.000000000000000000 ) ) ;
#8432 = EDGE_LOOP ( 'NONE', ( #4394, #2832, #6982, #3135 ) ) ;
#8433 = ORIENTED_EDGE ( 'NONE', *, *, #1952, .T. ) ;
#8434 = CARTESIAN_POINT ( 'NONE',  ( 2.215000000000000746, 0.000000000000000000, -0.7500000000000008882 ) ) ;
#8435 = ORIENTED_EDGE ( 'NONE', *, *, #2810, .F. ) ;
#8436 = ORIENTED_EDGE ( 'NONE', *, *, #1343, .T. ) ;
#8437 = CARTESIAN_POINT ( 'NONE',  ( 0.8650000000000007683, 0.000000000000000000, -2.500000000000001332 ) ) ;
#8438 = DIRECTION ( 'NONE',  ( 0.000000000000000000, 0.000000000000000000, -1.000000000000000000 ) ) ;
#8439 = ORIENTED_EDGE ( 'NONE', *, *, #5396, .T. ) ;
#8440 = CARTESIAN_POINT ( 'NONE',  ( -1.634999999999999343, 0.2000000000000000111, -2.500000000000001332 ) ) ;
#8441 = PLANE ( 'NONE',  #8672 ) ;
#8442 = DIRECTION ( 'NONE',  ( 0.000000000000000000, -0.000000000000000000, -1.000000000000000000 ) ) ;
#8443 = EDGE_CURVE ( 'NONE', #4151, #3085, #1147, .T. ) ;
#8444 = FACE_OUTER_BOUND ( 'NONE', #5812, .T. ) ;
#8445 = ORIENTED_EDGE ( 'NONE', *, *, #8634, .T. ) ;
#8446 = CYLINDRICAL_SURFACE ( 'NONE', #5874, 0.1150000000000001993 ) ;
#8447 = ORIENTED_EDGE ( 'NONE', *, *, #1830, .F. ) ;
#8448 = FACE_OUTER_BOUND ( 'NONE', #8168, .T. ) ;
#8449 = VERTEX_POINT ( 'NONE', #1925 ) ;
#8450 = CARTESIAN_POINT ( 'NONE',  ( -4.831357049321342783E-16, 0.05000000000000000278, -0.6349999999999975664 ) ) ;
#8451 = DIRECTION ( 'NONE',  ( -0.000000000000000000, -1.000000000000000000, -0.000000000000000000 ) ) ;
#8452 = DIRECTION ( 'NONE',  ( -0.000000000000000000, -1.000000000000000000, -0.000000000000000000 ) ) ;
#8453 = CARTESIAN_POINT ( 'NONE',  ( -1.749999999999999334, 0.000000000000000000, -2.215000000000001190 ) ) ;
#8454 = LINE ( 'NONE', #724, #1979 ) ;
#8455 = CARTESIAN_POINT ( 'NONE',  ( -2.215000000000000746, 0.1999999999999999833, -1.249999999999999778 ) ) ;
#8456 = ORIENTED_EDGE ( 'NONE', *, *, #94, .T. ) ;
#8457 = EDGE_CURVE ( 'NONE', #2107, #766, #7120, .T. ) ;
#8458 = ORIENTED_EDGE ( 'NONE', *, *, #5408, .F. ) ;
#8459 = CARTESIAN_POINT ( 'NONE',  ( 2.215000000000000746, 0.6614108798023753399, 0.7499999999999991118 ) ) ;
#8460 = ORIENTED_EDGE ( 'NONE', *, *, #6071, .F. ) ;
#8461 = LINE ( 'NONE', #10870, #3396 ) ;
#8462 = CARTESIAN_POINT ( 'NONE',  ( 0.7500000000000008882, 0.1999999999999999833, 2.100000000000000977 ) ) ;
#8463 = DIRECTION ( 'NONE',  ( 1.000000000000000000, -0.000000000000000000, 7.608436298143875282E-16 ) ) ;
#8464 = CARTESIAN_POINT ( 'NONE',  ( -2.215000000000000746, 0.000000000000000000, 0.1350000000000001477 ) ) ;
#8465 = AXIS2_PLACEMENT_3D ( 'NONE', #41, #9100, #8379 ) ;
#8466 = DIRECTION ( 'NONE',  ( 0.000000000000000000, -0.000000000000000000, -1.000000000000000000 ) ) ;
#8467 = ORIENTED_EDGE ( 'NONE', *, *, #7750, .F. ) ;
#8468 = ADVANCED_FACE ( 'NONE', ( #431 ), #8756, .F. ) ;
#8469 = ORIENTED_EDGE ( 'NONE', *, *, #5384, .F. ) ;
#8470 = ADVANCED_FACE ( 'NONE', ( #367 ), #10495, .T. ) ;
#8471 = CARTESIAN_POINT ( 'NONE',  ( 1.635000000000000009, 0.000000000000000000, 1.635000000000001341 ) ) ;
#8472 = AXIS2_PLACEMENT_3D ( 'NONE', #4172, #2584, #5935 ) ;
#8473 = DIRECTION ( 'NONE',  ( 0.000000000000000000, 1.000000000000000000, 0.000000000000000000 ) ) ;
#8474 = DIRECTION ( 'NONE',  ( -0.000000000000000000, -1.000000000000000000, 0.000000000000000000 ) ) ;
#8475 = DIRECTION ( 'NONE',  ( 0.000000000000000000, 0.000000000000000000, -1.000000000000000000 ) ) ;
#8476 = FILL_AREA_STYLE ('',( #7498 ) ) ;
#8477 = AXIS2_PLACEMENT_3D ( 'NONE', #8420, #4124, #9256 ) ;
#8478 = FACE_OUTER_BOUND ( 'NONE', #4810, .T. ) ;
#8479 = EDGE_CURVE ( 'NONE', #7196, #3767, #5447, .T. ) ;
#8480 = ORIENTED_EDGE ( 'NONE', *, *, #2111, .T. ) ;
#8481 = VECTOR ( 'NONE', #4481, 1000.000000000000000 ) ;
#8482 = VERTEX_POINT ( 'NONE', #1250 ) ;
#8483 = ADVANCED_FACE ( 'NONE', ( #7996 ), #3808, .F. ) ;
#8484 = CIRCLE ( 'NONE', #9912, 0.1150000000000001993 ) ;
#8485 = LINE ( 'NONE', #9374, #4437 ) ;
#8486 = ORIENTED_EDGE ( 'NONE', *, *, #2423, .F. ) ;
#8487 =( LENGTH_UNIT ( ) NAMED_UNIT ( * ) SI_UNIT ( .MILLI., .METRE. ) );
#8488 = CARTESIAN_POINT ( 'NONE',  ( -1.727115039678660719E-15, 0.05000000000000000278, 1.135000000000003784 ) ) ;
#8489 = DIRECTION ( 'NONE',  ( -7.608436298143888101E-16, 0.000000000000000000, -1.000000000000000000 ) ) ;
#8490 = VECTOR ( 'NONE', #9867, 1000.000000000000000 ) ;
#8491 = CARTESIAN_POINT ( 'NONE',  ( -1.364999999999999325, 0.1999999999999999833, -2.500000000000001332 ) ) ;
#8492 = CYLINDRICAL_SURFACE ( 'NONE', #570, 0.1150000000000000883 ) ;
#8493 = CIRCLE ( 'NONE', #6917, 0.1150000000000000883 ) ;
#8494 = VECTOR ( 'NONE', #9622, 1000.000000000000000 ) ;
#8495 = PLANE ( 'NONE',  #9387 ) ;
#8496 = VECTOR ( 'NONE', #488, 1000.000000000000000 ) ;
#8497 = CIRCLE ( 'NONE', #3578, 0.1150000000000000883 ) ;
#8498 = ORIENTED_EDGE ( 'NONE', *, *, #2232, .F. ) ;
#8499 = CARTESIAN_POINT ( 'NONE',  ( 2.215000000000000746, 0.000000000000000000, 1.365000000000000657 ) ) ;
#8500 = CIRCLE ( 'NONE', #6391, 0.1150000000000000883 ) ;
#8501 = ADVANCED_FACE ( 'NONE', ( #2972 ), #6341, .F. ) ;
#8502 = ORIENTED_EDGE ( 'NONE', *, *, #2424, .T. ) ;
#8503 = CARTESIAN_POINT ( 'NONE',  ( 1.634999999999999787, 5.149747468305832854, 1.750000000000001554 ) ) ;
#8504 = AXIS2_PLACEMENT_3D ( 'NONE', #5289, #436, #3815 ) ;
#8505 = VECTOR ( 'NONE', #7157, 1000.000000000000000 ) ;
#8506 = EDGE_LOOP ( 'NONE', ( #9024, #2005, #1404, #67 ) ) ;
#8507 = LINE ( 'NONE', #7855, #7301 ) ;
#8508 = ORIENTED_EDGE ( 'NONE', *, *, #3894, .T. ) ;
#8509 = CARTESIAN_POINT ( 'NONE',  ( -1.418973369603834690E-15, 0.05000000000000000278, 1.865000000000002434 ) ) ;
#8510 = DIRECTION ( 'NONE',  ( -1.000000000000000000, 0.000000000000000000, 0.000000000000000000 ) ) ;
#8511 = DIRECTION ( 'NONE',  ( -0.000000000000000000, -1.000000000000000000, -0.000000000000000000 ) ) ;
#8512 = CARTESIAN_POINT ( 'NONE',  ( 2.499999999999999556, 9.071067811865477282, 2.499999999999998668 ) ) ;
#8513 = LINE ( 'NONE', #10131, #10621 ) ;
#8514 = MECHANICAL_DESIGN_GEOMETRIC_PRESENTATION_REPRESENTATION (  '', ( #10115 ), #2546 ) ;
#8515 = PRESENTATION_LAYER_ASSIGNMENT (  '', '', ( #3965 ) ) ;
#8516 = ORIENTED_EDGE ( 'NONE', *, *, #2578, .F. ) ;
#8517 = ADVANCED_FACE ( 'NONE', ( #1308 ), #7277, .F. ) ;
#8518 = AXIS2_PLACEMENT_3D ( 'NONE', #6912, #3486, #10226 ) ;
#8519 = ADVANCED_FACE ( 'NONE', ( #5660 ), #7327, .F. ) ;
#8520 = VERTEX_POINT ( 'NONE', #9143 ) ;
#8521 =( GEOMETRIC_REPRESENTATION_CONTEXT ( 3 ) GLOBAL_UNCERTAINTY_ASSIGNED_CONTEXT ( ( #9312 ) ) GLOBAL_UNIT_ASSIGNED_CONTEXT ( ( #6974, #3602, #6092 ) ) REPRESENTATION_CONTEXT ( 'NONE', 'WORKASPACE' ) );
#8522 = DIRECTION ( 'NONE',  ( 0.000000000000000000, 0.000000000000000000, -1.000000000000000000 ) ) ;
#8523 = VERTEX_POINT ( 'NONE', #4776 ) ;
#8524 = CARTESIAN_POINT ( 'NONE',  ( 2.500000000000001332, 0.6614108798023753399, -0.1349999999999994815 ) ) ;
#8525 = VECTOR ( 'NONE', #5016, 1000.000000000000000 ) ;
#8526 = LINE ( 'NONE', #5209, #10253 ) ;
#8527 = DIRECTION ( 'NONE',  ( 1.000000000000000000, 0.000000000000000000, 1.521687259628770718E-15 ) ) ;
#8528 = DIRECTION ( 'NONE',  ( -0.000000000000000000, -1.000000000000000000, -0.000000000000000000 ) ) ;
#8529 = CARTESIAN_POINT ( 'NONE',  ( 1.865000000000000879, 0.2000000000000000111, -2.215000000000001190 ) ) ;
#8530 = ORIENTED_EDGE ( 'NONE', *, *, #7684, .F. ) ;
#8531 = CIRCLE ( 'NONE', #7483, 0.1150000000000001993 ) ;
#8532 = ORIENTED_EDGE ( 'NONE', *, *, #404, .T. ) ;
#8533 = CARTESIAN_POINT ( 'NONE',  ( 2.499999999999999556, 0.05000000000000000278, 2.499999999999998668 ) ) ;
#8534 = CARTESIAN_POINT ( 'NONE',  ( 1.865000000000000879, 0.2000000000000000111, -2.500000000000001332 ) ) ;
#8535 = ADVANCED_FACE ( 'NONE', ( #4724 ), #4895, .F. ) ;
#8536 = AXIS2_PLACEMENT_3D ( 'NONE', #3339, #6831, #6773 ) ;
#8537 = DIRECTION ( 'NONE',  ( -1.000000000000000000, 0.000000000000000000, -7.608436298143875282E-16 ) ) ;
#8538 = DIRECTION ( 'NONE',  ( 0.000000000000000000, -1.000000000000000000, 0.000000000000000000 ) ) ;
#8539 = DIRECTION ( 'NONE',  ( 0.000000000000000000, 0.000000000000000000, -1.000000000000000000 ) ) ;
#8540 = FACE_OUTER_BOUND ( 'NONE', #9192, .T. ) ;
#8541 = CARTESIAN_POINT ( 'NONE',  ( 0.7500000000000008882, 0.000000000000000000, 2.215000000000001190 ) ) ;
#8542 = ADVANCED_FACE ( 'NONE', ( #3073 ), #5724, .T. ) ;
#8543 = EDGE_LOOP ( 'NONE', ( #8024, #1692, #9502, #290 ) ) ;
#8544 = CARTESIAN_POINT ( 'NONE',  ( 2.500000000000001332, 0.000000000000000000, 0.8650000000000005462 ) ) ;
#8545 = ORIENTED_EDGE ( 'NONE', *, *, #3281, .T. ) ;
#8546 = ADVANCED_FACE ( 'NONE', ( #589 ), #693, .F. ) ;
#8547 = DIRECTION ( 'NONE',  ( -0.000000000000000000, -1.000000000000000000, -0.000000000000000000 ) ) ;
#8548 = DIRECTION ( 'NONE',  ( -0.000000000000000000, -1.000000000000000000, -0.000000000000000000 ) ) ;
#8549 = DIRECTION ( 'NONE',  ( 0.000000000000000000, -1.000000000000000000, 0.000000000000000000 ) ) ;
#8550 = DIRECTION ( 'NONE',  ( 0.000000000000000000, 0.000000000000000000, -1.000000000000000000 ) ) ;
#8551 = CARTESIAN_POINT ( 'NONE',  ( -1.027138900249404896E-16, 0.05000000000000000278, -0.1349999999999975941 ) ) ;
#8552 = CARTESIAN_POINT ( 'NONE',  ( 0.8650000000000007683, 0.000000000000000000, 2.215000000000001190 ) ) ;
#8553 = VECTOR ( 'NONE', #4704, 1000.000000000000000 ) ;
#8554 = ORIENTED_EDGE ( 'NONE', *, *, #9179, .T. ) ;
#8555 = CARTESIAN_POINT ( 'NONE',  ( 0.3650000000000007683, 0.04999999999999969746, 2.500000000000001332 ) ) ;
#8556 = ORIENTED_EDGE ( 'NONE', *, *, #5696, .T. ) ;
#8557 = EDGE_CURVE ( 'NONE', #7288, #1667, #10591, .T. ) ;
#8558 = ORIENTED_EDGE ( 'NONE', *, *, #9288, .T. ) ;
#8559 = VECTOR ( 'NONE', #6630, 1000.000000000000000 ) ;
#8560 = VERTEX_POINT ( 'NONE', #3017 ) ;
#8561 = DIRECTION ( 'NONE',  ( -1.521687259628770718E-15, 0.000000000000000000, 1.000000000000000000 ) ) ;
#8562 = VECTOR ( 'NONE', #7350, 1000.000000000000000 ) ;
#8563 = DIRECTION ( 'NONE',  ( 0.000000000000000000, 0.000000000000000000, 1.000000000000000000 ) ) ;
#8564 = CARTESIAN_POINT ( 'NONE',  ( 2.215000000000000746, 0.6614108798023753399, -0.6349999999999992317 ) ) ;
#8565 = CARTESIAN_POINT ( 'NONE',  ( -2.215000000000000746, 0.1999999999999999833, -0.1349999999999992595 ) ) ;
#8566 = EDGE_CURVE ( 'NONE', #3491, #3085, #752, .T. ) ;
#8567 = CARTESIAN_POINT ( 'NONE',  ( 2.215000000000000746, 0.1999999999999999833, 0.1349999999999988431 ) ) ;
#8568 = EDGE_LOOP ( 'NONE', ( #2461, #1416, #5374, #8061 ) ) ;
#8569 = EDGE_LOOP ( 'NONE', ( #8017, #7493, #7085, #3939 ) ) ;
#8570 = CARTESIAN_POINT ( 'NONE',  ( -1.864999999999999547, 0.000000000000000000, -2.215000000000001190 ) ) ;
#8571 = VERTEX_POINT ( 'NONE', #8312 ) ;
#8572 = LINE ( 'NONE', #3616, #8688 ) ;
#8573 = DIRECTION ( 'NONE',  ( 0.000000000000000000, -1.000000000000000000, 0.000000000000000000 ) ) ;
#8574 = CARTESIAN_POINT ( 'NONE',  ( -2.215000000000000746, 0.1999999999999999833, 1.635000000000000231 ) ) ;
#8575 = CARTESIAN_POINT ( 'NONE',  ( 0.8650000000000007683, 0.000000000000000000, 2.500000000000001332 ) ) ;
#8576 = AXIS2_PLACEMENT_3D ( 'NONE', #1869, #4183, #6893 ) ;
#8577 = PLANE ( 'NONE',  #6566 ) ;
#8578 = ADVANCED_FACE ( 'NONE', ( #642 ), #8262, .F. ) ;
#8579 = ORIENTED_EDGE ( 'NONE', *, *, #6796, .F. ) ;
#8580 = AXIS2_PLACEMENT_3D ( 'NONE', #1971, #197, #6064 ) ;
#8581 = DIRECTION ( 'NONE',  ( 0.000000000000000000, 0.000000000000000000, -1.000000000000000000 ) ) ;
#8582 = LINE ( 'NONE', #10149, #937 ) ;
#8583 = DIRECTION ( 'NONE',  ( -1.000000000000000000, 0.000000000000000000, -1.521687259628770718E-15 ) ) ;
#8584 = LINE ( 'NONE', #1807, #7482 ) ;
#8585 = DIRECTION ( 'NONE',  ( -1.000000000000000000, 0.000000000000000000, 1.521687259628770718E-15 ) ) ;
#8586 = LINE ( 'NONE', #1186, #10264 ) ;
#8587 = DIRECTION ( 'NONE',  ( 0.000000000000000000, -1.000000000000000000, 0.000000000000000000 ) ) ;
#8588 = VECTOR ( 'NONE', #6413, 1000.000000000000000 ) ;
#8589 = ORIENTED_EDGE ( 'NONE', *, *, #2680, .T. ) ;
#8590 = DIRECTION ( 'NONE',  ( 0.000000000000000000, 1.000000000000000000, 0.000000000000000000 ) ) ;
#8591 = EDGE_LOOP ( 'NONE', ( #6717, #3344, #6754, #3822, #7431, #4531, #7401, #10500, #6320, #4642, #5983, #28, #1334, #4509, #1146, #700, #10308, #10035, #10364, #3625, #2463, #614, #7952, #651, #10859, #7688, #1421, #475, #2, #1455, #345, #168, #2211, #5530, #5748, #6317 ) ) ;
#8592 = DIRECTION ( 'NONE',  ( 0.000000000000000000, -1.000000000000000000, 0.000000000000000000 ) ) ;
#8593 = CARTESIAN_POINT ( 'NONE',  ( 2.500000000000002220, 0.6614108798023753399, 0.6349999999999998979 ) ) ;
#8594 = CARTESIAN_POINT ( 'NONE',  ( 2.500000000000002220, 0.6614108798023753399, 0.1349999999999999256 ) ) ;
#8595 = DIRECTION ( 'NONE',  ( 0.000000000000000000, -1.000000000000000000, 0.000000000000000000 ) ) ;
#8596 = CARTESIAN_POINT ( 'NONE',  ( -2.215000000000000746, 0.000000000000000000, 1.250000000000000222 ) ) ;
#8597 = EDGE_CURVE ( 'NONE', #2438, #224, #4439, .T. ) ;
#8598 = EDGE_CURVE ( 'NONE', #10691, #4814, #3244, .T. ) ;
#8599 = ORIENTED_EDGE ( 'NONE', *, *, #1237, .F. ) ;
#8600 = CYLINDRICAL_SURFACE ( 'NONE', #4639, 0.1150000000000002964 ) ;
#8601 = EDGE_CURVE ( 'NONE', #378, #10251, #7382, .T. ) ;
#8602 = ORIENTED_EDGE ( 'NONE', *, *, #4488, .T. ) ;
#8603 = ORIENTED_EDGE ( 'NONE', *, *, #3226, .T. ) ;
#8604 = CARTESIAN_POINT ( 'NONE',  ( -0.7499999999999991118, 0.1999999999999999833, 2.215000000000001190 ) ) ;
#8605 = ORIENTED_EDGE ( 'NONE', *, *, #674, .F. ) ;
#8606 = DIRECTION ( 'NONE',  ( -0.000000000000000000, -1.000000000000000000, -0.000000000000000000 ) ) ;
#8607 = CARTESIAN_POINT ( 'NONE',  ( -0.2499999999999993616, 0.2000000000000000111, -2.215000000000001190 ) ) ;
#8608 = DIRECTION ( 'NONE',  ( 0.000000000000000000, -1.000000000000000000, 0.000000000000000000 ) ) ;
#8609 = DIRECTION ( 'NONE',  ( -1.000000000000000000, 0.000000000000000000, -7.608436298143875282E-16 ) ) ;
#8610 = PLANE ( 'NONE',  #2329 ) ;
#8611 = EDGE_LOOP ( 'NONE', ( #8282, #2015, #2053, #6639 ) ) ;
#8612 = EDGE_CURVE ( 'NONE', #5657, #8169, #9766, .T. ) ;
#8613 = ORIENTED_EDGE ( 'NONE', *, *, #1894, .F. ) ;
#8614 = DIRECTION ( 'NONE',  ( -0.000000000000000000, -1.000000000000000000, -0.000000000000000000 ) ) ;
#8615 = EDGE_LOOP ( 'NONE', ( #8374, #6710, #7062, #3377 ) ) ;
#8616 = DIRECTION ( 'NONE',  ( 0.000000000000000000, 1.000000000000000000, -0.000000000000000000 ) ) ;
#8617 = DIRECTION ( 'NONE',  ( -0.000000000000000000, -1.000000000000000000, -0.000000000000000000 ) ) ;
#8618 = CARTESIAN_POINT ( 'NONE',  ( -0.8649999999999994360, 0.000000000000000000, 2.215000000000001190 ) ) ;
#8619 = DIRECTION ( 'NONE',  ( 1.000000000000000000, 0.000000000000000000, -1.521687259628770718E-15 ) ) ;
#8620 = DIRECTION ( 'NONE',  ( -1.000000000000000000, 0.000000000000000000, 8.673617379884035472E-17 ) ) ;
#8621 = ORIENTED_EDGE ( 'NONE', *, *, #311, .F. ) ;
#8622 = CARTESIAN_POINT ( 'NONE',  ( 1.634999999999999787, 0.000000000000000000, 1.750000000000001554 ) ) ;
#8623 = ADVANCED_FACE ( 'NONE', ( #9817 ), #5606, .T. ) ;
#8624 = VERTEX_POINT ( 'NONE', #8922 ) ;
#8625 = EDGE_CURVE ( 'NONE', #9111, #5196, #1577, .T. ) ;
#8626 = CARTESIAN_POINT ( 'NONE',  ( 2.215000000000000746, 0.6614108798023753399, 1.365000000000000657 ) ) ;
#8627 = DIRECTION ( 'NONE',  ( 0.000000000000000000, -0.000000000000000000, 1.000000000000000000 ) ) ;
#8628 = UNCERTAINTY_MEASURE_WITH_UNIT (LENGTH_MEASURE( 1.000000000000000082E-05 ), #3972, 'distance_accuracy_value', 'NONE');
#8629 = DIRECTION ( 'NONE',  ( -0.000000000000000000, -1.000000000000000000, -0.000000000000000000 ) ) ;
#8630 =( NAMED_UNIT ( * ) SI_UNIT ( $, .STERADIAN. ) SOLID_ANGLE_UNIT ( ) );
#8631 = ORIENTED_EDGE ( 'NONE', *, *, #1831, .F. ) ;
#8632 = CARTESIAN_POINT ( 'NONE',  ( -2.215000000000000746, 0.6614108798023753399, -0.6349999999999992317 ) ) ;
#8633 = CARTESIAN_POINT ( 'NONE',  ( -2.500000000000001332, 0.1999999999999999833, -0.6349999999999994538 ) ) ;
#8634 = EDGE_CURVE ( 'NONE', #9724, #9182, #525, .T. ) ;
#8635 = VERTEX_POINT ( 'NONE', #9094 ) ;
#8636 = VECTOR ( 'NONE', #422, 1000.000000000000000 ) ;
#8637 = DIRECTION ( 'NONE',  ( 3.771137991253918417E-15, -0.000000000000000000, 1.000000000000000000 ) ) ;
#8638 = FACE_OUTER_BOUND ( 'NONE', #1049, .T. ) ;
#8639 = CARTESIAN_POINT ( 'NONE',  ( -1.864999999999999325, 0.2000000000000000111, 2.500000000000001332 ) ) ;
#8640 = FACE_OUTER_BOUND ( 'NONE', #3595, .T. ) ;
#8641 = DIRECTION ( 'NONE',  ( 0.000000000000000000, -1.000000000000000000, 0.000000000000000000 ) ) ;
#8642 = CARTESIAN_POINT ( 'NONE',  ( 1.750000000000000888, 0.04999999999999999584, 2.215000000000001190 ) ) ;
#8643 = CARTESIAN_POINT ( 'NONE',  ( 2.500000000000002220, 0.6614108798023753399, -1.365000000000000213 ) ) ;
#8644 = VECTOR ( 'NONE', #5364, 1000.000000000000000 ) ;
#8645 = VECTOR ( 'NONE', #5821, 1000.000000000000000 ) ;
#8646 = ORIENTED_EDGE ( 'NONE', *, *, #263, .F. ) ;
#8647 = DIRECTION ( 'NONE',  ( 0.000000000000000000, 0.000000000000000000, -1.000000000000000000 ) ) ;
#8648 = EDGE_CURVE ( 'NONE', #2549, #726, #10085, .T. ) ;
#8649 = VERTEX_POINT ( 'NONE', #1747 ) ;
#8650 = AXIS2_PLACEMENT_3D ( 'NONE', #8098, #9085, #427 ) ;
#8651 = ORIENTED_EDGE ( 'NONE', *, *, #10541, .T. ) ;
#8652 = DIRECTION ( 'NONE',  ( 0.000000000000000000, 1.000000000000000000, 0.000000000000000000 ) ) ;
#8653 = VERTEX_POINT ( 'NONE', #4338 ) ;
#8654 = AXIS2_PLACEMENT_3D ( 'NONE', #8471, #1694, #8375 ) ;
#8655 = CARTESIAN_POINT ( 'NONE',  ( -1.749999999999999778, 0.000000000000000000, -1.634999999999999343 ) ) ;
#8656 = VECTOR ( 'NONE', #2791, 1000.000000000000000 ) ;
#8657 = EDGE_LOOP ( 'NONE', ( #10676, #1742, #4680, #10839 ) ) ;
#8658 =( LENGTH_UNIT ( ) NAMED_UNIT ( * ) SI_UNIT ( .MILLI., .METRE. ) );
#8659 = ORIENTED_EDGE ( 'NONE', *, *, #355, .T. ) ;
#8660 = CARTESIAN_POINT ( 'NONE',  ( 1.635000000000000897, 0.2000000000000000111, -2.500000000000001332 ) ) ;
#8661 = CARTESIAN_POINT ( 'NONE',  ( -6.581297397894470632E-16, 0.05000000000000000278, 0.8650000000000024336 ) ) ;
#8662 = EDGE_CURVE ( 'NONE', #5803, #4, #6062, .T. ) ;
#8663 = CIRCLE ( 'NONE', #8837, 0.1150000000000000883 ) ;
#8664 = LINE ( 'NONE', #10399, #7954 ) ;
#8665 = CARTESIAN_POINT ( 'NONE',  ( 2.500000000000002220, 0.6614108798023753399, -0.3650000000000001021 ) ) ;
#8666 = CIRCLE ( 'NONE', #6555, 0.1150000000000001993 ) ;
#8667 = DIRECTION ( 'NONE',  ( -0.000000000000000000, -1.000000000000000000, -0.000000000000000000 ) ) ;
#8668 = EDGE_CURVE ( 'NONE', #775, #4971, #3463, .T. ) ;
#8669 = VERTEX_POINT ( 'NONE', #10932 ) ;
#8670 = EDGE_CURVE ( 'NONE', #4214, #9679, #5005, .T. ) ;
#8671 = VECTOR ( 'NONE', #5934, 1000.000000000000000 ) ;
#8672 = AXIS2_PLACEMENT_3D ( 'NONE', #9113, #7680, #2497 ) ;
#8673 = VECTOR ( 'NONE', #10501, 1000.000000000000000 ) ;
#8674 = VECTOR ( 'NONE', #3290, 1000.000000000000000 ) ;
#8675 = VERTEX_POINT ( 'NONE', #805 ) ;
#8676 = CARTESIAN_POINT ( 'NONE',  ( 1.750000000000000666, 0.6614108798023734526, -2.215000000000001190 ) ) ;
#8677 = EDGE_LOOP ( 'NONE', ( #6093, #1211, #10739, #827 ) ) ;
#8678 = CARTESIAN_POINT ( 'NONE',  ( -0.3649999999999994360, 0.1999999999999999833, -2.215000000000001190 ) ) ;
#8679 = CARTESIAN_POINT ( 'NONE',  ( -1.864999999999999325, 0.2000000000000000111, -2.500000000000001332 ) ) ;
#8680 = VECTOR ( 'NONE', #1515, 1000.000000000000000 ) ;
#8681 = EDGE_CURVE ( 'NONE', #10843, #2192, #30, .T. ) ;
#8682 = DIRECTION ( 'NONE',  ( 0.000000000000000000, 0.000000000000000000, 1.000000000000000000 ) ) ;
#8683 = CARTESIAN_POINT ( 'NONE',  ( -2.215000000000000746, 0.6614108798023753399, -1.364999999999999991 ) ) ;
#8684 = AXIS2_PLACEMENT_3D ( 'NONE', #6025, #8401, #8 ) ;
#8685 = CARTESIAN_POINT ( 'NONE',  ( -1.634999999999999121, 0.04999999999999999584, 2.215000000000001190 ) ) ;
#8686 = VECTOR ( 'NONE', #5240, 1000.000000000000000 ) ;
#8687 = LINE ( 'NONE', #3509, #9214 ) ;
#8688 = VECTOR ( 'NONE', #1015, 1000.000000000000000 ) ;
#8689 = VECTOR ( 'NONE', #1592, 1000.000000000000000 ) ;
#8690 = VERTEX_POINT ( 'NONE', #3295 ) ;
#8691 = PLANE ( 'NONE',  #1283 ) ;
#8692 = DIRECTION ( 'NONE',  ( 3.771137991253918417E-15, 0.000000000000000000, -1.000000000000000000 ) ) ;
#8693 = CARTESIAN_POINT ( 'NONE',  ( 2.215000000000000746, 0.6614108798023753399, -0.1349999999999992595 ) ) ;
#8694 = PRESENTATION_STYLE_ASSIGNMENT (( #9540 ) ) ;
#8695 = EDGE_CURVE ( 'NONE', #5078, #8249, #3347, .T. ) ;
#8696 = LINE ( 'NONE', #310, #2685 ) ;
#8697 = EDGE_CURVE ( 'NONE', #1220, #230, #7494, .T. ) ;
#8698 = CARTESIAN_POINT ( 'NONE',  ( 1.243979334746521905E-15, 0.05000000000000000278, -1.634999999999997566 ) ) ;
#8699 = AXIS2_PLACEMENT_3D ( 'NONE', #3958, #10807, #10695 ) ;
#8700 = ORIENTED_EDGE ( 'NONE', *, *, #7925, .F. ) ;
#8701 = CIRCLE ( 'NONE', #7660, 0.1150000000000000883 ) ;
#8702 = CARTESIAN_POINT ( 'NONE',  ( 0.3650000000000007683, 0.1999999999999999833, 2.215000000000001190 ) ) ;
#8703 = SURFACE_STYLE_USAGE ( .BOTH. , #8757 ) ;
#8704 = DIRECTION ( 'NONE',  ( 0.000000000000000000, 0.000000000000000000, -1.000000000000000000 ) ) ;
#8705 = LINE ( 'NONE', #4519, #8928 ) ;
#8706 = PLANE ( 'NONE',  #7582 ) ;
#8707 = EDGE_CURVE ( 'NONE', #2534, #7874, #4286, .T. ) ;
#8708 = FACE_OUTER_BOUND ( 'NONE', #7378, .T. ) ;
#8709 = VERTEX_POINT ( 'NONE', #2592 ) ;
#8710 = LINE ( 'NONE', #1153, #7099 ) ;
#8711 = ORIENTED_EDGE ( 'NONE', *, *, #1548, .F. ) ;
#8712 = CARTESIAN_POINT ( 'NONE',  ( -1.249999999999999112, 0.1999999999999999833, 2.215000000000001190 ) ) ;
#8713 = ADVANCED_FACE ( 'NONE', ( #5166 ), #5053, .T. ) ;
#8714 = EDGE_LOOP ( 'NONE', ( #10507, #1268, #10726, #2704 ) ) ;
#8715 = ORIENTED_EDGE ( 'NONE', *, *, #9089, .T. ) ;
#8716 = ORIENTED_EDGE ( 'NONE', *, *, #6825, .F. ) ;
#8717 = CARTESIAN_POINT ( 'NONE',  ( 1.635000000000000897, 0.2000000000000000111, 2.500000000000001332 ) ) ;
#8718 = ORIENTED_EDGE ( 'NONE', *, *, #9152, .F. ) ;
#8719 = CARTESIAN_POINT ( 'NONE',  ( 2.054277800498897060E-16, 0.05000000000000000278, 0.1350000000000037281 ) ) ;
#8720 = EDGE_CURVE ( 'NONE', #3421, #7946, #8142, .T. ) ;
#8721 = ORIENTED_EDGE ( 'NONE', *, *, #8457, .F. ) ;
#8722 = DIRECTION ( 'NONE',  ( 0.000000000000000000, 0.000000000000000000, 1.000000000000000000 ) ) ;
#8723 = DIRECTION ( 'NONE',  ( -0.000000000000000000, -1.000000000000000000, -0.000000000000000000 ) ) ;
#8724 = CARTESIAN_POINT ( 'NONE',  ( 2.215000000000000746, 0.05000000000000002359, 0.2499999999999991396 ) ) ;
#8725 = LINE ( 'NONE', #8565, #2860 ) ;
#8726 = PLANE ( 'NONE',  #6564 ) ;
#8727 = CIRCLE ( 'NONE', #3272, 0.1150000000000000883 ) ;
#8728 = EDGE_LOOP ( 'NONE', ( #3258, #2422, #2295, #9797 ) ) ;
#8729 = EDGE_CURVE ( 'NONE', #5027, #9357, #6713, .T. ) ;
#8730 = VECTOR ( 'NONE', #4796, 1000.000000000000000 ) ;
#8731 = VECTOR ( 'NONE', #4800, 1000.000000000000000 ) ;
#8732 = VERTEX_POINT ( 'NONE', #7663 ) ;
#8733 = CARTESIAN_POINT ( 'NONE',  ( 1.365000000000000657, 0.2000000000000000111, -2.215000000000001190 ) ) ;
#8734 = ORIENTED_EDGE ( 'NONE', *, *, #1520, .T. ) ;
#8735 = DIRECTION ( 'NONE',  ( -0.000000000000000000, -1.000000000000000000, -0.000000000000000000 ) ) ;
#8736 = LINE ( 'NONE', #6159, #622 ) ;
#8737 = LINE ( 'NONE', #2544, #9496 ) ;
#8738 = CARTESIAN_POINT ( 'NONE',  ( 1.135000000000000897, 0.000000000000000000, -2.500000000000001332 ) ) ;
#8739 = LINE ( 'NONE', #6941, #7621 ) ;
#8740 = LINE ( 'NONE', #8529, #7807 ) ;
#8741 = AXIS2_PLACEMENT_3D ( 'NONE', #2255, #10885, #10828 ) ;
#8742 = EDGE_CURVE ( 'NONE', #1537, #10852, #96, .T. ) ;
#8743 = EDGE_CURVE ( 'NONE', #10251, #1181, #851, .T. ) ;
#8744 = ORIENTED_EDGE ( 'NONE', *, *, #6300, .F. ) ;
#8745 = EDGE_CURVE ( 'NONE', #408, #5872, #146, .T. ) ;
#8746 = CARTESIAN_POINT ( 'NONE',  ( -0.8650000000000012124, 0.05000000000000000278, -6.581297397894472605E-16 ) ) ;
#8747 = DIRECTION ( 'NONE',  ( 1.000000000000000000, 0.000000000000000000, -1.521687259628770718E-15 ) ) ;
#8748 = LINE ( 'NONE', #1242, #8935 ) ;
#8749 = FILL_AREA_STYLE ('',( #5389 ) ) ;
#8750 = VECTOR ( 'NONE', #3411, 1000.000000000000000 ) ;
#8751 = DIRECTION ( 'NONE',  ( 0.000000000000000000, -1.000000000000000000, 0.000000000000000000 ) ) ;
#8752 = LINE ( 'NONE', #5280, #6204 ) ;
#8753 = ORIENTED_EDGE ( 'NONE', *, *, #9245, .F. ) ;
#8754 = CIRCLE ( 'NONE', #7892, 0.1150000000000000883 ) ;
#8755 = EDGE_CURVE ( 'NONE', #7574, #2569, #2640, .T. ) ;
#8756 = PLANE ( 'NONE',  #7804 ) ;
#8757 = SURFACE_SIDE_STYLE ('',( #2865 ) ) ;
#8758 = CARTESIAN_POINT ( 'NONE',  ( 1.635000000000000231, 5.149747468305832854, -1.749999999999998446 ) ) ;
#8759 = DIRECTION ( 'NONE',  ( 1.000000000000000000, -0.000000000000000000, 7.608436298143875282E-16 ) ) ;
#8760 = SURFACE_SIDE_STYLE ('',( #6299 ) ) ;
#8761 = DIRECTION ( 'NONE',  ( 1.000000000000000000, 0.000000000000000000, -1.521687259628770718E-15 ) ) ;
#8762 = CIRCLE ( 'NONE', #6664, 0.1150000000000000883 ) ;
#8763 = ORIENTED_EDGE ( 'NONE', *, *, #6433, .T. ) ;
#8764 = CYLINDRICAL_SURFACE ( 'NONE', #9385, 0.1150000000000000883 ) ;
#8765 = ORIENTED_EDGE ( 'NONE', *, *, #4812, .F. ) ;
#8766 = VERTEX_POINT ( 'NONE', #5995 ) ;
#8767 = VECTOR ( 'NONE', #112, 1000.000000000000000 ) ;
#8768 = CARTESIAN_POINT ( 'NONE',  ( -2.215000000000000746, 0.000000000000000000, -1.749999999999999778 ) ) ;
#8769 = ORIENTED_EDGE ( 'NONE', *, *, #8866, .T. ) ;
#8770 = ORIENTED_EDGE ( 'NONE', *, *, #997, .F. ) ;
#8771 = SURFACE_SIDE_STYLE ('',( #3824 ) ) ;
#8772 = FACE_OUTER_BOUND ( 'NONE', #9339, .T. ) ;
#8773 = EDGE_CURVE ( 'NONE', #2931, #10732, #1802, .T. ) ;
#8774 = VERTEX_POINT ( 'NONE', #969 ) ;
#8775 = FACE_OUTER_BOUND ( 'NONE', #2092, .T. ) ;
#8776 = CARTESIAN_POINT ( 'NONE',  ( -1.249999999999999334, 0.000000000000000000, -2.215000000000001190 ) ) ;
#8777 = DIRECTION ( 'NONE',  ( -1.000000000000000000, 0.000000000000000000, -0.000000000000000000 ) ) ;
#8778 = CARTESIAN_POINT ( 'NONE',  ( -0.8649999999999994360, 0.6614108798023734526, 2.215000000000001190 ) ) ;
#8779 = ORIENTED_EDGE ( 'NONE', *, *, #238, .T. ) ;
#8780 = VERTEX_POINT ( 'NONE', #3514 ) ;
#8781 = ORIENTED_EDGE ( 'NONE', *, *, #5501, .F. ) ;
#8782 = CARTESIAN_POINT ( 'NONE',  ( 2.500000000000002220, 0.6614108798023753399, -0.8650000000000001021 ) ) ;
#8783 = EDGE_LOOP ( 'NONE', ( #3391, #7025, #968, #4102 ) ) ;
#8784 = DIRECTION ( 'NONE',  ( 0.000000000000000000, 0.000000000000000000, -1.000000000000000000 ) ) ;
#8785 = CARTESIAN_POINT ( 'NONE',  ( 2.500000000000002220, 0.6614108798023753399, -1.865000000000000213 ) ) ;
#8786 = CARTESIAN_POINT ( 'NONE',  ( 2.500000000000002220, 0.000000000000000000, 0.1349999999999999256 ) ) ;
#8787 = DIRECTION ( 'NONE',  ( -1.000000000000000000, 0.000000000000000000, 0.000000000000000000 ) ) ;
#8788 = DIRECTION ( 'NONE',  ( 0.000000000000000000, 1.000000000000000000, 0.000000000000000000 ) ) ;
#8789 = PLANE ( 'NONE',  #5498 ) ;
#8790 = ORIENTED_EDGE ( 'NONE', *, *, #4079, .T. ) ;
#8791 = DIRECTION ( 'NONE',  ( 7.608436298143888101E-16, 0.000000000000000000, -1.000000000000000000 ) ) ;
#8792 = PLANE ( 'NONE',  #10821 ) ;
#8793 = CARTESIAN_POINT ( 'NONE',  ( 2.500000000000001332, 0.000000000000000000, -0.1349999999999994815 ) ) ;
#8794 = FACE_OUTER_BOUND ( 'NONE', #2555, .T. ) ;
#8795 = LINE ( 'NONE', #1973, #4962 ) ;
#8796 = ADVANCED_FACE ( 'NONE', ( #9199 ), #7547, .F. ) ;
#8797 = DIRECTION ( 'NONE',  ( 0.000000000000000000, 0.000000000000000000, -1.000000000000000000 ) ) ;
#8798 = EDGE_CURVE ( 'NONE', #8774, #8876, #7281, .T. ) ;
#8799 = ORIENTED_EDGE ( 'NONE', *, *, #3319, .T. ) ;
#8800 = ORIENTED_EDGE ( 'NONE', *, *, #7286, .T. ) ;
#8801 = COLOUR_RGB ( '',0.7921568627450980005, 0.8196078431372548767, 0.9333333333333333481 ) ;
#8802 = DIRECTION ( 'NONE',  ( -1.000000000000000000, 0.000000000000000000, 1.521687259628770718E-15 ) ) ;
#8803 = CARTESIAN_POINT ( 'NONE',  ( -1.800000000000001155, 0.9000000000000000222, -1.550000000000000711 ) ) ;
#8804 = CARTESIAN_POINT ( 'NONE',  ( -0.6349999999999992317, 0.2000000000000000111, 2.500000000000001332 ) ) ;
#8805 = PLANE ( 'NONE',  #9822 ) ;
#8806 = CARTESIAN_POINT ( 'NONE',  ( -2.500000000000002220, 0.1999999999999999833, -1.865000000000000213 ) ) ;
#8807 = EDGE_CURVE ( 'NONE', #1238, #1706, #4274, .T. ) ;
#8808 = VERTEX_POINT ( 'NONE', #4505 ) ;
#8809 = CARTESIAN_POINT ( 'NONE',  ( 1.750000000000000666, 0.04999999999999999584, -2.215000000000001190 ) ) ;
#8810 = ORIENTED_EDGE ( 'NONE', *, *, #5747, .F. ) ;
#8811 = STYLED_ITEM ( 'NONE', ( #595 ), #2383 ) ;
#8812 = EDGE_CURVE ( 'NONE', #7031, #8271, #2914, .T. ) ;
#8813 = VERTEX_POINT ( 'NONE', #5275 ) ;
#8814 = ORIENTED_EDGE ( 'NONE', *, *, #5721, .F. ) ;
#8815 = DIRECTION ( 'NONE',  ( -0.000000000000000000, -1.000000000000000000, 0.000000000000000000 ) ) ;
#8816 = ORIENTED_EDGE ( 'NONE', *, *, #5956, .F. ) ;
#8817 = EDGE_LOOP ( 'NONE', ( #10004, #9063, #167, #445 ) ) ;
#8818 = DIRECTION ( 'NONE',  ( -0.000000000000000000, -1.000000000000000000, -0.000000000000000000 ) ) ;
#8819 = ORIENTED_EDGE ( 'NONE', *, *, #2707, .F. ) ;
#8820 = FILL_AREA_STYLE ('',( #9786 ) ) ;
#8821 = AXIS2_PLACEMENT_3D ( 'NONE', #6335, #7107, #2132 ) ;
#8822 = ORIENTED_EDGE ( 'NONE', *, *, #6604, .T. ) ;
#8823 = PLANE ( 'NONE',  #8422 ) ;
#8824 = DIRECTION ( 'NONE',  ( -7.608436298143875282E-16, 0.000000000000000000, -1.000000000000000000 ) ) ;
#8825 = CARTESIAN_POINT ( 'NONE',  ( 0.6350000000000007860, 0.2000000000000000111, -2.500000000000001332 ) ) ;
#8826 = DIRECTION ( 'NONE',  ( 0.000000000000000000, 0.000000000000000000, -1.000000000000000000 ) ) ;
#8827 = VECTOR ( 'NONE', #5442, 1000.000000000000000 ) ;
#8828 = EDGE_CURVE ( 'NONE', #1037, #10157, #8497, .T. ) ;
#8829 = EDGE_CURVE ( 'NONE', #3716, #184, #2031, .T. ) ;
#8830 = ORIENTED_EDGE ( 'NONE', *, *, #3028, .F. ) ;
#8831 = VERTEX_POINT ( 'NONE', #4441 ) ;
#8832 = EDGE_CURVE ( 'NONE', #230, #1034, #9480, .T. ) ;
#8833 = VECTOR ( 'NONE', #4769, 1000.000000000000000 ) ;
#8834 = VECTOR ( 'NONE', #1174, 1000.000000000000000 ) ;
#8835 = ORIENTED_EDGE ( 'NONE', *, *, #7530, .F. ) ;
#8836 = DIRECTION ( 'NONE',  ( -0.000000000000000000, -1.000000000000000000, -0.000000000000000000 ) ) ;
#8837 = AXIS2_PLACEMENT_3D ( 'NONE', #9463, #1224, #9729 ) ;
#8838 = VECTOR ( 'NONE', #5435, 1000.000000000000000 ) ;
#8839 = ORIENTED_EDGE ( 'NONE', *, *, #7004, .F. ) ;
#8840 = LINE ( 'NONE', #2234, #6056 ) ;
#8841 = CARTESIAN_POINT ( 'NONE',  ( -0.6349999999999992317, 0.2000000000000000111, -2.500000000000001332 ) ) ;
#8842 = CARTESIAN_POINT ( 'NONE',  ( -0.2499999999999991396, 0.2000000000000000111, 2.215000000000001190 ) ) ;
#8843 = CARTESIAN_POINT ( 'NONE',  ( -1.749999999999999778, 0.1999999999999996503, -1.634999999999999343 ) ) ;
#8844 = PLANE ( 'NONE',  #7626 ) ;
#8845 = EDGE_CURVE ( 'NONE', #2226, #6744, #5678, .T. ) ;
#8846 = CIRCLE ( 'NONE', #4097, 0.1150000000000001993 ) ;
#8847 = CARTESIAN_POINT ( 'NONE',  ( 2.500000000000002220, 0.1999999999999999833, 0.6349999999999998979 ) ) ;
#8848 = VECTOR ( 'NONE', #4371, 1000.000000000000000 ) ;
#8849 = AXIS2_PLACEMENT_3D ( 'NONE', #3480, #5021, #10222 ) ;
#8850 = VECTOR ( 'NONE', #7097, 1000.000000000000000 ) ;
#8851 = EDGE_CURVE ( 'NONE', #1225, #701, #1193, .T. ) ;
#8852 = VERTEX_POINT ( 'NONE', #9536 ) ;
#8853 = AXIS2_PLACEMENT_3D ( 'NONE', #6880, #9134, #5765 ) ;
#8854 = LINE ( 'NONE', #1345, #7629 ) ;
#8855 = CARTESIAN_POINT ( 'NONE',  ( 1.635000000000000453, 0.000000000000000000, -1.634999999999998899 ) ) ;
#8856 = LINE ( 'NONE', #7987, #9181 ) ;
#8857 = CARTESIAN_POINT ( 'NONE',  ( -2.500000000000000444, 0.2000000000000005107, -0.6349999999999996758 ) ) ;
#8858 = SURFACE_STYLE_FILL_AREA ( #8044 ) ;
#8859 = VECTOR ( 'NONE', #3515, 1000.000000000000000 ) ;
#8860 = CARTESIAN_POINT ( 'NONE',  ( 2.500000000000002220, 0.04999999999999969746, -0.8650000000000001021 ) ) ;
#8861 = PLANE ( 'NONE',  #2846 ) ;
#8862 = AXIS2_PLACEMENT_3D ( 'NONE', #7090, #2902, #9527 ) ;
#8863 = VECTOR ( 'NONE', #7853, 1000.000000000000000 ) ;
#8864 = EDGE_LOOP ( 'NONE', ( #5454, #3778, #824, #5550 ) ) ;
#8865 = CIRCLE ( 'NONE', #3236, 0.1150000000000000883 ) ;
#8866 = EDGE_CURVE ( 'NONE', #2049, #10158, #2084, .T. ) ;
#8867 = DIRECTION ( 'NONE',  ( 1.000000000000000000, -0.000000000000000000, 7.608436298143875282E-16 ) ) ;
#8868 = PRESENTATION_LAYER_ASSIGNMENT (  '', '', ( #6242 ) ) ;
#8869 = DIRECTION ( 'NONE',  ( 7.608436298143888101E-16, 0.000000000000000000, -1.000000000000000000 ) ) ;
#8870 = LINE ( 'NONE', #8804, #1168 ) ;
#8871 = EDGE_CURVE ( 'NONE', #8669, #3204, #6169, .T. ) ;
#8872 =( GEOMETRIC_REPRESENTATION_CONTEXT ( 3 ) GLOBAL_UNCERTAINTY_ASSIGNED_CONTEXT ( ( #5892 ) ) GLOBAL_UNIT_ASSIGNED_CONTEXT ( ( #8487, #6733, #7560 ) ) REPRESENTATION_CONTEXT ( 'NONE', 'WORKASPACE' ) );
#8873 = CARTESIAN_POINT ( 'NONE',  ( -1.749999999999999334, 0.2000000000000000111, -2.215000000000001190 ) ) ;
#8874 = FACE_OUTER_BOUND ( 'NONE', #2508, .T. ) ;
#8875 = DIRECTION ( 'NONE',  ( 0.000000000000000000, 0.000000000000000000, 1.000000000000000000 ) ) ;
#8876 = VERTEX_POINT ( 'NONE', #9654 ) ;
#8877 = FACE_OUTER_BOUND ( 'NONE', #6426, .T. ) ;
#8878 = PRESENTATION_LAYER_ASSIGNMENT (  '', '', ( #7308 ) ) ;
#8879 = EDGE_LOOP ( 'NONE', ( #4528, #10124, #4772, #5339 ) ) ;
#8880 = VECTOR ( 'NONE', #6104, 1000.000000000000000 ) ;
#8881 = EDGE_CURVE ( 'NONE', #5444, #7452, #3678, .T. ) ;
#8882 = VERTEX_POINT ( 'NONE', #10418 ) ;
#8883 = DIRECTION ( 'NONE',  ( -1.000000000000000000, 0.000000000000000000, -3.771137991253918417E-15 ) ) ;
#8884 = VERTEX_POINT ( 'NONE', #5436 ) ;
#8885 = ORIENTED_EDGE ( 'NONE', *, *, #283, .T. ) ;
#8886 =( NAMED_UNIT ( * ) PLANE_ANGLE_UNIT ( ) SI_UNIT ( $, .RADIAN. ) );
#8887 = DIRECTION ( 'NONE',  ( 0.000000000000000000, -0.000000000000000000, 1.000000000000000000 ) ) ;
#8888 = DIRECTION ( 'NONE',  ( 0.000000000000000000, 1.000000000000000000, 0.000000000000000000 ) ) ;
#8889 = VERTEX_POINT ( 'NONE', #1025 ) ;
#8890 = DIRECTION ( 'NONE',  ( 0.000000000000000000, 1.000000000000000000, -0.000000000000000000 ) ) ;
#8891 = PRESENTATION_STYLE_ASSIGNMENT (( #6414 ) ) ;
#8892 = ADVANCED_FACE ( 'NONE', ( #2797 ), #8792, .T. ) ;
#8893 = CARTESIAN_POINT ( 'NONE',  ( -0.2499999999999991396, 0.2000000000000000111, 2.215000000000001190 ) ) ;
#8894 = PLANE ( 'NONE',  #7087 ) ;
#8895 = EDGE_LOOP ( 'NONE', ( #9025, #9670, #6640, #6144, #1591 ) ) ;
#8896 = ORIENTED_EDGE ( 'NONE', *, *, #10581, .F. ) ;
#8897 = ADVANCED_FACE ( 'NONE', ( #7763 ), #7106, .F. ) ;
#8898 = VERTEX_POINT ( 'NONE', #7162 ) ;
#8899 = CARTESIAN_POINT ( 'NONE',  ( 0.6350000000000005640, 0.04999999999999999584, 2.215000000000001190 ) ) ;
#8900 = EDGE_CURVE ( 'NONE', #5091, #7296, #194, .T. ) ;
#8901 = ORIENTED_EDGE ( 'NONE', *, *, #10874, .F. ) ;
#8902 = CARTESIAN_POINT ( 'NONE',  ( -1.634999999999999343, 0.1999999999999996503, -1.634999999999999343 ) ) ;
#8903 = DIRECTION ( 'NONE',  ( 0.000000000000000000, 1.000000000000000000, 0.000000000000000000 ) ) ;
#8904 = CARTESIAN_POINT ( 'NONE',  ( -0.3649999999999992140, 0.1999999999999999833, -2.500000000000001332 ) ) ;
#8905 = DIRECTION ( 'NONE',  ( 0.000000000000000000, -1.000000000000000000, 0.000000000000000000 ) ) ;
#8906 =( LENGTH_UNIT ( ) NAMED_UNIT ( * ) SI_UNIT ( .MILLI., .METRE. ) );
#8907 = CARTESIAN_POINT ( 'NONE',  ( 2.499999999999999556, 0.05000000000000000278, 2.499999999999998668 ) ) ;
#8908 = VECTOR ( 'NONE', #1039, 1000.000000000000000 ) ;
#8909 = AXIS2_PLACEMENT_3D ( 'NONE', #10232, #6820, #5031 ) ;
#8910 = ORIENTED_EDGE ( 'NONE', *, *, #9356, .F. ) ;
#8911 = FACE_OUTER_BOUND ( 'NONE', #2709, .T. ) ;
#8912 = CARTESIAN_POINT ( 'NONE',  ( 1.418973369603834690E-15, 0.05000000000000000278, 1.865000000000002434 ) ) ;
#8913 = DIRECTION ( 'NONE',  ( 1.000000000000000000, 0.000000000000000000, 7.608436298143888101E-16 ) ) ;
#8914 = PLANE ( 'NONE',  #5421 ) ;
#8915 = FILL_AREA_STYLE ('',( #9858 ) ) ;
#8916 = AXIS2_PLACEMENT_3D ( 'NONE', #7384, #9147, #9938 ) ;
#8917 = EDGE_CURVE ( 'NONE', #9736, #9369, #10316, .T. ) ;
#8918 = DIRECTION ( 'NONE',  ( -0.000000000000000000, -1.000000000000000000, -0.000000000000000000 ) ) ;
#8919 = CARTESIAN_POINT ( 'NONE',  ( -2.215000000000000746, 0.000000000000000000, 1.135000000000000231 ) ) ;
#8920 = EDGE_LOOP ( 'NONE', ( #10492, #4920, #4236, #9865 ) ) ;
#8921 = ORIENTED_EDGE ( 'NONE', *, *, #2960, .T. ) ;
#8922 = CARTESIAN_POINT ( 'NONE',  ( -0.6349999999999992317, 0.1999999999999999833, 2.500000000000001332 ) ) ;
#8923 = FACE_OUTER_BOUND ( 'NONE', #10927, .T. ) ;
#8924 = DIRECTION ( 'NONE',  ( 0.000000000000000000, -1.000000000000000000, 0.000000000000000000 ) ) ;
#8925 = CARTESIAN_POINT ( 'NONE',  ( 2.215000000000000746, 0.6614108798023753399, -0.8650000000000012124 ) ) ;
#8926 = FACE_BOUND ( 'NONE', #5216, .T. ) ;
#8927 = DIRECTION ( 'NONE',  ( 0.000000000000000000, -0.000000000000000000, 1.000000000000000000 ) ) ;
#8928 = VECTOR ( 'NONE', #268, 1000.000000000000000 ) ;
#8929 = ADVANCED_FACE ( 'NONE', ( #256 ), #8691, .T. ) ;
#8930 = VERTEX_POINT ( 'NONE', #4764 ) ;
#8931 = CARTESIAN_POINT ( 'NONE',  ( 2.215000000000000746, 0.1999999999999999833, -1.134999999999999343 ) ) ;
#8932 = ORIENTED_EDGE ( 'NONE', *, *, #10717, .T. ) ;
#8933 = EDGE_LOOP ( 'NONE', ( #8178, #4312, #6565, #3513 ) ) ;
#8934 = SURFACE_STYLE_USAGE ( .BOTH. , #2215 ) ;
#8935 = VECTOR ( 'NONE', #7929, 1000.000000000000000 ) ;
#8936 = ORIENTED_EDGE ( 'NONE', *, *, #3371, .T. ) ;
#8937 = DIRECTION ( 'NONE',  ( -0.000000000000000000, -1.000000000000000000, -0.000000000000000000 ) ) ;
#8938 = ORIENTED_EDGE ( 'NONE', *, *, #3591, .F. ) ;
#8939 = DIRECTION ( 'NONE',  ( 0.000000000000000000, -1.000000000000000000, 0.000000000000000000 ) ) ;
#8940 = DIRECTION ( 'NONE',  ( 1.000000000000000000, 0.000000000000000000, -1.521687259628770718E-15 ) ) ;
#8941 = LINE ( 'NONE', #1375, #3756 ) ;
#8942 = DIRECTION ( 'NONE',  ( 0.000000000000000000, 0.000000000000000000, 1.000000000000000000 ) ) ;
#8943 = EDGE_CURVE ( 'NONE', #6268, #9357, #6047, .T. ) ;
#8944 = EDGE_CURVE ( 'NONE', #3422, #6809, #4832, .T. ) ;
#8945 = ORIENTED_EDGE ( 'NONE', *, *, #10590, .T. ) ;
#8946 = EDGE_LOOP ( 'NONE', ( #1854, #9335, #3265, #8436 ) ) ;
#8947 = VERTEX_POINT ( 'NONE', #632 ) ;
#8948 = AXIS2_PLACEMENT_3D ( 'NONE', #7187, #10453, #10561 ) ;
#8949 = EDGE_CURVE ( 'NONE', #5483, #8194, #4626, .T. ) ;
#8950 = EDGE_LOOP ( 'NONE', ( #8112, #8306, #10675, #1418 ) ) ;
#8951 = EDGE_LOOP ( 'NONE', ( #6985, #10387, #2928, #4866 ) ) ;
#8952 = CARTESIAN_POINT ( 'NONE',  ( 1.365000000000000657, 0.000000000000000000, 2.500000000000001332 ) ) ;
#8953 = ORIENTED_EDGE ( 'NONE', *, *, #95, .T. ) ;
#8954 = FILL_AREA_STYLE ('',( #4872 ) ) ;
#8955 = LINE ( 'NONE', #2235, #9088 ) ;
#8956 = DIRECTION ( 'NONE',  ( 0.000000000000000000, -1.000000000000000000, 0.000000000000000000 ) ) ;
#8957 = DIRECTION ( 'NONE',  ( -1.000000000000000000, 0.000000000000000000, -0.000000000000000000 ) ) ;
#8958 = FACE_OUTER_BOUND ( 'NONE', #3881, .T. ) ;
#8959 = EDGE_CURVE ( 'NONE', #7902, #6638, #469, .T. ) ;
#8960 = DIRECTION ( 'NONE',  ( 0.000000000000000000, -0.000000000000000000, -1.000000000000000000 ) ) ;
#8961 = ADVANCED_FACE ( 'NONE', ( #5645 ), #3959, .F. ) ;
#8962 = ORIENTED_EDGE ( 'NONE', *, *, #10147, .F. ) ;
#8963 = CARTESIAN_POINT ( 'NONE',  ( 0.3650000000000007683, 0.2000000000000000111, -2.215000000000001190 ) ) ;
#8964 = DIRECTION ( 'NONE',  ( 0.000000000000000000, -1.000000000000000000, 0.000000000000000000 ) ) ;
#8965 = CARTESIAN_POINT ( 'NONE',  ( -2.500000000000001332, 0.1999999999999999833, 0.3650000000000005462 ) ) ;
#8966 = DIRECTION ( 'NONE',  ( 0.000000000000000000, 0.000000000000000000, -1.000000000000000000 ) ) ;
#8967 = FACE_OUTER_BOUND ( 'NONE', #3662, .T. ) ;
#8968 = CLOSED_SHELL ( 'NONE', ( #7556, #2634, #453, #7434, #9059, #4742, #202, #6191, #6355, #6708, #10241, #8135, #10239, #8546, #2373, #8892, #6340, #4393, #3665, #7939, #3966, #3963, #795, #2229, #1637, #1307, #4030, #4224, #10929, #8623, #3388, #34, #3481, #313, #9577, #9483, #382, #5649, #7112, #8897, #6304, #4039, #9373, #10322, #5309, #6055, #8483, #4295, #120, #2366, #3417, #900, #7101, #10688, #1936, #6330, #1176, #3645, #6528, #861, #1501, #9289, #4096, #2966, #6753, #2784, #2171, #3352, #108, #4754, #7555, #1715, #6567, #3853, #2947, #4914, #2645, #5176, #5039, #7535, #3510, #7306, #5928, #10605, #3904, #4070, #10716, #424, #2173, #5114, #3908, #5605, #9119, #10884, #1204, #3841, #1330, #1608, #1342, #2690, #8713, #5172, #8535, #2675, #3005, #2483, #1701, #9668, #10834, #3367, #6723, #8341, #1227, #4868, #3634, #1298, #3866, #8373, #3219, #8519, #5249, #2893, #1074, #5854, #9232, #2279, #7673, #7429, #6404, #6956, #3424, #6287, #9578, #7933, #5990, #6040, #3123, #5046, #1318, #5092, #2294, #6400, #4668, #9805, #6240 ) ) ;
#8969 = CARTESIAN_POINT ( 'NONE',  ( 2.500000000000001332, 0.6614108798023753399, 0.8650000000000005462 ) ) ;
#8970 = VERTEX_POINT ( 'NONE', #5597 ) ;
#8971 = VERTEX_POINT ( 'NONE', #3850 ) ;
#8972 = ORIENTED_EDGE ( 'NONE', *, *, #10735, .T. ) ;
#8973 = EDGE_CURVE ( 'NONE', #9369, #6076, #5543, .T. ) ;
#8974 = CARTESIAN_POINT ( 'NONE',  ( 0.3650000000000007683, 0.6614108798023734526, -2.215000000000001190 ) ) ;
#8975 = DIRECTION ( 'NONE',  ( 0.000000000000000000, 0.000000000000000000, 1.000000000000000000 ) ) ;
#8976 = DIRECTION ( 'NONE',  ( 7.608436298143875282E-16, 0.000000000000000000, -1.000000000000000000 ) ) ;
#8977 = LINE ( 'NONE', #8925, #6834 ) ;
#8978 = SURFACE_STYLE_FILL_AREA ( #1479 ) ;
#8979 = VERTEX_POINT ( 'NONE', #7210 ) ;
#8980 = CARTESIAN_POINT ( 'NONE',  ( -2.500000000000000444, 0.9999999999999991118, 2.499999999999999556 ) ) ;
#8981 = EDGE_CURVE ( 'NONE', #7246, #1550, #7318, .T. ) ;
#8982 = VECTOR ( 'NONE', #1657, 1000.000000000000000 ) ;
#8983 = EDGE_LOOP ( 'NONE', ( #3552, #3359, #2014, #9929 ) ) ;
#8984 = DIRECTION ( 'NONE',  ( 0.000000000000000000, -0.000000000000000000, -1.000000000000000000 ) ) ;
#8985 = ORIENTED_EDGE ( 'NONE', *, *, #5365, .T. ) ;
#8986 = ORIENTED_EDGE ( 'NONE', *, *, #10539, .T. ) ;
#8987 = LINE ( 'NONE', #5736, #8689 ) ;
#8988 = DIRECTION ( 'NONE',  ( 0.000000000000000000, 1.000000000000000000, -0.000000000000000000 ) ) ;
#8989 = SURFACE_STYLE_FILL_AREA ( #7347 ) ;
#8990 = CARTESIAN_POINT ( 'NONE',  ( 0.8650000000000007683, 0.6614108798023734526, -2.500000000000001332 ) ) ;
#8991 = FILL_AREA_STYLE_COLOUR ( '', #5391 ) ;
#8992 = DIRECTION ( 'NONE',  ( 0.000000000000000000, 0.000000000000000000, -1.000000000000000000 ) ) ;
#8993 = CARTESIAN_POINT ( 'NONE',  ( -2.215000000000000746, 0.6614108798023753399, 1.865000000000000879 ) ) ;
#8994 = VERTEX_POINT ( 'NONE', #8140 ) ;
#8995 = ORIENTED_EDGE ( 'NONE', *, *, #7605, .T. ) ;
#8996 = ORIENTED_EDGE ( 'NONE', *, *, #3094, .F. ) ;
#8997 = EDGE_CURVE ( 'NONE', #7701, #10917, #2359, .T. ) ;
#8998 = ORIENTED_EDGE ( 'NONE', *, *, #1570, .T. ) ;
#8999 = CARTESIAN_POINT ( 'NONE',  ( -1.134999999999999121, 0.2000000000000000111, 2.215000000000001190 ) ) ;
#9000 = ORIENTED_EDGE ( 'NONE', *, *, #1850, .F. ) ;
#9001 = DIRECTION ( 'NONE',  ( 0.000000000000000000, 1.000000000000000000, 0.000000000000000000 ) ) ;
#9002 = DIRECTION ( 'NONE',  ( 0.000000000000000000, 0.000000000000000000, 1.000000000000000000 ) ) ;
#9003 = CIRCLE ( 'NONE', #2678, 0.1150000000000000883 ) ;
#9004 = CARTESIAN_POINT ( 'NONE',  ( -2.500000000000001332, 0.1999999999999999833, 1.365000000000000435 ) ) ;
#9005 = DIRECTION ( 'NONE',  ( 0.000000000000000000, 1.000000000000000000, 0.000000000000000000 ) ) ;
#9006 = PLANE ( 'NONE',  #6554 ) ;
#9007 = EDGE_CURVE ( 'NONE', #6472, #726, #1459, .T. ) ;
#9008 = PLANE ( 'NONE',  #2532 ) ;
#9009 = EDGE_LOOP ( 'NONE', ( #9523, #6405, #1841, #3252 ) ) ;
#9010 = AXIS2_PLACEMENT_3D ( 'NONE', #9177, #1612, #12 ) ;
#9011 = AXIS2_PLACEMENT_3D ( 'NONE', #8145, #9759, #1303 ) ;
#9012 = VERTEX_POINT ( 'NONE', #7373 ) ;
#9013 = EDGE_CURVE ( 'NONE', #10857, #774, #10751, .T. ) ;
#9014 = CARTESIAN_POINT ( 'NONE',  ( -1.134999999999999343, 0.1999999999999999833, -2.500000000000001332 ) ) ;
#9015 = DIRECTION ( 'NONE',  ( -0.000000000000000000, -1.000000000000000000, -0.000000000000000000 ) ) ;
#9016 = LINE ( 'NONE', #8199, #10069 ) ;
#9018 = CARTESIAN_POINT ( 'NONE',  ( -0.3649999999999992140, 0.2000000000000000111, -2.500000000000001332 ) ) ;
#9017 = VECTOR ( 'NONE', #10429, 1000.000000000000000 ) ;
#9019 =( NAMED_UNIT ( * ) PLANE_ANGLE_UNIT ( ) SI_UNIT ( $, .RADIAN. ) );
#9020 = CARTESIAN_POINT ( 'NONE',  ( 1.635000000000000897, 0.000000000000000000, 2.500000000000001332 ) ) ;
#9021 = AXIS2_PLACEMENT_3D ( 'NONE', #8395, #6137, #7175 ) ;
#9022 = VECTOR ( 'NONE', #6900, 1000.000000000000000 ) ;
#9023 = DIRECTION ( 'NONE',  ( 0.000000000000000000, 0.000000000000000000, 1.000000000000000000 ) ) ;
#9024 = ORIENTED_EDGE ( 'NONE', *, *, #3326, .T. ) ;
#9025 = ORIENTED_EDGE ( 'NONE', *, *, #837, .F. ) ;
#9026 = VECTOR ( 'NONE', #7826, 1000.000000000000000 ) ;
#9027 = ORIENTED_EDGE ( 'NONE', *, *, #6291, .T. ) ;
#9028 = CIRCLE ( 'NONE', #568, 0.1150000000000000883 ) ;
#9029 = AXIS2_PLACEMENT_3D ( 'NONE', #6964, #2099, #4468 ) ;
#9030 = AXIS2_PLACEMENT_3D ( 'NONE', #7682, #115, #2612 ) ;
#9031 = EDGE_CURVE ( 'NONE', #7574, #6879, #7261, .T. ) ;
#9032 = DIRECTION ( 'NONE',  ( 0.000000000000000000, 1.000000000000000000, 0.000000000000000000 ) ) ;
#9033 = PLANE ( 'NONE',  #4533 ) ;
#9034 = EDGE_CURVE ( 'NONE', #2723, #7357, #5869, .T. ) ;
#9035 = DIRECTION ( 'NONE',  ( 1.000000000000000000, -0.000000000000000000, -0.000000000000000000 ) ) ;
#9036 = DIRECTION ( 'NONE',  ( -1.000000000000000000, 0.000000000000000000, 7.608436298143875282E-16 ) ) ;
#9037 = DIRECTION ( 'NONE',  ( 0.000000000000000000, -0.000000000000000000, 1.000000000000000000 ) ) ;
#9038 = VECTOR ( 'NONE', #7755, 1000.000000000000000 ) ;
#9039 = SHAPE_DEFINITION_REPRESENTATION ( #4575, #6149 ) ;
#9040 =( GEOMETRIC_REPRESENTATION_CONTEXT ( 3 ) GLOBAL_UNCERTAINTY_ASSIGNED_CONTEXT ( ( #6552 ) ) GLOBAL_UNIT_ASSIGNED_CONTEXT ( ( #879, #1668, #7636 ) ) REPRESENTATION_CONTEXT ( 'NONE', 'WORKASPACE' ) );
#9041 = EDGE_LOOP ( 'NONE', ( #9388, #1575, #7230, #3164 ) ) ;
#9042 = DIRECTION ( 'NONE',  ( -1.000000000000000000, 0.000000000000000000, 1.521687259628770718E-15 ) ) ;
#9043 = CIRCLE ( 'NONE', #3768, 0.2500000000000000000 ) ;
#9044 = ORIENTED_EDGE ( 'NONE', *, *, #5523, .F. ) ;
#9045 = PRESENTATION_LAYER_ASSIGNMENT (  '', '', ( #1468 ) ) ;
#9046 = EDGE_LOOP ( 'NONE', ( #6363, #6563, #10341, #5383 ) ) ;
#9047 = DIRECTION ( 'NONE',  ( -0.000000000000000000, -1.000000000000000000, -0.000000000000000000 ) ) ;
#9048 = AXIS2_PLACEMENT_3D ( 'NONE', #10048, #5842, #8390 ) ;
#9049 = ORIENTED_EDGE ( 'NONE', *, *, #164, .T. ) ;
#9050 = EDGE_CURVE ( 'NONE', #10375, #8882, #3233, .T. ) ;
#9051 = VERTEX_POINT ( 'NONE', #8253 ) ;
#9052 = SURFACE_STYLE_FILL_AREA ( #10844 ) ;
#9053 = LINE ( 'NONE', #658, #10877 ) ;
#9054 =( NAMED_UNIT ( * ) PLANE_ANGLE_UNIT ( ) SI_UNIT ( $, .RADIAN. ) );
#9055 = DIRECTION ( 'NONE',  ( -1.000000000000000000, 0.000000000000000000, 0.000000000000000000 ) ) ;
#9056 = DIRECTION ( 'NONE',  ( 0.000000000000000000, -1.000000000000000000, 0.000000000000000000 ) ) ;
#9057 = CARTESIAN_POINT ( 'NONE',  ( -1.635000000000000231, 0.1999999999999996503, 1.750000000000000666 ) ) ;
#9058 = PLANE ( 'NONE',  #1277 ) ;
#9059 = ADVANCED_FACE ( 'NONE', ( #8090 ), #3008, .F. ) ;
#9060 =( GEOMETRIC_REPRESENTATION_CONTEXT ( 3 ) GLOBAL_UNCERTAINTY_ASSIGNED_CONTEXT ( ( #1474 ) ) GLOBAL_UNIT_ASSIGNED_CONTEXT ( ( #3801, #7989, #4667 ) ) REPRESENTATION_CONTEXT ( 'NONE', 'WORKASPACE' ) );
#9061 = ORIENTED_EDGE ( 'NONE', *, *, #729, .T. ) ;
#9062 = AXIS2_PLACEMENT_3D ( 'NONE', #1906, #19, #241 ) ;
#9063 = ORIENTED_EDGE ( 'NONE', *, *, #4031, .T. ) ;
#9064 = EDGE_CURVE ( 'NONE', #4256, #2603, #4061, .T. ) ;
#9065 = ORIENTED_EDGE ( 'NONE', *, *, #7221, .F. ) ;
#9066 = VECTOR ( 'NONE', #10030, 1000.000000000000000 ) ;
#9067 =( NAMED_UNIT ( * ) SI_UNIT ( $, .STERADIAN. ) SOLID_ANGLE_UNIT ( ) );
#9068 = ORIENTED_EDGE ( 'NONE', *, *, #4321, .T. ) ;
#9069 = DIRECTION ( 'NONE',  ( 0.000000000000000000, -0.000000000000000000, 1.000000000000000000 ) ) ;
#9070 = DIRECTION ( 'NONE',  ( -1.000000000000000000, 0.000000000000000000, -1.521687259628770718E-15 ) ) ;
#9071 = LINE ( 'NONE', #10742, #10606 ) ;
#9072 = CARTESIAN_POINT ( 'NONE',  ( -0.1349999999999990652, 0.1999999999999999833, 2.215000000000001190 ) ) ;
#9073 = DIRECTION ( 'NONE',  ( -1.000000000000000000, 0.000000000000000000, -1.521687259628770718E-15 ) ) ;
#9074 = CARTESIAN_POINT ( 'NONE',  ( 2.215000000000000746, 0.6614108798023753399, 0.6349999999999988987 ) ) ;
#9075 = ORIENTED_EDGE ( 'NONE', *, *, #10117, .F. ) ;
#9076 = EDGE_CURVE ( 'NONE', #5617, #7326, #10809, .T. ) ;
#9077 = VERTEX_POINT ( 'NONE', #1346 ) ;
#9078 = CARTESIAN_POINT ( 'NONE',  ( 0.6350000000000007860, 0.1999999999999999833, 2.500000000000001332 ) ) ;
#9079 = ORIENTED_EDGE ( 'NONE', *, *, #4599, .T. ) ;
#9080 = CARTESIAN_POINT ( 'NONE',  ( -2.500000000000001332, 0.1999999999999999833, -0.1349999999999994815 ) ) ;
#9081 = CARTESIAN_POINT ( 'NONE',  ( -2.215000000000000746, 0.000000000000000000, 1.635000000000000231 ) ) ;
#9082 = CARTESIAN_POINT ( 'NONE',  ( -2.215000000000000746, 0.1999999999999999833, -1.134999999999999343 ) ) ;
#9083 = PLANE ( 'NONE',  #9246 ) ;
#9084 = LINE ( 'NONE', #3069, #4087 ) ;
#9085 = DIRECTION ( 'NONE',  ( 1.000000000000000000, 0.000000000000000000, -7.608436298143888101E-16 ) ) ;
#9086 = VERTEX_POINT ( 'NONE', #4715 ) ;
#9087 = VERTEX_POINT ( 'NONE', #517 ) ;
#9088 = VECTOR ( 'NONE', #671, 1000.000000000000000 ) ;
#9089 = EDGE_CURVE ( 'NONE', #8766, #7217, #2242, .T. ) ;
#9090 = ADVANCED_FACE ( 'NONE', ( #10922 ), #2525, .F. ) ;
#9091 = ORIENTED_EDGE ( 'NONE', *, *, #5770, .T. ) ;
#9092 = ORIENTED_EDGE ( 'NONE', *, *, #2847, .T. ) ;
#9093 = EDGE_CURVE ( 'NONE', #4396, #10842, #3394, .T. ) ;
#9094 = CARTESIAN_POINT ( 'NONE',  ( 2.215000000000000746, 0.1999999999999999833, 1.865000000000000879 ) ) ;
#9095 = STYLED_ITEM ( 'NONE', ( #8891 ), #2152 ) ;
#9096 = UNCERTAINTY_MEASURE_WITH_UNIT (LENGTH_MEASURE( 1.000000000000000082E-05 ), #4036, 'distance_accuracy_value', 'NONE');
#9097 = LINE ( 'NONE', #7331, #2957 ) ;
#9098 = DIRECTION ( 'NONE',  ( 0.000000000000000000, -1.000000000000000000, 0.000000000000000000 ) ) ;
#9099 = LINE ( 'NONE', #2309, #3835 ) ;
#9100 = DIRECTION ( 'NONE',  ( 0.000000000000000000, 1.000000000000000000, -0.000000000000000000 ) ) ;
#9101 = DIRECTION ( 'NONE',  ( 0.000000000000000000, -1.000000000000000000, 0.000000000000000000 ) ) ;
#9102 = ORIENTED_EDGE ( 'NONE', *, *, #1664, .F. ) ;
#9103 = ADVANCED_FACE ( 'NONE', ( #1568 ), #1623, .F. ) ;
#9104 = ORIENTED_EDGE ( 'NONE', *, *, #10771, .F. ) ;
#9105 = DIRECTION ( 'NONE',  ( 0.000000000000000000, -1.000000000000000000, 0.000000000000000000 ) ) ;
#9106 = ORIENTED_EDGE ( 'NONE', *, *, #8248, .T. ) ;
#9107 = ORIENTED_EDGE ( 'NONE', *, *, #6418, .T. ) ;
#9108 = FACE_OUTER_BOUND ( 'NONE', #2474, .T. ) ;
#9109 = CARTESIAN_POINT ( 'NONE',  ( -0.3649999999999994360, 0.6614108798023734526, 2.215000000000001190 ) ) ;
#9110 = DIRECTION ( 'NONE',  ( 0.000000000000000000, 0.000000000000000000, -1.000000000000000000 ) ) ;
#9111 = VERTEX_POINT ( 'NONE', #793 ) ;
#9112 = DIRECTION ( 'NONE',  ( 7.608436298143888101E-16, 0.000000000000000000, -1.000000000000000000 ) ) ;
#9113 = CARTESIAN_POINT ( 'NONE',  ( 0.8650000000000007683, 0.2000000000000000111, -2.215000000000001190 ) ) ;
#9114 = CIRCLE ( 'NONE', #10176, 0.1150000000000000883 ) ;
#9115 = CARTESIAN_POINT ( 'NONE',  ( -1.364999999999999325, 0.6614108798023734526, -2.500000000000001332 ) ) ;
#9116 = ORIENTED_EDGE ( 'NONE', *, *, #3624, .T. ) ;
#9117 = VERTEX_POINT ( 'NONE', #4272 ) ;
#9118 = VECTOR ( 'NONE', #6617, 1000.000000000000000 ) ;
#9119 = ADVANCED_FACE ( 'NONE', ( #4933 ), #5818, .T. ) ;
#9120 = VERTEX_POINT ( 'NONE', #3504 ) ;
#9121 = SURFACE_STYLE_FILL_AREA ( #3211 ) ;
#9122 = EDGE_LOOP ( 'NONE', ( #4825, #4906, #9075, #6105, #9944, #1378, #7380, #93, #10216, #10553, #746, #9586, #5129, #5824, #3434, #6456, #1819, #8799, #1744, #7193, #3944, #6792, #10047, #6826, #9836, #2726, #9715, #4869, #9885, #1451, #9457, #226, #9398, #364, #10120, #2056 ) ) ;
#9123 = DIRECTION ( 'NONE',  ( 0.000000000000000000, 0.000000000000000000, -1.000000000000000000 ) ) ;
#9124 = ORIENTED_EDGE ( 'NONE', *, *, #9823, .F. ) ;
#9125 = CARTESIAN_POINT ( 'NONE',  ( -1.134999999999999121, 0.6614108798023734526, 2.215000000000001190 ) ) ;
#9126 = DIRECTION ( 'NONE',  ( -0.000000000000000000, -1.000000000000000000, -0.000000000000000000 ) ) ;
#9127 = CARTESIAN_POINT ( 'NONE',  ( -1.864999999999999547, 0.6614108798023734526, 2.215000000000001190 ) ) ;
#9128 = FACE_OUTER_BOUND ( 'NONE', #5581, .T. ) ;
#9129 = VECTOR ( 'NONE', #8606, 1000.000000000000000 ) ;
#9130 = ORIENTED_EDGE ( 'NONE', *, *, #2079, .F. ) ;
#9131 = ORIENTED_EDGE ( 'NONE', *, *, #1523, .T. ) ;
#9132 = CARTESIAN_POINT ( 'NONE',  ( 1.635000000000000675, 0.1999999999999999833, 2.215000000000001190 ) ) ;
#9133 = ORIENTED_EDGE ( 'NONE', *, *, #7979, .T. ) ;
#9134 = DIRECTION ( 'NONE',  ( 1.521687259628770718E-15, -0.000000000000000000, 1.000000000000000000 ) ) ;
#9135 = LINE ( 'NONE', #7488, #7072 ) ;
#9136 =( NAMED_UNIT ( * ) PLANE_ANGLE_UNIT ( ) SI_UNIT ( $, .RADIAN. ) );
#9137 = FACE_OUTER_BOUND ( 'NONE', #10677, .T. ) ;
#9138 = EDGE_CURVE ( 'NONE', #1786, #1992, #5044, .T. ) ;
#9139 = CARTESIAN_POINT ( 'NONE',  ( 2.500000000000002220, 0.6614108798023753399, 1.635000000000000009 ) ) ;
#9140 = ORIENTED_EDGE ( 'NONE', *, *, #4590, .T. ) ;
#9141 = VERTEX_POINT ( 'NONE', #10244 ) ;
#9142 = EDGE_LOOP ( 'NONE', ( #343, #18, #10750, #719, #1100 ) ) ;
#9143 = CARTESIAN_POINT ( 'NONE',  ( -2.215000000000000746, 0.1999999999999999833, 1.135000000000000231 ) ) ;
#9144 = EDGE_CURVE ( 'NONE', #6919, #4016, #87, .T. ) ;
#9145 = CLOSED_SHELL ( 'NONE', ( #6636, #8187, #4826, #10939, #6896, #862, #3973 ) ) ;
#9146 = PLANE ( 'NONE',  #2436 ) ;
#9147 = DIRECTION ( 'NONE',  ( -0.000000000000000000, -1.000000000000000000, -0.000000000000000000 ) ) ;
#9148 = CARTESIAN_POINT ( 'NONE',  ( 1.365000000000000657, 0.1999999999999999833, 2.500000000000001332 ) ) ;
#9149 = CARTESIAN_POINT ( 'NONE',  ( -2.500000000000000444, 0.2000000000000005107, 0.3650000000000003242 ) ) ;
#9150 = ADVANCED_FACE ( 'NONE', ( #8415 ), #962, .F. ) ;
#9151 = CARTESIAN_POINT ( 'NONE',  ( -2.500000000000000444, 0.05000000000000000278, 2.499999999999999556 ) ) ;
#9152 = EDGE_CURVE ( 'NONE', #6659, #1164, #7654, .T. ) ;
#9153 = ORIENTED_EDGE ( 'NONE', *, *, #9985, .F. ) ;
#9154 = ORIENTED_EDGE ( 'NONE', *, *, #6759, .T. ) ;
#9155 = ORIENTED_EDGE ( 'NONE', *, *, #751, .F. ) ;
#9156 = CARTESIAN_POINT ( 'NONE',  ( -0.7499999999999991118, 0.2000000000000000111, 2.100000000000000977 ) ) ;
#9157 = VERTEX_POINT ( 'NONE', #843 ) ;
#9158 = ORIENTED_EDGE ( 'NONE', *, *, #6489, .F. ) ;
#9159 = EDGE_CURVE ( 'NONE', #6467, #10790, #1738, .T. ) ;
#9160 = DIRECTION ( 'NONE',  ( -1.000000000000000000, 0.000000000000000000, -3.771137991253918417E-15 ) ) ;
#9161 = CARTESIAN_POINT ( 'NONE',  ( -1.749999999999999112, 0.1999999999999999833, 2.100000000000000977 ) ) ;
#9162 = ORIENTED_EDGE ( 'NONE', *, *, #2507, .F. ) ;
#9163 = CARTESIAN_POINT ( 'NONE',  ( 2.215000000000000746, 0.000000000000000000, -0.1349999999999992595 ) ) ;
#9164 = PRESENTATION_STYLE_ASSIGNMENT (( #5963 ) ) ;
#9165 = DIRECTION ( 'NONE',  ( -1.000000000000000000, 0.000000000000000000, -3.771137991253918417E-15 ) ) ;
#9166 = EDGE_CURVE ( 'NONE', #1786, #237, #4171, .T. ) ;
#9167 = LINE ( 'NONE', #5688, #7637 ) ;
#9168 = ORIENTED_EDGE ( 'NONE', *, *, #1586, .F. ) ;
#9169 = VERTEX_POINT ( 'NONE', #7705 ) ;
#9170 = ORIENTED_EDGE ( 'NONE', *, *, #2647, .F. ) ;
#9171 = VERTEX_POINT ( 'NONE', #136 ) ;
#9172 = MECHANICAL_DESIGN_GEOMETRIC_PRESENTATION_REPRESENTATION (  '', ( #2487 ), #8287 ) ;
#9173 = EDGE_CURVE ( 'NONE', #3880, #7704, #4120, .T. ) ;
#9174 = ORIENTED_EDGE ( 'NONE', *, *, #9400, .F. ) ;
#9175 = ORIENTED_EDGE ( 'NONE', *, *, #8828, .F. ) ;
#9176 = DIRECTION ( 'NONE',  ( 1.000000000000000000, -0.000000000000000000, 7.608436298143888101E-16 ) ) ;
#9177 = CARTESIAN_POINT ( 'NONE',  ( 2.500000000000002220, 0.6614108798023753399, 0.1349999999999999256 ) ) ;
#9178 = DIRECTION ( 'NONE',  ( -1.000000000000000000, 0.000000000000000000, 7.608436298143875282E-16 ) ) ;
#9179 = EDGE_CURVE ( 'NONE', #10251, #5749, #8461, .T. ) ;
#9180 = CARTESIAN_POINT ( 'NONE',  ( 2.215000000000000746, 0.6614108798023753399, -1.250000000000000888 ) ) ;
#9181 = VECTOR ( 'NONE', #7048, 1000.000000000000000 ) ;
#9182 = VERTEX_POINT ( 'NONE', #3286 ) ;
#9183 = CARTESIAN_POINT ( 'NONE',  ( 2.215000000000000746, 0.05000000000000002359, 0.1349999999999988431 ) ) ;
#9184 = EDGE_LOOP ( 'NONE', ( #10229, #9376, #3343, #7913 ) ) ;
#9185 = CARTESIAN_POINT ( 'NONE',  ( 2.499999999999999556, 0.05000000000000000278, -2.500000000000001332 ) ) ;
#9186 = EDGE_CURVE ( 'NONE', #4856, #5617, #1787, .T. ) ;
#9187 = PLANE ( 'NONE',  #3546 ) ;
#9188 = CARTESIAN_POINT ( 'NONE',  ( -1.634999999999999343, 0.1999999999999999833, -2.500000000000001332 ) ) ;
#9189 = VECTOR ( 'NONE', #10020, 1000.000000000000000 ) ;
#9190 = CARTESIAN_POINT ( 'NONE',  ( -2.215000000000000746, 0.6614108798023753399, 1.365000000000000657 ) ) ;
#9191 = DIRECTION ( 'NONE',  ( -1.000000000000000000, 0.000000000000000000, 0.000000000000000000 ) ) ;
#9192 = EDGE_LOOP ( 'NONE', ( #2202, #4830, #1467, #7242 ) ) ;
#9193 = VERTEX_POINT ( 'NONE', #9252 ) ;
#9194 = EDGE_CURVE ( 'NONE', #1992, #10013, #21, .T. ) ;
#9195 = VECTOR ( 'NONE', #6068, 1000.000000000000000 ) ;
#9196 = VERTEX_POINT ( 'NONE', #10191 ) ;
#9197 = AXIS2_PLACEMENT_3D ( 'NONE', #7489, #1571, #899 ) ;
#9198 = VECTOR ( 'NONE', #1446, 1000.000000000000000 ) ;
#9199 = FACE_OUTER_BOUND ( 'NONE', #680, .T. ) ;
#9200 = UNCERTAINTY_MEASURE_WITH_UNIT (LENGTH_MEASURE( 1.000000000000000082E-05 ), #2698, 'distance_accuracy_value', 'NONE');
#9201 = CYLINDRICAL_SURFACE ( 'NONE', #2610, 0.1150000000000000883 ) ;
#9202 = VECTOR ( 'NONE', #2625, 1000.000000000000000 ) ;
#9203 = VECTOR ( 'NONE', #1536, 1000.000000000000000 ) ;
#9204 = CARTESIAN_POINT ( 'NONE',  ( 0.1350000000000007860, 0.6614108798023734526, -2.500000000000001332 ) ) ;
#9205 = CARTESIAN_POINT ( 'NONE',  ( -1.864999999999999325, 0.2000000000000000111, -2.500000000000001332 ) ) ;
#9206 = CARTESIAN_POINT ( 'NONE',  ( -2.215000000000000746, 0.6614108798023753399, -0.2499999999999997780 ) ) ;
#9207 = DIRECTION ( 'NONE',  ( 0.000000000000000000, 0.000000000000000000, 1.000000000000000000 ) ) ;
#9208 = AXIS2_PLACEMENT_3D ( 'NONE', #3620, #1961, #4497 ) ;
#9209 = ORIENTED_EDGE ( 'NONE', *, *, #7898, .T. ) ;
#9210 = VECTOR ( 'NONE', #710, 1000.000000000000000 ) ;
#9211 = EDGE_CURVE ( 'NONE', #9957, #9157, #2632, .T. ) ;
#9212 = VECTOR ( 'NONE', #10436, 1000.000000000000000 ) ;
#9213 = ORIENTED_EDGE ( 'NONE', *, *, #8612, .F. ) ;
#9214 = VECTOR ( 'NONE', #1132, 1000.000000000000000 ) ;
#9215 = CARTESIAN_POINT ( 'NONE',  ( -2.215000000000000746, 0.6614108798023753399, 0.2500000000000002220 ) ) ;
#9216 = ORIENTED_EDGE ( 'NONE', *, *, #5379, .F. ) ;
#9217 = ORIENTED_EDGE ( 'NONE', *, *, #8949, .T. ) ;
#9218 = VECTOR ( 'NONE', #4557, 1000.000000000000000 ) ;
#9219 = LINE ( 'NONE', #9323, #3779 ) ;
#9220 = MECHANICAL_DESIGN_GEOMETRIC_PRESENTATION_REPRESENTATION (  '', ( #933 ), #9040 ) ;
#9221 = LINE ( 'NONE', #5620, #8730 ) ;
#9222 = CARTESIAN_POINT ( 'NONE',  ( 1.750000000000000666, 0.1999999999999999833, -2.215000000000001190 ) ) ;
#9223 = DIRECTION ( 'NONE',  ( 0.000000000000000000, -1.000000000000000000, 0.000000000000000000 ) ) ;
#9224 = CARTESIAN_POINT ( 'NONE',  ( 0.8650000000000007683, 0.04999999999999969746, -2.500000000000001332 ) ) ;
#9225 = AXIS2_PLACEMENT_3D ( 'NONE', #3569, #6948, #10317 ) ;
#9226 = PLANE ( 'NONE',  #3042 ) ;
#9227 = EDGE_CURVE ( 'NONE', #8271, #1075, #223, .T. ) ;
#9228 = EDGE_CURVE ( 'NONE', #5899, #8009, #1182, .T. ) ;
#9229 = AXIS2_PLACEMENT_3D ( 'NONE', #5607, #1475, #3860 ) ;
#9230 = EDGE_LOOP ( 'NONE', ( #1745, #2501, #2776, #9514 ) ) ;
#9231 = CARTESIAN_POINT ( 'NONE',  ( 0.7500000000000008882, 0.2000000000000000111, 2.100000000000000977 ) ) ;
#9232 = ADVANCED_FACE ( 'NONE', ( #6988 ), #3786, .T. ) ;
#9233 = VERTEX_POINT ( 'NONE', #7813 ) ;
#9234 = LINE ( 'NONE', #8503, #3432 ) ;
#9235 = ORIENTED_EDGE ( 'NONE', *, *, #366, .T. ) ;
#9236 =( NAMED_UNIT ( * ) SI_UNIT ( $, .STERADIAN. ) SOLID_ANGLE_UNIT ( ) );
#9237 = CARTESIAN_POINT ( 'NONE',  ( 0.1350000000000005640, 0.2000000000000000111, -2.215000000000001190 ) ) ;
#9238 = AXIS2_PLACEMENT_3D ( 'NONE', #5463, #6843, #7767 ) ;
#9239 = DIRECTION ( 'NONE',  ( 0.000000000000000000, 1.000000000000000000, 0.000000000000000000 ) ) ;
#9240 = PLANE ( 'NONE',  #8144 ) ;
#9241 = PLANE ( 'NONE',  #3389 ) ;
#9242 = VECTOR ( 'NONE', #3884, 1000.000000000000000 ) ;
#9243 = ORIENTED_EDGE ( 'NONE', *, *, #1816, .F. ) ;
#9244 = ORIENTED_EDGE ( 'NONE', *, *, #2035, .T. ) ;
#9245 = EDGE_CURVE ( 'NONE', #9117, #4565, #1448, .T. ) ;
#9246 = AXIS2_PLACEMENT_3D ( 'NONE', #8093, #6048, #10872 ) ;
#9247 = EDGE_CURVE ( 'NONE', #10919, #5735, #10357, .T. ) ;
#9248 =( GEOMETRIC_REPRESENTATION_CONTEXT ( 3 ) GLOBAL_UNCERTAINTY_ASSIGNED_CONTEXT ( ( #2478 ) ) GLOBAL_UNIT_ASSIGNED_CONTEXT ( ( #1553, #8286, #2283 ) ) REPRESENTATION_CONTEXT ( 'NONE', 'WORKASPACE' ) );
#9249 = ORIENTED_EDGE ( 'NONE', *, *, #7170, .T. ) ;
#9250 = DIRECTION ( 'NONE',  ( 0.000000000000000000, 1.000000000000000000, 0.000000000000000000 ) ) ;
#9251 = VERTEX_POINT ( 'NONE', #8678 ) ;
#9252 = CARTESIAN_POINT ( 'NONE',  ( -2.215000000000000746, 0.1999999999999999833, 0.1350000000000000366 ) ) ;
#9253 = CARTESIAN_POINT ( 'NONE',  ( 2.215000000000000746, 0.1999999999999999833, -0.6349999999999992317 ) ) ;
#9254 = DIRECTION ( 'NONE',  ( 0.000000000000000000, 0.000000000000000000, -1.000000000000000000 ) ) ;
#9255 = DIRECTION ( 'NONE',  ( 0.000000000000000000, 0.000000000000000000, -1.000000000000000000 ) ) ;
#9256 = DIRECTION ( 'NONE',  ( 0.000000000000000000, 0.000000000000000000, 1.000000000000000000 ) ) ;
#9257 = ORIENTED_EDGE ( 'NONE', *, *, #5801, .F. ) ;
#9258 = VERTEX_POINT ( 'NONE', #294 ) ;
#9259 = ADVANCED_FACE ( 'NONE', ( #1232 ), #4493, .F. ) ;
#9260 = CARTESIAN_POINT ( 'NONE',  ( -2.500000000000001332, 0.000000000000000000, -0.1349999999999994815 ) ) ;
#9261 = CARTESIAN_POINT ( 'NONE',  ( 2.500000000000001332, 0.1999999999999999833, 0.3650000000000005462 ) ) ;
#9262 = DIRECTION ( 'NONE',  ( 7.608436298143875282E-16, 0.000000000000000000, -1.000000000000000000 ) ) ;
#9263 = DIRECTION ( 'NONE',  ( -0.000000000000000000, -1.000000000000000000, -0.000000000000000000 ) ) ;
#9264 = CARTESIAN_POINT ( 'NONE',  ( -2.500000000000002220, 0.6614108798023753399, -0.3650000000000001021 ) ) ;
#9265 = DIRECTION ( 'NONE',  ( 0.000000000000000000, 0.000000000000000000, 1.000000000000000000 ) ) ;
#9266 = DIRECTION ( 'NONE',  ( 0.000000000000000000, 0.000000000000000000, 1.000000000000000000 ) ) ;
#9267 = ORIENTED_EDGE ( 'NONE', *, *, #5290, .F. ) ;
#9268 = EDGE_LOOP ( 'NONE', ( #4787, #1247, #5689, #1160 ) ) ;
#9269 = AXIS2_PLACEMENT_3D ( 'NONE', #10358, #9741, #347 ) ;
#9270 = CARTESIAN_POINT ( 'NONE',  ( 1.750000000000000888, 0.04999999999999999584, 2.100000000000000977 ) ) ;
#9271 = ORIENTED_EDGE ( 'NONE', *, *, #2139, .F. ) ;
#9272 = DIRECTION ( 'NONE',  ( 0.000000000000000000, -1.000000000000000000, 0.000000000000000000 ) ) ;
#9273 = DIRECTION ( 'NONE',  ( -7.608436298143888101E-16, 0.000000000000000000, -1.000000000000000000 ) ) ;
#9274 = CARTESIAN_POINT ( 'NONE',  ( 2.500000000000002220, 0.000000000000000000, -0.8650000000000001021 ) ) ;
#9275 = PLANE ( 'NONE',  #924 ) ;
#9276 = CARTESIAN_POINT ( 'NONE',  ( -2.500000000000002220, 0.6614108798023753399, 0.6349999999999998979 ) ) ;
#9277 = VECTOR ( 'NONE', #9098, 1000.000000000000000 ) ;
#9278 = LINE ( 'NONE', #7016, #9758 ) ;
#9279 = EDGE_CURVE ( 'NONE', #4214, #2203, #2022, .T. ) ;
#9280 = ORIENTED_EDGE ( 'NONE', *, *, #6300, .T. ) ;
#9281 = DIRECTION ( 'NONE',  ( -0.000000000000000000, -1.000000000000000000, -0.000000000000000000 ) ) ;
#9282 = VERTEX_POINT ( 'NONE', #2788 ) ;
#9283 = CIRCLE ( 'NONE', #6470, 0.2500000000000000000 ) ;
#9284 = ORIENTED_EDGE ( 'NONE', *, *, #1260, .T. ) ;
#9285 = CARTESIAN_POINT ( 'NONE',  ( -2.215000000000000746, 0.1999999999999999833, -1.134999999999999343 ) ) ;
#9286 = FACE_OUTER_BOUND ( 'NONE', #10566, .T. ) ;
#9287 = FACE_OUTER_BOUND ( 'NONE', #6877, .T. ) ;
#9288 = EDGE_CURVE ( 'NONE', #9793, #1285, #2681, .T. ) ;
#9289 = ADVANCED_FACE ( 'NONE', ( #9469 ), #5208, .T. ) ;
#9290 = DIRECTION ( 'NONE',  ( 0.000000000000000000, 0.000000000000000000, -1.000000000000000000 ) ) ;
#9291 = FACE_OUTER_BOUND ( 'NONE', #9122, .T. ) ;
#9292 = DIRECTION ( 'NONE',  ( 0.000000000000000000, -1.000000000000000000, 0.000000000000000000 ) ) ;
#9293 = EDGE_LOOP ( 'NONE', ( #8389, #4029, #7726, #7700 ) ) ;
#9294 = EDGE_CURVE ( 'NONE', #4793, #7631, #6106, .T. ) ;
#9295 = EDGE_CURVE ( 'NONE', #9141, #1170, #1125, .T. ) ;
#9296 = EDGE_LOOP ( 'NONE', ( #7741, #9624, #6606, #3833 ) ) ;
#9297 = LINE ( 'NONE', #3550, #6779 ) ;
#9298 = ORIENTED_EDGE ( 'NONE', *, *, #4536, .F. ) ;
#9299 = DIRECTION ( 'NONE',  ( 1.521687259628770718E-15, 0.000000000000000000, 1.000000000000000000 ) ) ;
#9300 = DIRECTION ( 'NONE',  ( 0.000000000000000000, 0.000000000000000000, 1.000000000000000000 ) ) ;
#9301 = EDGE_CURVE ( 'NONE', #9258, #4684, #8572, .T. ) ;
#9302 = LINE ( 'NONE', #1740, #1481 ) ;
#9303 = AXIS2_PLACEMENT_3D ( 'NONE', #9362, #854, #7548 ) ;
#9304 = DIRECTION ( 'NONE',  ( -0.000000000000000000, -1.000000000000000000, -0.000000000000000000 ) ) ;
#9305 = EDGE_CURVE ( 'NONE', #4110, #3037, #4379, .T. ) ;
#9306 = CARTESIAN_POINT ( 'NONE',  ( -1.749999999999999334, 0.2000000000000000111, -2.215000000000001190 ) ) ;
#9307 = EDGE_LOOP ( 'NONE', ( #9044, #560, #652, #10469 ) ) ;
#9308 = ORIENTED_EDGE ( 'NONE', *, *, #5770, .F. ) ;
#9309 = AXIS2_PLACEMENT_3D ( 'NONE', #232, #125, #6818 ) ;
#9310 = DIRECTION ( 'NONE',  ( 1.000000000000000000, 0.000000000000000000, -1.521687259628770718E-15 ) ) ;
#9311 = CARTESIAN_POINT ( 'NONE',  ( -2.215000000000000746, 0.05000000000000002359, -1.134999999999999343 ) ) ;
#9312 = UNCERTAINTY_MEASURE_WITH_UNIT (LENGTH_MEASURE( 1.000000000000000082E-05 ), #6974, 'distance_accuracy_value', 'NONE');
#9313 = DIRECTION ( 'NONE',  ( 0.000000000000000000, 0.000000000000000000, 1.000000000000000000 ) ) ;
#9314 = CARTESIAN_POINT ( 'NONE',  ( -2.500000000000001332, 0.6614108798023753399, 1.365000000000000435 ) ) ;
#9315 = DIRECTION ( 'NONE',  ( 3.771137991253918417E-15, 0.000000000000000000, -1.000000000000000000 ) ) ;
#9316 = CARTESIAN_POINT ( 'NONE',  ( -1.249999999999999112, 0.6614108798023734526, 2.215000000000001190 ) ) ;
#9317 = EDGE_CURVE ( 'NONE', #8732, #9077, #1957, .T. ) ;
#9318 = CARTESIAN_POINT ( 'NONE',  ( -2.500000000000002220, 0.6614108798023753399, 0.1349999999999999256 ) ) ;
#9319 = VERTEX_POINT ( 'NONE', #3669 ) ;
#9320 = ORIENTED_EDGE ( 'NONE', *, *, #2263, .T. ) ;
#9321 = DIRECTION ( 'NONE',  ( 0.000000000000000000, 0.000000000000000000, -1.000000000000000000 ) ) ;
#9322 = ORIENTED_EDGE ( 'NONE', *, *, #583, .T. ) ;
#9323 = CARTESIAN_POINT ( 'NONE',  ( 2.499999999999999556, 0.05000000000000000278, 2.499999999999998668 ) ) ;
#9324 = FACE_OUTER_BOUND ( 'NONE', #4003, .T. ) ;
#9325 = ADVANCED_FACE ( 'NONE', ( #7037 ), #10470, .T. ) ;
#9326 = DIRECTION ( 'NONE',  ( 0.000000000000000000, 0.000000000000000000, 1.000000000000000000 ) ) ;
#9327 = DIRECTION ( 'NONE',  ( 0.000000000000000000, 0.000000000000000000, -1.000000000000000000 ) ) ;
#9328 = DIRECTION ( 'NONE',  ( -3.771137991253918417E-15, 0.000000000000000000, 1.000000000000000000 ) ) ;
#9329 = DIRECTION ( 'NONE',  ( 0.000000000000000000, -1.000000000000000000, 0.000000000000000000 ) ) ;
#9330 = LINE ( 'NONE', #7783, #6932 ) ;
#9331 = ORIENTED_EDGE ( 'NONE', *, *, #2140, .T. ) ;
#9332 = EDGE_CURVE ( 'NONE', #7292, #2104, #3721, .T. ) ;
#9333 = ORIENTED_EDGE ( 'NONE', *, *, #7760, .F. ) ;
#9334 = DIRECTION ( 'NONE',  ( 0.000000000000000000, -1.000000000000000000, 0.000000000000000000 ) ) ;
#9335 = ORIENTED_EDGE ( 'NONE', *, *, #6176, .F. ) ;
#9336 = DIRECTION ( 'NONE',  ( 0.000000000000000000, -1.000000000000000000, 0.000000000000000000 ) ) ;
#9337 = ORIENTED_EDGE ( 'NONE', *, *, #8697, .F. ) ;
#9338 = FILL_AREA_STYLE ('',( #10858 ) ) ;
#9339 = EDGE_LOOP ( 'NONE', ( #8408, #8232, #8195, #4200 ) ) ;
#9340 = CARTESIAN_POINT ( 'NONE',  ( -0.6349999999999992317, 0.04999999999999969746, 2.500000000000001332 ) ) ;
#9341 = DIRECTION ( 'NONE',  ( 0.000000000000000000, -0.000000000000000000, 1.000000000000000000 ) ) ;
#9342 = DIRECTION ( 'NONE',  ( 0.000000000000000000, 0.000000000000000000, 1.000000000000000000 ) ) ;
#9343 = LINE ( 'NONE', #6873, #6222 ) ;
#9344 = DIRECTION ( 'NONE',  ( 0.000000000000000000, -1.000000000000000000, 0.000000000000000000 ) ) ;
#9345 = EDGE_LOOP ( 'NONE', ( #10806, #9999, #7355, #602 ) ) ;
#9346 = EDGE_CURVE ( 'NONE', #2727, #5614, #2741, .T. ) ;
#9347 = ORIENTED_EDGE ( 'NONE', *, *, #7590, .F. ) ;
#9348 = CARTESIAN_POINT ( 'NONE',  ( 2.500000000000001332, 0.6614108798023753399, -0.1349999999999994815 ) ) ;
#9349 = ORIENTED_EDGE ( 'NONE', *, *, #6503, .T. ) ;
#9350 = EDGE_CURVE ( 'NONE', #10121, #4761, #3948, .T. ) ;
#9351 = CARTESIAN_POINT ( 'NONE',  ( 0.6350000000000007860, 0.2000000000000000111, 2.500000000000001332 ) ) ;
#9352 = FACE_OUTER_BOUND ( 'NONE', #2661, .T. ) ;
#9353 = LINE ( 'NONE', #6655, #9066 ) ;
#9354 = FACE_OUTER_BOUND ( 'NONE', #538, .T. ) ;
#9355 = DIRECTION ( 'NONE',  ( -1.000000000000000000, 0.000000000000000000, -0.000000000000000000 ) ) ;
#9356 = EDGE_CURVE ( 'NONE', #1065, #690, #1335, .T. ) ;
#9357 = VERTEX_POINT ( 'NONE', #2341 ) ;
#9358 = CARTESIAN_POINT ( 'NONE',  ( 1.365000000000000657, 0.6614108798023734526, 2.500000000000001332 ) ) ;
#9359 = AXIS2_PLACEMENT_3D ( 'NONE', #7643, #5977, #9342 ) ;
#9360 = ADVANCED_FACE ( 'NONE', ( #670 ), #6323, .F. ) ;
#9361 = CARTESIAN_POINT ( 'NONE',  ( -2.215000000000000746, 0.6614108798023753399, -1.864999999999999991 ) ) ;
#9362 = CARTESIAN_POINT ( 'NONE',  ( 0.3650000000000007683, 0.6614108798023734526, -2.500000000000001332 ) ) ;
#9363 = DIRECTION ( 'NONE',  ( 0.000000000000000000, 0.000000000000000000, -1.000000000000000000 ) ) ;
#9364 = CARTESIAN_POINT ( 'NONE',  ( 0.1350000000000005640, 0.000000000000000000, 2.215000000000001190 ) ) ;
#9365 = CARTESIAN_POINT ( 'NONE',  ( -0.7499999999999993339, 0.000000000000000000, -2.215000000000001190 ) ) ;
#9366 = VECTOR ( 'NONE', #2756, 1000.000000000000000 ) ;
#9367 = LINE ( 'NONE', #1199, #10613 ) ;
#9368 = AXIS2_PLACEMENT_3D ( 'NONE', #7425, #10586, #6490 ) ;
#9369 = VERTEX_POINT ( 'NONE', #4703 ) ;
#9370 = EDGE_CURVE ( 'NONE', #3785, #9478, #1820, .T. ) ;
#9371 = AXIS2_PLACEMENT_3D ( 'NONE', #8512, #5140, #7579 ) ;
#9372 = AXIS2_PLACEMENT_3D ( 'NONE', #4000, #7364, #8129 ) ;
#9373 = ADVANCED_FACE ( 'NONE', ( #4051 ), #6427, .F. ) ;
#9374 = CARTESIAN_POINT ( 'NONE',  ( 8.635575198393279931E-16, 0.05000000000000000278, -1.134999999999997566 ) ) ;
#9375 = AXIS2_PLACEMENT_3D ( 'NONE', #4790, #2265, #7390 ) ;
#9376 = ORIENTED_EDGE ( 'NONE', *, *, #3930, .T. ) ;
#9377 = CARTESIAN_POINT ( 'NONE',  ( 0.7500000000000006661, 0.04999999999999999584, -2.215000000000001190 ) ) ;
#9378 = DIRECTION ( 'NONE',  ( 0.000000000000000000, 0.000000000000000000, 1.000000000000000000 ) ) ;
#9379 = CARTESIAN_POINT ( 'NONE',  ( -0.1349999999999992595, 0.2000000000000000111, -2.500000000000001332 ) ) ;
#9380 = FILL_AREA_STYLE_COLOUR ( '', #8801 ) ;
#9381 = AXIS2_PLACEMENT_3D ( 'NONE', #478, #2760, #10325 ) ;
#9382 = CARTESIAN_POINT ( 'NONE',  ( 2.500000000000001332, 0.1999999999999999833, 0.3650000000000005462 ) ) ;
#9383 = PLANE ( 'NONE',  #9021 ) ;
#9384 = CIRCLE ( 'NONE', #3036, 0.1150000000000000883 ) ;
#9385 = AXIS2_PLACEMENT_3D ( 'NONE', #2815, #7781, #1210 ) ;
#9386 = DIRECTION ( 'NONE',  ( 0.000000000000000000, -0.000000000000000000, -1.000000000000000000 ) ) ;
#9387 = AXIS2_PLACEMENT_3D ( 'NONE', #5912, #4309, #9386 ) ;
#9388 = ORIENTED_EDGE ( 'NONE', *, *, #3855, .F. ) ;
#9389 = EDGE_CURVE ( 'NONE', #766, #1216, #7250, .T. ) ;
#9390 = VECTOR ( 'NONE', #4664, 1000.000000000000000 ) ;
#9391 = EDGE_LOOP ( 'NONE', ( #5571, #4807, #5456, #2414 ) ) ;
#9392 = DIRECTION ( 'NONE',  ( -0.000000000000000000, -1.000000000000000000, -0.000000000000000000 ) ) ;
#9393 = AXIS2_PLACEMENT_3D ( 'NONE', #2311, #8875, #2978 ) ;
#9394 = ORIENTED_EDGE ( 'NONE', *, *, #4405, .F. ) ;
#9395 = SURFACE_SIDE_STYLE ('',( #2664 ) ) ;
#9396 = MANIFOLD_SOLID_BREP ( 'Boss-Extrude2[2]', #9145 ) ;
#9397 = CIRCLE ( 'NONE', #1638, 0.1150000000000000883 ) ;
#9398 = ORIENTED_EDGE ( 'NONE', *, *, #9976, .T. ) ;
#9399 = FILL_AREA_STYLE ('',( #4535 ) ) ;
#9400 = EDGE_CURVE ( 'NONE', #1170, #8571, #4282, .T. ) ;
#9401 = ORIENTED_EDGE ( 'NONE', *, *, #6870, .F. ) ;
#9402 = LINE ( 'NONE', #1054, #3849 ) ;
#9403 = DIRECTION ( 'NONE',  ( -1.000000000000000000, 0.000000000000000000, 0.000000000000000000 ) ) ;
#9404 = LINE ( 'NONE', #1056, #6547 ) ;
#9405 = LINE ( 'NONE', #2891, #3562 ) ;
#9406 = CARTESIAN_POINT ( 'NONE',  ( -1.634999999999999343, 0.04999999999999999584, -2.215000000000001190 ) ) ;
#9407 = AXIS2_PLACEMENT_3D ( 'NONE', #2936, #8818, #1271 ) ;
#9409 = ORIENTED_EDGE ( 'NONE', *, *, #1212, .F. ) ;
#9408 = COLOUR_RGB ( '',0.7921568627450980005, 0.8196078431372548767, 0.9333333333333333481 ) ;
#9410 = VECTOR ( 'NONE', #1998, 1000.000000000000000 ) ;
#9411 = VERTEX_POINT ( 'NONE', #2121 ) ;
#9412 = VECTOR ( 'NONE', #7794, 1000.000000000000000 ) ;
#9413 = CARTESIAN_POINT ( 'NONE',  ( 2.500000000000002220, 0.000000000000000000, -1.365000000000000213 ) ) ;
#9414 = ORIENTED_EDGE ( 'NONE', *, *, #10247, .T. ) ;
#9415 = DIRECTION ( 'NONE',  ( -1.521687259628770718E-15, 0.000000000000000000, 1.000000000000000000 ) ) ;
#9416 = VECTOR ( 'NONE', #4622, 1000.000000000000000 ) ;
#9417 = CARTESIAN_POINT ( 'NONE',  ( -0.1349999999999992595, 0.2000000000000000111, -2.215000000000001190 ) ) ;
#9418 = CARTESIAN_POINT ( 'NONE',  ( -2.500000000000002220, 0.6614108798023753399, -0.8650000000000001021 ) ) ;
#9419 = DIRECTION ( 'NONE',  ( -1.000000000000000000, 0.000000000000000000, 1.521687259628770718E-15 ) ) ;
#9420 = DIRECTION ( 'NONE',  ( 1.000000000000000000, -0.000000000000000000, 7.608436298143875282E-16 ) ) ;
#9421 = ORIENTED_EDGE ( 'NONE', *, *, #8457, .T. ) ;
#9422 = AXIS2_PLACEMENT_3D ( 'NONE', #99, #8538, #8276 ) ;
#9423 = AXIS2_PLACEMENT_3D ( 'NONE', #735, #4882, #8138 ) ;
#9424 = ORIENTED_EDGE ( 'NONE', *, *, #9294, .F. ) ;
#9425 = DIRECTION ( 'NONE',  ( 1.000000000000000000, 0.000000000000000000, -7.608436298143888101E-16 ) ) ;
#9426 = CARTESIAN_POINT ( 'NONE',  ( 0.8650000000000007683, 0.000000000000000000, 2.500000000000001332 ) ) ;
#9427 = PRODUCT_DEFINITION_CONTEXT ( 'detailed design', #6018, 'design' ) ;
#9428 = DIRECTION ( 'NONE',  ( 0.000000000000000000, 1.000000000000000000, 0.000000000000000000 ) ) ;
#9429 =( LENGTH_UNIT ( ) NAMED_UNIT ( * ) SI_UNIT ( .MILLI., .METRE. ) );
#9430 = CARTESIAN_POINT ( 'NONE',  ( 2.500000000000002220, 0.1999999999999999833, 1.635000000000000009 ) ) ;
#9431 = PLANE ( 'NONE',  #4612 ) ;
#9432 = EDGE_CURVE ( 'NONE', #7685, #4565, #621, .T. ) ;
#9433 = EDGE_CURVE ( 'NONE', #701, #3795, #8840, .T. ) ;
#9434 = CARTESIAN_POINT ( 'NONE',  ( -1.634999999999999343, 0.1999999999999996503, -1.749999999999999334 ) ) ;
#9435 = ADVANCED_FACE ( 'NONE', ( #5633 ), #4752, .F. ) ;
#9436 = VERTEX_POINT ( 'NONE', #460 ) ;
#9437 = MANIFOLD_SOLID_BREP ( 'LPattern3[10]', #1564 ) ;
#9438 = DIRECTION ( 'NONE',  ( 7.608436298143888101E-16, 0.000000000000000000, -1.000000000000000000 ) ) ;
#9439 = EDGE_LOOP ( 'NONE', ( #4879, #10588, #10162, #6599 ) ) ;
#9440 = FACE_OUTER_BOUND ( 'NONE', #3698, .T. ) ;
#9441 = DIRECTION ( 'NONE',  ( 0.000000000000000000, -0.000000000000000000, 1.000000000000000000 ) ) ;
#9442 = CARTESIAN_POINT ( 'NONE',  ( 1.865000000000000879, 0.04999999999999969746, 2.500000000000001332 ) ) ;
#9443 = DIRECTION ( 'NONE',  ( -0.000000000000000000, -0.000000000000000000, -1.000000000000000000 ) ) ;
#9444 = CARTESIAN_POINT ( 'NONE',  ( -2.500000000000002220, 0.1999999999999999833, 1.135000000000000009 ) ) ;
#9445 = DIRECTION ( 'NONE',  ( 7.608436298143888101E-16, -0.000000000000000000, 1.000000000000000000 ) ) ;
#9446 = CARTESIAN_POINT ( 'NONE',  ( -2.500000000000001332, 0.6614108798023753399, 1.865000000000000657 ) ) ;
#9447 = EDGE_CURVE ( 'NONE', #2203, #2549, #4103, .T. ) ;
#9448 = AXIS2_PLACEMENT_3D ( 'NONE', #6592, #3888, #1503 ) ;
#9449 = ORIENTED_EDGE ( 'NONE', *, *, #1795, .T. ) ;
#9450 = ORIENTED_EDGE ( 'NONE', *, *, #2728, .T. ) ;
#9451 = FACE_OUTER_BOUND ( 'NONE', #5632, .T. ) ;
#9452 = ORIENTED_EDGE ( 'NONE', *, *, #6416, .T. ) ;
#9453 = ORIENTED_EDGE ( 'NONE', *, *, #2653, .T. ) ;
#9454 = CARTESIAN_POINT ( 'NONE',  ( 0.3650000000000007683, 0.2000000000000000111, -2.215000000000001190 ) ) ;
#9455 = EDGE_LOOP ( 'NONE', ( #7291, #3720, #9631, #9675 ) ) ;
#9456 = AXIS2_PLACEMENT_3D ( 'NONE', #5344, #9618, #8704 ) ;
#9457 = ORIENTED_EDGE ( 'NONE', *, *, #2755, .F. ) ;
#9458 = DIRECTION ( 'NONE',  ( 0.000000000000000000, 1.000000000000000000, 0.000000000000000000 ) ) ;
#9459 = VECTOR ( 'NONE', #4862, 1000.000000000000000 ) ;
#9460 = PLANE ( 'NONE',  #5215 ) ;
#9461 = DIRECTION ( 'NONE',  ( -0.000000000000000000, -1.000000000000000000, -0.000000000000000000 ) ) ;
#9462 = CARTESIAN_POINT ( 'NONE',  ( -2.215000000000000746, 0.6614108798023753399, -0.6349999999999992317 ) ) ;
#9463 = CARTESIAN_POINT ( 'NONE',  ( -1.749999999999999334, 0.1999999999999999833, -2.215000000000001190 ) ) ;
#9464 = VERTEX_POINT ( 'NONE', #3839 ) ;
#9465 = EDGE_CURVE ( 'NONE', #10772, #153, #3941, .T. ) ;
#9466 = EDGE_LOOP ( 'NONE', ( #8721, #3138, #3976, #10614 ) ) ;
#9467 = LINE ( 'NONE', #5090, #6421 ) ;
#9468 = ORIENTED_EDGE ( 'NONE', *, *, #5801, .T. ) ;
#9469 = FACE_OUTER_BOUND ( 'NONE', #4594, .T. ) ;
#9470 = CARTESIAN_POINT ( 'NONE',  ( -2.215000000000000746, 0.000000000000000000, 0.7500000000000002220 ) ) ;
#9471 = CARTESIAN_POINT ( 'NONE',  ( -1.134999999999999343, 0.1999999999999999833, -2.215000000000001190 ) ) ;
#9472 = DIRECTION ( 'NONE',  ( 1.000000000000000000, 0.000000000000000000, -3.771137991253918417E-15 ) ) ;
#9473 = EDGE_CURVE ( 'NONE', #2879, #5297, #720, .T. ) ;
#9474 = DIRECTION ( 'NONE',  ( 0.000000000000000000, 0.000000000000000000, 1.000000000000000000 ) ) ;
#9475 = AXIS2_PLACEMENT_3D ( 'NONE', #6854, #5845, #3477 ) ;
#9476 = DIRECTION ( 'NONE',  ( 0.000000000000000000, 0.000000000000000000, -1.000000000000000000 ) ) ;
#9477 = ORIENTED_EDGE ( 'NONE', *, *, #4435, .F. ) ;
#9478 = VERTEX_POINT ( 'NONE', #4158 ) ;
#9479 = AXIS2_PLACEMENT_3D ( 'NONE', #7108, #5331, #2086 ) ;
#9480 = LINE ( 'NONE', #305, #4983 ) ;
#9481 = CARTESIAN_POINT ( 'NONE',  ( -1.749999999999999334, 0.2000000000000000111, -2.215000000000001190 ) ) ;
#9482 = FACE_OUTER_BOUND ( 'NONE', #5902, .T. ) ;
#9483 = ADVANCED_FACE ( 'NONE', ( #7575 ), #2619, .F. ) ;
#9484 = FILL_AREA_STYLE_COLOUR ( '', #7836 ) ;
#9485 = PLANE ( 'NONE',  #546 ) ;
#9486 = DIRECTION ( 'NONE',  ( -3.771137991253918417E-15, 0.000000000000000000, -1.000000000000000000 ) ) ;
#9487 = AXIS2_PLACEMENT_3D ( 'NONE', #391, #10512, #9727 ) ;
#9488 = VERTEX_POINT ( 'NONE', #4203 ) ;
#9489 = MANIFOLD_SOLID_BREP ( 'LPattern3[7]', #1035 ) ;
#9490 = EDGE_CURVE ( 'NONE', #5265, #172, #6817, .T. ) ;
#9491 = DIRECTION ( 'NONE',  ( 0.000000000000000000, 0.000000000000000000, 1.000000000000000000 ) ) ;
#9492 = ORIENTED_EDGE ( 'NONE', *, *, #524, .F. ) ;
#9493 = EDGE_CURVE ( 'NONE', #7392, #2049, #6944, .T. ) ;
#9494 = LINE ( 'NONE', #6178, #5527 ) ;
#9495 = DIRECTION ( 'NONE',  ( 1.000000000000000000, -0.000000000000000000, 1.521687259628770718E-15 ) ) ;
#9496 = VECTOR ( 'NONE', #1184, 1000.000000000000000 ) ;
#9497 = EDGE_CURVE ( 'NONE', #7367, #1647, #73, .T. ) ;
#9498 = CYLINDRICAL_SURFACE ( 'NONE', #3472, 0.1150000000000000883 ) ;
#9499 = CARTESIAN_POINT ( 'NONE',  ( 2.215000000000000746, 0.05000000000000002359, -0.8650000000000012124 ) ) ;
#9500 = DIRECTION ( 'NONE',  ( -1.521687259628770718E-15, 0.000000000000000000, 1.000000000000000000 ) ) ;
#9501 = DIRECTION ( 'NONE',  ( 0.000000000000000000, -1.000000000000000000, 0.000000000000000000 ) ) ;
#9502 = ORIENTED_EDGE ( 'NONE', *, *, #4329, .T. ) ;
#9503 = DIRECTION ( 'NONE',  ( 0.000000000000000000, 1.000000000000000000, -0.000000000000000000 ) ) ;
#9504 = ORIENTED_EDGE ( 'NONE', *, *, #8601, .F. ) ;
#9505 = EDGE_CURVE ( 'NONE', #4396, #7906, #6591, .T. ) ;
#9506 = ORIENTED_EDGE ( 'NONE', *, *, #8427, .F. ) ;
#9507 = DIRECTION ( 'NONE',  ( -0.000000000000000000, -1.000000000000000000, -0.000000000000000000 ) ) ;
#9508 = ORIENTED_EDGE ( 'NONE', *, *, #8216, .F. ) ;
#9509 = ORIENTED_EDGE ( 'NONE', *, *, #4564, .F. ) ;
#9510 = SURFACE_STYLE_FILL_AREA ( #2883 ) ;
#9511 = MANIFOLD_SOLID_BREP ( 'LPattern3[8]', #7215 ) ;
#9512 = ORIENTED_EDGE ( 'NONE', *, *, #6, .F. ) ;
#9513 = DIRECTION ( 'NONE',  ( -0.000000000000000000, -1.000000000000000000, 0.000000000000000000 ) ) ;
#9514 = ORIENTED_EDGE ( 'NONE', *, *, #6433, .F. ) ;
#9515 = DIRECTION ( 'NONE',  ( 7.608436298143888101E-16, 0.000000000000000000, -1.000000000000000000 ) ) ;
#9516 = LINE ( 'NONE', #8661, #9459 ) ;
#9517 = CLOSED_SHELL ( 'NONE', ( #6471, #6145, #569, #2660, #1440, #7481 ) ) ;
#9518 = CARTESIAN_POINT ( 'NONE',  ( -2.500000000000001332, 0.04999999999999969746, -0.1349999999999994815 ) ) ;
#9519 = LINE ( 'NONE', #6151, #8834 ) ;
#9520 = DIRECTION ( 'NONE',  ( 0.000000000000000000, -1.000000000000000000, 0.000000000000000000 ) ) ;
#9521 = ORIENTED_EDGE ( 'NONE', *, *, #10787, .T. ) ;
#9522 = EDGE_CURVE ( 'NONE', #2825, #7388, #8507, .T. ) ;
#9523 = ORIENTED_EDGE ( 'NONE', *, *, #1472, .F. ) ;
#9524 = LINE ( 'NONE', #10137, #2023 ) ;
#9525 = EDGE_CURVE ( 'NONE', #10136, #8669, #4128, .T. ) ;
#9526 = ORIENTED_EDGE ( 'NONE', *, *, #1402, .F. ) ;
#9527 = DIRECTION ( 'NONE',  ( -7.608436298143888101E-16, 0.000000000000000000, -1.000000000000000000 ) ) ;
#9528 = CARTESIAN_POINT ( 'NONE',  ( 2.499999999999999556, 0.05000000000000000278, 2.499999999999998668 ) ) ;
#9529 = CARTESIAN_POINT ( 'NONE',  ( 0.1350000000000007860, 0.2000000000000000111, 2.500000000000001332 ) ) ;
#9530 = DIRECTION ( 'NONE',  ( 0.000000000000000000, -1.000000000000000000, 0.000000000000000000 ) ) ;
#9531 = DIRECTION ( 'NONE',  ( 0.000000000000000000, -1.000000000000000000, 0.000000000000000000 ) ) ;
#9532 = LINE ( 'NONE', #1021, #3936 ) ;
#9533 = ORIENTED_EDGE ( 'NONE', *, *, #8557, .T. ) ;
#9534 = ADVANCED_FACE ( 'NONE', ( #1052 ), #3654, .F. ) ;
#9535 = ORIENTED_EDGE ( 'NONE', *, *, #7896, .T. ) ;
#9536 = CARTESIAN_POINT ( 'NONE',  ( -1.864999999999999547, 0.05000000000000000278, 2.499999999999999556 ) ) ;
#9537 = CARTESIAN_POINT ( 'NONE',  ( 2.500000000000002220, 0.6614108798023753399, -0.3650000000000001021 ) ) ;
#9538 = LINE ( 'NONE', #2799, #1718 ) ;
#9539 = STYLED_ITEM ( 'NONE', ( #9164 ), #2228 ) ;
#9540 = SURFACE_STYLE_USAGE ( .BOTH. , #10370 ) ;
#9541 = EDGE_CURVE ( 'NONE', #7502, #5745, #4316, .T. ) ;
#9542 = PLANE ( 'NONE',  #4255 ) ;
#9543 = FACE_OUTER_BOUND ( 'NONE', #6253, .T. ) ;
#9544 = ORIENTED_EDGE ( 'NONE', *, *, #4928, .F. ) ;
#9545 = MANIFOLD_SOLID_BREP ( 'LPattern4[11]', #5613 ) ;
#9546 = VECTOR ( 'NONE', #2243, 1000.000000000000000 ) ;
#9547 = CARTESIAN_POINT ( 'NONE',  ( 2.500000000000002220, 0.1999999999999999833, -0.8650000000000001021 ) ) ;
#9548 = CYLINDRICAL_SURFACE ( 'NONE', #10116, 0.1150000000000000883 ) ;
#9549 = CARTESIAN_POINT ( 'NONE',  ( 2.215000000000000746, 0.000000000000000000, -0.2500000000000008882 ) ) ;
#9550 = CARTESIAN_POINT ( 'NONE',  ( 2.500000000000002220, 0.04999999999999969746, 1.635000000000000009 ) ) ;
#9551 =( NAMED_UNIT ( * ) PLANE_ANGLE_UNIT ( ) SI_UNIT ( $, .RADIAN. ) );
#9552 = DIRECTION ( 'NONE',  ( 1.000000000000000000, -0.000000000000000000, 7.608436298143876268E-16 ) ) ;
#9553 = ORIENTED_EDGE ( 'NONE', *, *, #6839, .F. ) ;
#9554 = LINE ( 'NONE', #7061, #5671 ) ;
#9555 = AXIS2_PLACEMENT_3D ( 'NONE', #9967, #7578, #9290 ) ;
#9556 = EDGE_CURVE ( 'NONE', #1120, #7615, #1944, .T. ) ;
#9557 = VECTOR ( 'NONE', #1130, 1000.000000000000000 ) ;
#9558 = ORIENTED_EDGE ( 'NONE', *, *, #7501, .F. ) ;
#9559 = CARTESIAN_POINT ( 'NONE',  ( 0.1350000000000007860, 0.000000000000000000, -2.500000000000001332 ) ) ;
#9560 = CIRCLE ( 'NONE', #893, 0.1150000000000001993 ) ;
#9561 = VERTEX_POINT ( 'NONE', #6196 ) ;
#9562 = DIRECTION ( 'NONE',  ( 0.000000000000000000, 0.000000000000000000, 1.000000000000000000 ) ) ;
#9563 = ORIENTED_EDGE ( 'NONE', *, *, #1356, .T. ) ;
#9564 = VECTOR ( 'NONE', #8867, 1000.000000000000000 ) ;
#9565 = MANIFOLD_SOLID_BREP ( 'LPattern4[5]', #5800 ) ;
#9566 = VECTOR ( 'NONE', #2624, 1000.000000000000000 ) ;
#9567 = LINE ( 'NONE', #8719, #7746 ) ;
#9568 = PLANE ( 'NONE',  #2720 ) ;
#9569 = VERTEX_POINT ( 'NONE', #1323 ) ;
#9570 = CYLINDRICAL_SURFACE ( 'NONE', #8948, 0.1150000000000000883 ) ;
#9571 = CARTESIAN_POINT ( 'NONE',  ( 1.635000000000000231, 5.149747468305832854, -1.749999999999998446 ) ) ;
#9572 = VECTOR ( 'NONE', #4757, 1000.000000000000000 ) ;
#9573 = CARTESIAN_POINT ( 'NONE',  ( -1.864999999999999547, 0.04999999999999999584, -2.215000000000001190 ) ) ;
#9574 = DIRECTION ( 'NONE',  ( 0.000000000000000000, -0.000000000000000000, 1.000000000000000000 ) ) ;
#9575 = AXIS2_PLACEMENT_3D ( 'NONE', #2913, #8590, #1239 ) ;
#9576 = CARTESIAN_POINT ( 'NONE',  ( 0.1350000000000007860, 0.000000000000000000, -2.500000000000001332 ) ) ;
#9577 = ADVANCED_FACE ( 'NONE', ( #3770 ), #9568, .F. ) ;
#9578 = ADVANCED_FACE ( 'NONE', ( #3874 ), #10559, .T. ) ;
#9579 = ORIENTED_EDGE ( 'NONE', *, *, #985, .F. ) ;
#9580 = AXIS2_PLACEMENT_3D ( 'NONE', #6770, #9299, #10139 ) ;
#9581 = AXIS2_PLACEMENT_3D ( 'NONE', #4963, #9165, #9328 ) ;
#9582 = CIRCLE ( 'NONE', #7806, 0.1150000000000002964 ) ;
#9583 = VECTOR ( 'NONE', #4554, 1000.000000000000000 ) ;
#9584 = ORIENTED_EDGE ( 'NONE', *, *, #9541, .T. ) ;
#9585 = CARTESIAN_POINT ( 'NONE',  ( -2.054277800498897060E-16, 0.05000000000000000278, 0.1350000000000037281 ) ) ;
#9586 = ORIENTED_EDGE ( 'NONE', *, *, #9657, .T. ) ;
#9587 = CARTESIAN_POINT ( 'NONE',  ( 2.500000000000002220, 0.6614108798023753399, 1.135000000000000009 ) ) ;
#9588 = LINE ( 'NONE', #1958, #3096 ) ;
#9589 =( GEOMETRIC_REPRESENTATION_CONTEXT ( 3 ) GLOBAL_UNCERTAINTY_ASSIGNED_CONTEXT ( ( #1804 ) ) GLOBAL_UNIT_ASSIGNED_CONTEXT ( ( #1773, #10125, #5921 ) ) REPRESENTATION_CONTEXT ( 'NONE', 'WORKASPACE' ) );
#9590 = DIRECTION ( 'NONE',  ( -0.000000000000000000, -1.000000000000000000, -0.000000000000000000 ) ) ;
#9591 = DIRECTION ( 'NONE',  ( -0.000000000000000000, -1.000000000000000000, -0.000000000000000000 ) ) ;
#9592 = COLOUR_RGB ( '',0.7921568627450980005, 0.8196078431372548767, 0.9333333333333333481 ) ;
#9593 = PRESENTATION_LAYER_ASSIGNMENT (  '', '', ( #3224 ) ) ;
#9594 = CARTESIAN_POINT ( 'NONE',  ( 2.500000000000001332, 0.6614108798023753399, 1.865000000000000657 ) ) ;
#9595 = MANIFOLD_SOLID_BREP ( 'LPattern4[6]', #1382 ) ;
#9596 = CARTESIAN_POINT ( 'NONE',  ( -0.3649999999999992140, 0.6614108798023734526, 2.500000000000001332 ) ) ;
#9597 = EDGE_CURVE ( 'NONE', #10342, #8002, #5525, .T. ) ;
#9598 = AXIS2_PLACEMENT_3D ( 'NONE', #2841, #4229, #7921 ) ;
#9599 = EDGE_CURVE ( 'NONE', #10759, #1499, #6411, .T. ) ;
#9600 = CIRCLE ( 'NONE', #6767, 0.1150000000000000883 ) ;
#9601 = AXIS2_PLACEMENT_3D ( 'NONE', #9882, #2321, #5568 ) ;
#9602 = ORIENTED_EDGE ( 'NONE', *, *, #9893, .F. ) ;
#9603 = DIRECTION ( 'NONE',  ( 0.000000000000000000, 0.000000000000000000, -1.000000000000000000 ) ) ;
#9604 = CARTESIAN_POINT ( 'NONE',  ( 0.7500000000000008882, 0.2000000000000000111, 2.215000000000001190 ) ) ;
#9605 = PLANE ( 'NONE',  #4012 ) ;
#9606 =( NAMED_UNIT ( * ) PLANE_ANGLE_UNIT ( ) SI_UNIT ( $, .RADIAN. ) );
#9607 = ORIENTED_EDGE ( 'NONE', *, *, #10338, .F. ) ;
#9608 = FACE_OUTER_BOUND ( 'NONE', #2725, .T. ) ;
#9609 = COLOUR_RGB ( '',1.000000000000000000, 1.000000000000000000, 1.000000000000000000 ) ;
#9610 = DIRECTION ( 'NONE',  ( 0.000000000000000000, 0.000000000000000000, -1.000000000000000000 ) ) ;
#9611 = VECTOR ( 'NONE', #6473, 1000.000000000000000 ) ;
#9612 = ORIENTED_EDGE ( 'NONE', *, *, #4902, .T. ) ;
#9613 = MANIFOLD_SOLID_BREP ( 'LPattern4[14]', #6167 ) ;
#9614 = EDGE_CURVE ( 'NONE', #7186, #701, #9600, .T. ) ;
#9615 = VECTOR ( 'NONE', #9692, 1000.000000000000000 ) ;
#9617 =( GEOMETRIC_REPRESENTATION_CONTEXT ( 3 ) GLOBAL_UNCERTAINTY_ASSIGNED_CONTEXT ( ( #2594 ) ) GLOBAL_UNIT_ASSIGNED_CONTEXT ( ( #10737, #4815, #9067 ) ) REPRESENTATION_CONTEXT ( 'NONE', 'WORKASPACE' ) );
#9616 = LINE ( 'NONE', #3859, #2692 ) ;
#9618 = DIRECTION ( 'NONE',  ( 0.000000000000000000, -1.000000000000000000, 0.000000000000000000 ) ) ;
#9619 = CARTESIAN_POINT ( 'NONE',  ( -1.249999999999999112, 0.2000000000000000111, 2.215000000000001190 ) ) ;
#9620 = CARTESIAN_POINT ( 'NONE',  ( 2.215000000000000746, 0.000000000000000000, -1.865000000000001101 ) ) ;
#9621 = DIRECTION ( 'NONE',  ( -1.000000000000000000, 0.000000000000000000, -1.521687259628770718E-15 ) ) ;
#9622 = DIRECTION ( 'NONE',  ( -7.608436298143888101E-16, 0.000000000000000000, -1.000000000000000000 ) ) ;
#9623 = ORIENTED_EDGE ( 'NONE', *, *, #10771, .T. ) ;
#9624 = ORIENTED_EDGE ( 'NONE', *, *, #4405, .T. ) ;
#9625 = FACE_OUTER_BOUND ( 'NONE', #4992, .T. ) ;
#9626 = ORIENTED_EDGE ( 'NONE', *, *, #454, .T. ) ;
#9627 = DIRECTION ( 'NONE',  ( 3.771137991253918417E-15, 0.000000000000000000, -1.000000000000000000 ) ) ;
#9628 = MANIFOLD_SOLID_BREP ( 'LPattern3[3]', #10398 ) ;
#9629 = ORIENTED_EDGE ( 'NONE', *, *, #253, .F. ) ;
#9630 =( NAMED_UNIT ( * ) SI_UNIT ( $, .STERADIAN. ) SOLID_ANGLE_UNIT ( ) );
#9631 = ORIENTED_EDGE ( 'NONE', *, *, #1059, .T. ) ;
#9632 = DIRECTION ( 'NONE',  ( 0.000000000000000000, -0.000000000000000000, 1.000000000000000000 ) ) ;
#9633 = CARTESIAN_POINT ( 'NONE',  ( -2.500000000000001332, 0.6614108798023753399, -1.134999999999999565 ) ) ;
#9634 = CARTESIAN_POINT ( 'NONE',  ( -1.364999999999999325, 0.1999999999999999833, 2.500000000000001332 ) ) ;
#9635 = DIRECTION ( 'NONE',  ( 1.000000000000000000, 0.000000000000000000, -7.608436298143876268E-16 ) ) ;
#9636 = DIRECTION ( 'NONE',  ( -0.000000000000000000, -1.000000000000000000, -0.000000000000000000 ) ) ;
#9637 = AXIS2_PLACEMENT_3D ( 'NONE', #7858, #1222, #2889 ) ;
#9638 = ORIENTED_EDGE ( 'NONE', *, *, #2984, .F. ) ;
#9639 = EDGE_CURVE ( 'NONE', #683, #6472, #2013, .T. ) ;
#9640 = VERTEX_POINT ( 'NONE', #5948 ) ;
#9641 = DIRECTION ( 'NONE',  ( 1.000000000000000000, 0.000000000000000000, -0.000000000000000000 ) ) ;
#9642 = EDGE_LOOP ( 'NONE', ( #4556, #736, #7803, #205 ) ) ;
#9643 = CARTESIAN_POINT ( 'NONE',  ( -2.215000000000000746, 0.6614108798023753399, 0.3650000000000007683 ) ) ;
#9644 = DIRECTION ( 'NONE',  ( 0.000000000000000000, -0.000000000000000000, -1.000000000000000000 ) ) ;
#9645 = CARTESIAN_POINT ( 'NONE',  ( 0.8650000000000007683, 0.2000000000000000111, -2.500000000000001332 ) ) ;
#9646 = LINE ( 'NONE', #2075, #7266 ) ;
#9647 = LINE ( 'NONE', #413, #1618 ) ;
#9648 = ADVANCED_FACE ( 'NONE', ( #1541 ), #2596, .F. ) ;
#9649 = MANIFOLD_SOLID_BREP ( 'LPattern4[2]', #6338 ) ;
#9650 = DIRECTION ( 'NONE',  ( -1.000000000000000000, 0.000000000000000000, 1.521687259628770718E-15 ) ) ;
#9651 = ORIENTED_EDGE ( 'NONE', *, *, #6016, .T. ) ;
#9652 = EDGE_CURVE ( 'NONE', #5507, #5214, #1661, .T. ) ;
#9653 = CARTESIAN_POINT ( 'NONE',  ( -0.3649999999999992140, 0.2000000000000000111, -2.500000000000001332 ) ) ;
#9654 = CARTESIAN_POINT ( 'NONE',  ( -0.2499999999999991396, 0.1999999999999999833, 2.100000000000000977 ) ) ;
#9655 = CARTESIAN_POINT ( 'NONE',  ( -0.2499999999999991396, 0.000000000000000000, 2.100000000000000977 ) ) ;
#9656 = CARTESIAN_POINT ( 'NONE',  ( -1.800000000000001155, 1.000000000000000000, -1.550000000000000711 ) ) ;
#9657 = EDGE_CURVE ( 'NONE', #8709, #4068, #8584, .T. ) ;
#9658 = AXIS2_PLACEMENT_3D ( 'NONE', #594, #10655, #646 ) ;
#9659 = FACE_OUTER_BOUND ( 'NONE', #1442, .T. ) ;
#9660 = CYLINDRICAL_SURFACE ( 'NONE', #6544, 0.1149999999999996581 ) ;
#9661 = ORIENTED_EDGE ( 'NONE', *, *, #783, .T. ) ;
#9662 = AXIS2_PLACEMENT_3D ( 'NONE', #1461, #4717, #8966 ) ;
#9663 = PLANE ( 'NONE',  #3743 ) ;
#9664 = ADVANCED_FACE ( 'NONE', ( #4038 ), #5169, .F. ) ;
#9665 = DIRECTION ( 'NONE',  ( -1.000000000000000000, 0.000000000000000000, -0.000000000000000000 ) ) ;
#9666 = DIRECTION ( 'NONE',  ( 0.000000000000000000, -1.000000000000000000, 0.000000000000000000 ) ) ;
#9667 = CARTESIAN_POINT ( 'NONE',  ( -1.364999999999999547, 0.6614108798023734526, -2.215000000000001190 ) ) ;
#9668 = ADVANCED_FACE ( 'NONE', ( #7456 ), #4290, .F. ) ;
#9669 = ORIENTED_EDGE ( 'NONE', *, *, #537, .T. ) ;
#9670 = ORIENTED_EDGE ( 'NONE', *, *, #326, .F. ) ;
#9671 = VECTOR ( 'NONE', #9055, 1000.000000000000000 ) ;
#9672 = LINE ( 'NONE', #4407, #4122 ) ;
#9673 = ADVANCED_FACE ( 'NONE', ( #3194 ), #6575, .T. ) ;
#9674 = ORIENTED_EDGE ( 'NONE', *, *, #6882, .T. ) ;
#9675 = ORIENTED_EDGE ( 'NONE', *, *, #3512, .T. ) ;
#9676 = SURFACE_SIDE_STYLE ('',( #9510 ) ) ;
#9677 = ORIENTED_EDGE ( 'NONE', *, *, #1873, .F. ) ;
#9678 = CARTESIAN_POINT ( 'NONE',  ( 0.7500000000000006661, 0.000000000000000000, -2.215000000000001190 ) ) ;
#9679 = VERTEX_POINT ( 'NONE', #7718 ) ;
#9680 = LINE ( 'NONE', #2826, #5776 ) ;
#9681 = LINE ( 'NONE', #6095, #106 ) ;
#9682 = DIRECTION ( 'NONE',  ( 0.000000000000000000, 1.000000000000000000, 0.000000000000000000 ) ) ;
#9683 = DIRECTION ( 'NONE',  ( 0.000000000000000000, -0.000000000000000000, -1.000000000000000000 ) ) ;
#9684 = EDGE_CURVE ( 'NONE', #9357, #10843, #149, .T. ) ;
#9685 = ORIENTED_EDGE ( 'NONE', *, *, #572, .F. ) ;
#9686 = VECTOR ( 'NONE', #7234, 1000.000000000000000 ) ;
#9687 = CARTESIAN_POINT ( 'NONE',  ( 2.500000000000002220, 0.1999999999999999833, 0.1349999999999999256 ) ) ;
#9688 = ORIENTED_EDGE ( 'NONE', *, *, #10541, .F. ) ;
#9689 = SURFACE_STYLE_USAGE ( .BOTH. , #8239 ) ;
#9690 = DIRECTION ( 'NONE',  ( 0.000000000000000000, 0.000000000000000000, 1.000000000000000000 ) ) ;
#9691 = FACE_OUTER_BOUND ( 'NONE', #3436, .T. ) ;
#9692 = DIRECTION ( 'NONE',  ( -7.608436298143888101E-16, 0.000000000000000000, 1.000000000000000000 ) ) ;
#9693 = DIRECTION ( 'NONE',  ( -1.000000000000000000, 0.000000000000000000, 7.608436298143875282E-16 ) ) ;
#9694 = MANIFOLD_SOLID_BREP ( 'LPattern3[6]', #4210 ) ;
#9695 = DIRECTION ( 'NONE',  ( -0.000000000000000000, -1.000000000000000000, -0.000000000000000000 ) ) ;
#9696 = EDGE_CURVE ( 'NONE', #5745, #10090, #4560, .T. ) ;
#9697 = EDGE_CURVE ( 'NONE', #7600, #2588, #6172, .T. ) ;
#9698 = VERTEX_POINT ( 'NONE', #1302 ) ;
#9699 = DIRECTION ( 'NONE',  ( -1.521687259628770718E-15, 0.000000000000000000, 1.000000000000000000 ) ) ;
#9700 = CARTESIAN_POINT ( 'NONE',  ( -0.2499999999999991396, 0.000000000000000000, 2.215000000000001190 ) ) ;
#9701 = LINE ( 'NONE', #8793, #3011 ) ;
#9702 = FACE_OUTER_BOUND ( 'NONE', #8285, .T. ) ;
#9703 = LINE ( 'NONE', #2034, #6778 ) ;
#9704 = PLANE ( 'NONE',  #3736 ) ;
#9705 = DIRECTION ( 'NONE',  ( 1.000000000000000000, 0.000000000000000000, -1.521687259628770718E-15 ) ) ;
#9706 = EDGE_CURVE ( 'NONE', #9411, #4500, #4508, .T. ) ;
#9707 = ORIENTED_EDGE ( 'NONE', *, *, #2355, .F. ) ;
#9708 = MANIFOLD_SOLID_BREP ( 'LPattern3[13]', #853 ) ;
#9709 = VECTOR ( 'NONE', #7620, 1000.000000000000000 ) ;
#9710 = CARTESIAN_POINT ( 'NONE',  ( 2.500000000000002220, 0.6614108798023753399, -0.8650000000000001021 ) ) ;
#9711 = PLANE ( 'NONE',  #5040 ) ;
#9712 = CARTESIAN_POINT ( 'NONE',  ( 0.1350000000000007860, 0.2000000000000000111, -2.500000000000001332 ) ) ;
#9713 = FACE_OUTER_BOUND ( 'NONE', #3598, .T. ) ;
#9714 = PRODUCT_CONTEXT ( 'NONE', #5446, 'mechanical' ) ;
#9715 = ORIENTED_EDGE ( 'NONE', *, *, #3846, .F. ) ;
#9716 = CARTESIAN_POINT ( 'NONE',  ( -1.749999999999999334, 0.2000000000000000111, -2.215000000000001190 ) ) ;
#9717 = EDGE_CURVE ( 'NONE', #4526, #6971, #9703, .T. ) ;
#9718 = EDGE_CURVE ( 'NONE', #10090, #8137, #4446, .T. ) ;
#9719 = ORIENTED_EDGE ( 'NONE', *, *, #2060, .T. ) ;
#9720 = DIRECTION ( 'NONE',  ( 0.000000000000000000, -1.000000000000000000, 0.000000000000000000 ) ) ;
#9721 = ORIENTED_EDGE ( 'NONE', *, *, #3305, .T. ) ;
#9722 = VERTEX_POINT ( 'NONE', #7830 ) ;
#9723 = MANIFOLD_SOLID_BREP ( 'Boss-Extrude2[1]', #3511 ) ;
#9724 = VERTEX_POINT ( 'NONE', #4935 ) ;
#9725 = AXIS2_PLACEMENT_3D ( 'NONE', #5045, #4273, #10140 ) ;
#9726 = VERTEX_POINT ( 'NONE', #687 ) ;
#9727 = DIRECTION ( 'NONE',  ( -1.000000000000000000, 0.000000000000000000, 7.608436298143875282E-16 ) ) ;
#9728 = CARTESIAN_POINT ( 'NONE',  ( 0.8650000000000009903, 0.2000000000000000111, 2.215000000000001190 ) ) ;
#9729 = DIRECTION ( 'NONE',  ( 0.000000000000000000, 0.000000000000000000, -1.000000000000000000 ) ) ;
#9730 = VECTOR ( 'NONE', #7386, 1000.000000000000000 ) ;
#9731 = VERTEX_POINT ( 'NONE', #635 ) ;
#9732 = ORIENTED_EDGE ( 'NONE', *, *, #10672, .T. ) ;
#9733 = VECTOR ( 'NONE', #9304, 1000.000000000000000 ) ;
#9734 = VECTOR ( 'NONE', #5306, 1000.000000000000000 ) ;
#9735 = EDGE_CURVE ( 'NONE', #8653, #82, #8701, .T. ) ;
#9736 = VERTEX_POINT ( 'NONE', #6441 ) ;
#9737 = DIRECTION ( 'NONE',  ( -0.000000000000000000, 0.000000000000000000, 1.000000000000000000 ) ) ;
#9738 = VECTOR ( 'NONE', #2735, 1000.000000000000000 ) ;
#9739 = VECTOR ( 'NONE', #7161, 1000.000000000000000 ) ;
#9740 = VERTEX_POINT ( 'NONE', #4887 ) ;
#9741 = DIRECTION ( 'NONE',  ( -7.608436298143875282E-16, 0.000000000000000000, -1.000000000000000000 ) ) ;
#9742 = DIRECTION ( 'NONE',  ( -1.000000000000000000, 0.000000000000000000, 1.521687259628770718E-15 ) ) ;
#9743 = LINE ( 'NONE', #5535, #7098 ) ;
#9744 = DIRECTION ( 'NONE',  ( -0.000000000000000000, -1.000000000000000000, -0.000000000000000000 ) ) ;
#9745 = AXIS2_PLACEMENT_3D ( 'NONE', #1473, #4844, #10825 ) ;
#9746 = MANIFOLD_SOLID_BREP ( 'LPattern3[4]', #679 ) ;
#9747 = CARTESIAN_POINT ( 'NONE',  ( -1.134999999999999343, 0.1999999999999999833, 2.500000000000001332 ) ) ;
#9748 = VECTOR ( 'NONE', #6360, 1000.000000000000000 ) ;
#9749 = VECTOR ( 'NONE', #3146, 1000.000000000000000 ) ;
#9750 = CIRCLE ( 'NONE', #9030, 0.1150000000000002964 ) ;
#9751 = ORIENTED_EDGE ( 'NONE', *, *, #10552, .F. ) ;
#9752 = VECTOR ( 'NONE', #6703, 1000.000000000000000 ) ;
#9753 = FACE_OUTER_BOUND ( 'NONE', #4789, .T. ) ;
#9754 = CARTESIAN_POINT ( 'NONE',  ( -0.6349999999999992317, 0.6614108798023734526, -2.500000000000001332 ) ) ;
#9755 = DIRECTION ( 'NONE',  ( 3.771137991253918417E-15, -0.000000000000000000, 1.000000000000000000 ) ) ;
#9756 = DIRECTION ( 'NONE',  ( 1.000000000000000000, -0.000000000000000000, -1.734723475976807094E-16 ) ) ;
#9757 = FILL_AREA_STYLE ('',( #1399 ) ) ;
#9758 = VECTOR ( 'NONE', #1993, 1000.000000000000000 ) ;
#9759 = DIRECTION ( 'NONE',  ( -0.000000000000000000, -1.000000000000000000, -0.000000000000000000 ) ) ;
#9760 = VECTOR ( 'NONE', #9590, 1000.000000000000000 ) ;
#9761 = CYLINDRICAL_SURFACE ( 'NONE', #1785, 0.1150000000000002964 ) ;
#9762 = STYLED_ITEM ( 'NONE', ( #7310 ), #9396 ) ;
#9763 = VECTOR ( 'NONE', #5791, 1000.000000000000000 ) ;
#9764 = ORIENTED_EDGE ( 'NONE', *, *, #1746, .F. ) ;
#9765 = MANIFOLD_SOLID_BREP ( 'Boss-Extrude5', #6502 ) ;
#9766 = LINE ( 'NONE', #3178, #10628 ) ;
#9767 = EDGE_CURVE ( 'NONE', #5872, #7751, #9956, .T. ) ;
#9768 = STYLED_ITEM ( 'NONE', ( #5300 ), #9545 ) ;
#9769 = ADVANCED_FACE ( 'NONE', ( #3118 ), #1349, .F. ) ;
#9770 = CARTESIAN_POINT ( 'NONE',  ( -1.800000000000001155, 0.9000000000000000222, -1.800000000000000711 ) ) ;
#9771 = DIRECTION ( 'NONE',  ( 0.000000000000000000, 1.000000000000000000, 0.000000000000000000 ) ) ;
#9772 = CIRCLE ( 'NONE', #5175, 0.1150000000000000883 ) ;
#9773 = CARTESIAN_POINT ( 'NONE',  ( 2.215000000000000746, 0.1999999999999999833, -0.1349999999999992595 ) ) ;
#9774 = PLANE ( 'NONE',  #7109 ) ;
#9775 = ADVANCED_FACE ( 'NONE', ( #4718 ), #9083, .F. ) ;
#9776 = PRESENTATION_LAYER_ASSIGNMENT (  '', '', ( #6785 ) ) ;
#9777 = ORIENTED_EDGE ( 'NONE', *, *, #9346, .T. ) ;
#9778 = AXIS2_PLACEMENT_3D ( 'NONE', #2949, #7197, #9737 ) ;
#9779 = ORIENTED_EDGE ( 'NONE', *, *, #601, .F. ) ;
#9780 = FACE_OUTER_BOUND ( 'NONE', #10660, .T. ) ;
#9781 = ORIENTED_EDGE ( 'NONE', *, *, #8720, .T. ) ;
#9782 = ORIENTED_EDGE ( 'NONE', *, *, #6674, .T. ) ;
#9783 = EDGE_CURVE ( 'NONE', #734, #2985, #4275, .T. ) ;
#9784 =( NAMED_UNIT ( * ) SI_UNIT ( $, .STERADIAN. ) SOLID_ANGLE_UNIT ( ) );
#9785 = EDGE_LOOP ( 'NONE', ( #9807, #8599, #8273, #8039 ) ) ;
#9786 = FILL_AREA_STYLE_COLOUR ( '', #7832 ) ;
#9787 = ORIENTED_EDGE ( 'NONE', *, *, #2263, .F. ) ;
#9788 = CARTESIAN_POINT ( 'NONE',  ( 0.7500000000000008882, 0.2000000000000000111, 2.215000000000001190 ) ) ;
#9789 = SURFACE_STYLE_FILL_AREA ( #3877 ) ;
#9790 = CARTESIAN_POINT ( 'NONE',  ( -0.1349999999999992595, 0.1999999999999999833, 2.500000000000001332 ) ) ;
#9791 = EDGE_CURVE ( 'NONE', #9561, #2292, #4996, .T. ) ;
#9792 = DIRECTION ( 'NONE',  ( 1.000000000000000000, -0.000000000000000000, 7.608436298143888101E-16 ) ) ;
#9793 = VERTEX_POINT ( 'NONE', #8574 ) ;
#9794 = EDGE_LOOP ( 'NONE', ( #8411, #9951, #3282, #10785 ) ) ;
#9795 = EDGE_LOOP ( 'NONE', ( #6571, #6711, #9896, #8334 ) ) ;
#9796 = ORIENTED_EDGE ( 'NONE', *, *, #1628, .F. ) ;
#9797 = ORIENTED_EDGE ( 'NONE', *, *, #4602, .F. ) ;
#9798 = VERTEX_POINT ( 'NONE', #2635 ) ;
#9799 = CYLINDRICAL_SURFACE ( 'NONE', #8037, 0.1150000000000000883 ) ;
#9800 = DIRECTION ( 'NONE',  ( -1.000000000000000000, 0.000000000000000000, 1.521687259628770718E-15 ) ) ;
#9801 = CARTESIAN_POINT ( 'NONE',  ( -2.500000000000002220, 0.1999999999999999833, 0.1349999999999999256 ) ) ;
#9802 = EDGE_CURVE ( 'NONE', #7835, #8194, #5989, .T. ) ;
#9803 = FACE_OUTER_BOUND ( 'NONE', #3415, .T. ) ;
#9804 = CARTESIAN_POINT ( 'NONE',  ( -2.215000000000000746, 0.6614108798023753399, -1.749999999999999778 ) ) ;
#9805 = ADVANCED_FACE ( 'NONE', ( #2528 ), #10924, .F. ) ;
#9806 = VECTOR ( 'NONE', #410, 1000.000000000000000 ) ;
#9807 = ORIENTED_EDGE ( 'NONE', *, *, #1836, .F. ) ;
#9808 = CARTESIAN_POINT ( 'NONE',  ( 2.215000000000000746, 0.05000000000000002359, -0.6349999999999992317 ) ) ;
#9809 = DIRECTION ( 'NONE',  ( -1.000000000000000000, 0.000000000000000000, 1.521687259628770718E-15 ) ) ;
#9810 = CYLINDRICAL_SURFACE ( 'NONE', #2674, 0.1150000000000000883 ) ;
#9811 = LINE ( 'NONE', #8255, #1355 ) ;
#9812 =( LENGTH_UNIT ( ) NAMED_UNIT ( * ) SI_UNIT ( .MILLI., .METRE. ) );
#9813 = LINE ( 'NONE', #4669, #10261 ) ;
#9814 = DIRECTION ( 'NONE',  ( 0.000000000000000000, -1.000000000000000000, 0.000000000000000000 ) ) ;
#9815 = ORIENTED_EDGE ( 'NONE', *, *, #7352, .F. ) ;
#9816 = EDGE_CURVE ( 'NONE', #7067, #10417, #897, .T. ) ;
#9817 = FACE_OUTER_BOUND ( 'NONE', #4791, .T. ) ;
#9818 = DIRECTION ( 'NONE',  ( 0.000000000000000000, 0.000000000000000000, 1.000000000000000000 ) ) ;
#9819 = LINE ( 'NONE', #3077, #3635 ) ;
#9820 = CARTESIAN_POINT ( 'NONE',  ( -1.134999999999999343, 0.04999999999999999584, -2.215000000000001190 ) ) ;
#9821 = LINE ( 'NONE', #1313, #3757 ) ;
#9822 = AXIS2_PLACEMENT_3D ( 'NONE', #372, #4625, #7174 ) ;
#9823 = EDGE_CURVE ( 'NONE', #8994, #10747, #5095, .T. ) ;
#9824 = ORIENTED_EDGE ( 'NONE', *, *, #7336, .F. ) ;
#9825 = VERTEX_POINT ( 'NONE', #90 ) ;
#9826 = DIRECTION ( 'NONE',  ( 0.000000000000000000, -1.000000000000000000, 0.000000000000000000 ) ) ;
#9827 = ADVANCED_FACE ( 'NONE', ( #1017 ), #6705, .F. ) ;
#9828 = ORIENTED_EDGE ( 'NONE', *, *, #5038, .F. ) ;
#9829 = ORIENTED_EDGE ( 'NONE', *, *, #6387, .T. ) ;
#9830 = AXIS2_PLACEMENT_3D ( 'NONE', #3409, #3516, #5947 ) ;
#9831 = LINE ( 'NONE', #5737, #105 ) ;
#9832 = ORIENTED_EDGE ( 'NONE', *, *, #10648, .T. ) ;
#9833 = CARTESIAN_POINT ( 'NONE',  ( -0.6349999999999992317, 0.2000000000000000111, -2.500000000000001332 ) ) ;
#9834 = CARTESIAN_POINT ( 'NONE',  ( -1.865000000000001101, 0.05000000000000000278, -1.418973369603836071E-15 ) ) ;
#9835 = CARTESIAN_POINT ( 'NONE',  ( 0.1350000000000005640, 0.2000000000000005107, -2.500000000000001332 ) ) ;
#9836 = ORIENTED_EDGE ( 'NONE', *, *, #9279, .T. ) ;
#9837 = ORIENTED_EDGE ( 'NONE', *, *, #10494, .T. ) ;
#9838 = EDGE_CURVE ( 'NONE', #1603, #10772, #1857, .T. ) ;
#9839 = CIRCLE ( 'NONE', #657, 0.1150000000000002964 ) ;
#9840 = ORIENTED_EDGE ( 'NONE', *, *, #407, .T. ) ;
#9841 = ORIENTED_EDGE ( 'NONE', *, *, #1163, .F. ) ;
#9842 = ORIENTED_EDGE ( 'NONE', *, *, #5278, .F. ) ;
#9843 = CARTESIAN_POINT ( 'NONE',  ( -2.215000000000000746, 0.000000000000000000, -0.7499999999999997780 ) ) ;
#9844 = PLANE ( 'NONE',  #1148 ) ;
#9845 = CARTESIAN_POINT ( 'NONE',  ( 2.215000000000000746, 0.05000000000000002359, 0.8650000000000007683 ) ) ;
#9846 = DIRECTION ( 'NONE',  ( -0.000000000000000000, -1.000000000000000000, -0.000000000000000000 ) ) ;
#9847 = DIRECTION ( 'NONE',  ( 0.000000000000000000, -0.000000000000000000, -1.000000000000000000 ) ) ;
#9848 = LINE ( 'NONE', #4600, #7276 ) ;
#9849 = ORIENTED_EDGE ( 'NONE', *, *, #6261, .F. ) ;
#9850 = ORIENTED_EDGE ( 'NONE', *, *, #9305, .F. ) ;
#9851 = EDGE_CURVE ( 'NONE', #9120, #314, #3506, .T. ) ;
#9852 = ADVANCED_FACE ( 'NONE', ( #7538 ), #23, .T. ) ;
#9853 = ORIENTED_EDGE ( 'NONE', *, *, #5798, .T. ) ;
#9854 = DIRECTION ( 'NONE',  ( -0.000000000000000000, -1.000000000000000000, -0.000000000000000000 ) ) ;
#9855 = DIRECTION ( 'NONE',  ( 1.000000000000000000, 0.000000000000000000, -7.608436298143875282E-16 ) ) ;
#9856 = PLANE ( 'NONE',  #7245 ) ;
#9857 = DIRECTION ( 'NONE',  ( 0.000000000000000000, 1.000000000000000000, 0.000000000000000000 ) ) ;
#9858 = FILL_AREA_STYLE_COLOUR ( '', #9609 ) ;
#9859 = CARTESIAN_POINT ( 'NONE',  ( -2.215000000000000746, 0.000000000000000000, 0.8650000000000007683 ) ) ;
#9860 = AXIS2_PLACEMENT_3D ( 'NONE', #7070, #10452, #2885 ) ;
#9861 = CARTESIAN_POINT ( 'NONE',  ( 2.215000000000000746, 0.1999999999999999833, -0.7500000000000008882 ) ) ;
#9862 = ORIENTED_EDGE ( 'NONE', *, *, #1663, .T. ) ;
#9863 = EDGE_CURVE ( 'NONE', #9478, #2226, #6883, .T. ) ;
#9864 = VERTEX_POINT ( 'NONE', #5210 ) ;
#9865 = ORIENTED_EDGE ( 'NONE', *, *, #4142, .T. ) ;
#9866 = EDGE_CURVE ( 'NONE', #10852, #4527, #9353, .T. ) ;
#9867 = DIRECTION ( 'NONE',  ( 0.000000000000000000, 0.000000000000000000, -1.000000000000000000 ) ) ;
#9868 = UNCERTAINTY_MEASURE_WITH_UNIT (LENGTH_MEASURE( 1.000000000000000082E-05 ), #6121, 'distance_accuracy_value', 'NONE');
#9869 = DIRECTION ( 'NONE',  ( -0.000000000000000000, -1.000000000000000000, -0.000000000000000000 ) ) ;
#9870 = LINE ( 'NONE', #4781, #10881 ) ;
#9871 = LINE ( 'NONE', #1360, #472 ) ;
#9872 = SURFACE_SIDE_STYLE ('',( #10595 ) ) ;
#9873 = SURFACE_STYLE_USAGE ( .BOTH. , #3813 ) ;
#9874 = CARTESIAN_POINT ( 'NONE',  ( 1.635000000000000675, 0.6614108798023734526, 2.215000000000001190 ) ) ;
#9875 = EDGE_CURVE ( 'NONE', #818, #5666, #5820, .T. ) ;
#9876 = AXIS2_PLACEMENT_3D ( 'NONE', #6451, #482, #6345 ) ;
#9877 = VERTEX_POINT ( 'NONE', #10193 ) ;
#9878 = VERTEX_POINT ( 'NONE', #10141 ) ;
#9879 = PLANE ( 'NONE',  #7801 ) ;
#9880 = EDGE_LOOP ( 'NONE', ( #3921, #1287, #859, #3456 ) ) ;
#9881 = VERTEX_POINT ( 'NONE', #2585 ) ;
#9882 = CARTESIAN_POINT ( 'NONE',  ( -0.6349999999999992317, 0.6614108798023734526, -2.500000000000001332 ) ) ;
#9883 = CARTESIAN_POINT ( 'NONE',  ( 1.250000000000000888, 0.6614108798023734526, 2.215000000000001190 ) ) ;
#9884 = CARTESIAN_POINT ( 'NONE',  ( -2.500000000000002220, 0.6614108798023753399, -0.8650000000000001021 ) ) ;
#9885 = ORIENTED_EDGE ( 'NONE', *, *, #7336, .T. ) ;
#9886 = DIRECTION ( 'NONE',  ( 0.000000000000000000, 1.000000000000000000, 0.000000000000000000 ) ) ;
#9887 = LINE ( 'NONE', #4041, #1876 ) ;
#9888 = AXIS2_PLACEMENT_3D ( 'NONE', #9206, #3250, #1643 ) ;
#9889 = CARTESIAN_POINT ( 'NONE',  ( -1.864999999999999325, 0.6614108798023734526, 2.500000000000001332 ) ) ;
#9890 = LINE ( 'NONE', #2449, #10815 ) ;
#9891 = ORIENTED_EDGE ( 'NONE', *, *, #828, .T. ) ;
#9892 = EDGE_LOOP ( 'NONE', ( #6205, #7117, #2081, #6815 ) ) ;
#9893 = EDGE_CURVE ( 'NONE', #5929, #3795, #10246, .T. ) ;
#9894 = ORIENTED_EDGE ( 'NONE', *, *, #7323, .F. ) ;
#9895 = VECTOR ( 'NONE', #7909, 1000.000000000000000 ) ;
#9896 = ORIENTED_EDGE ( 'NONE', *, *, #6489, .T. ) ;
#9897 = ORIENTED_EDGE ( 'NONE', *, *, #5712, .F. ) ;
#9898 = DIRECTION ( 'NONE',  ( 0.000000000000000000, 0.000000000000000000, -1.000000000000000000 ) ) ;
#9899 = LINE ( 'NONE', #9125, #9984 ) ;
#9900 = EDGE_CURVE ( 'NONE', #2959, #2761, #2910, .T. ) ;
#9901 = EDGE_CURVE ( 'NONE', #4016, #10375, #9302, .T. ) ;
#9902 = VECTOR ( 'NONE', #2367, 1000.000000000000000 ) ;
#9903 = DIRECTION ( 'NONE',  ( 0.000000000000000000, 0.000000000000000000, 1.000000000000000000 ) ) ;
#9904 = FACE_OUTER_BOUND ( 'NONE', #3545, .T. ) ;
#9905 = CARTESIAN_POINT ( 'NONE',  ( -2.215000000000000746, 0.05000000000000002359, 1.865000000000000879 ) ) ;
#9906 = DIRECTION ( 'NONE',  ( 0.000000000000000000, 1.000000000000000000, -0.000000000000000000 ) ) ;
#9907 = ORIENTED_EDGE ( 'NONE', *, *, #5384, .T. ) ;
#9908 = EDGE_LOOP ( 'NONE', ( #4164, #4334, #1436, #4283 ) ) ;
#9909 = EDGE_CURVE ( 'NONE', #8234, #5078, #7707, .T. ) ;
#9910 = VECTOR ( 'NONE', #8608, 1000.000000000000000 ) ;
#9911 = VECTOR ( 'NONE', #8378, 1000.000000000000000 ) ;
#9912 = AXIS2_PLACEMENT_3D ( 'NONE', #10459, #8667, #2892 ) ;
#9913 = AXIS2_PLACEMENT_3D ( 'NONE', #2553, #5901, #1818 ) ;
#9914 = ORIENTED_EDGE ( 'NONE', *, *, #875, .F. ) ;
#9915 = LINE ( 'NONE', #9078, #7661 ) ;
#9916 = ORIENTED_EDGE ( 'NONE', *, *, #355, .F. ) ;
#9917 = DIRECTION ( 'NONE',  ( -1.000000000000000000, 0.000000000000000000, 0.000000000000000000 ) ) ;
#9918 = CARTESIAN_POINT ( 'NONE',  ( -1.864999999999999325, 0.1999999999999999833, -2.500000000000001332 ) ) ;
#9920 = CARTESIAN_POINT ( 'NONE',  ( 2.215000000000000746, 0.000000000000000000, 0.7499999999999991118 ) ) ;
#9919 = AXIS2_PLACEMENT_3D ( 'NONE', #5282, #6127, #4566 ) ;
#9921 = CARTESIAN_POINT ( 'NONE',  ( -1.749999999999999112, 0.2000000000000000111, 2.215000000000001190 ) ) ;
#9922 = VECTOR ( 'NONE', #3221, 1000.000000000000000 ) ;
#9923 = DIRECTION ( 'NONE',  ( 0.000000000000000000, 0.000000000000000000, 1.000000000000000000 ) ) ;
#9924 = AXIS2_PLACEMENT_3D ( 'NONE', #1376, #4864, #8229 ) ;
#9925 = EDGE_CURVE ( 'NONE', #4366, #10283, #7922, .T. ) ;
#9926 = VECTOR ( 'NONE', #9047, 1000.000000000000000 ) ;
#9927 = CYLINDRICAL_SURFACE ( 'NONE', #3911, 0.1150000000000000883 ) ;
#9928 = ORIENTED_EDGE ( 'NONE', *, *, #10798, .T. ) ;
#9929 = ORIENTED_EDGE ( 'NONE', *, *, #7033, .T. ) ;
#9930 = AXIS2_PLACEMENT_3D ( 'NONE', #10582, #6536, #7420 ) ;
#9931 = VERTEX_POINT ( 'NONE', #3790 ) ;
#9932 = VERTEX_POINT ( 'NONE', #1069 ) ;
#9933 = VECTOR ( 'NONE', #771, 1000.000000000000000 ) ;
#9934 = AXIS2_PLACEMENT_3D ( 'NONE', #5612, #4731, #1413 ) ;
#9935 = AXIS2_PLACEMENT_3D ( 'NONE', #3239, #9355, #7541 ) ;
#9936 = DIRECTION ( 'NONE',  ( 3.771137991253918417E-15, 0.000000000000000000, -1.000000000000000000 ) ) ;
#9937 = CARTESIAN_POINT ( 'NONE',  ( 1.250000000000000888, 0.2000000000000000111, 2.100000000000000977 ) ) ;
#9938 = DIRECTION ( 'NONE',  ( 0.000000000000000000, 0.000000000000000000, 1.000000000000000000 ) ) ;
#9939 = DIRECTION ( 'NONE',  ( 0.000000000000000000, -0.000000000000000000, -1.000000000000000000 ) ) ;
#9940 = CYLINDRICAL_SURFACE ( 'NONE', #9888, 0.1150000000000001993 ) ;
#9941 = CARTESIAN_POINT ( 'NONE',  ( -2.500000000000000444, 0.05000000000000000278, 2.499999999999999556 ) ) ;
#9942 = AXIS2_PLACEMENT_3D ( 'NONE', #10058, #5856, #10119 ) ;
#9943 = ADVANCED_FACE ( 'NONE', ( #7093 ), #2124, .F. ) ;
#9944 = ORIENTED_EDGE ( 'NONE', *, *, #5706, .T. ) ;
#9945 = COLOUR_RGB ( '',0.7921568627450980005, 0.8196078431372548767, 0.9333333333333333481 ) ;
#9946 = ORIENTED_EDGE ( 'NONE', *, *, #2276, .T. ) ;
#9947 = PLANE ( 'NONE',  #2156 ) ;
#9948 = MECHANICAL_DESIGN_GEOMETRIC_PRESENTATION_REPRESENTATION (  '', ( #4649 ), #8872 ) ;
#9949 = EDGE_LOOP ( 'NONE', ( #9424, #3447, #5076, #48 ) ) ;
#9950 = DIRECTION ( 'NONE',  ( -7.608436298143888101E-16, 0.000000000000000000, -1.000000000000000000 ) ) ;
#9951 = ORIENTED_EDGE ( 'NONE', *, *, #213, .F. ) ;
#9952 = CARTESIAN_POINT ( 'NONE',  ( 1.750000000000000666, 0.2000000000000000111, -2.215000000000001190 ) ) ;
#9953 = CARTESIAN_POINT ( 'NONE',  ( -2.500000000000002220, 0.000000000000000000, -1.865000000000000213 ) ) ;
#9954 = FACE_OUTER_BOUND ( 'NONE', #1134, .T. ) ;
#9955 = LINE ( 'NONE', #10011, #10097 ) ;
#9956 = CIRCLE ( 'NONE', #3245, 0.1150000000000002964 ) ;
#9957 = VERTEX_POINT ( 'NONE', #5428 ) ;
#9958 = ORIENTED_EDGE ( 'NONE', *, *, #6101, .F. ) ;
#9959 = VECTOR ( 'NONE', #9854, 1000.000000000000000 ) ;
#9960 = ORIENTED_EDGE ( 'NONE', *, *, #8997, .F. ) ;
#9961 = ORIENTED_EDGE ( 'NONE', *, *, #3308, .F. ) ;
#9962 = AXIS2_PLACEMENT_3D ( 'NONE', #3453, #7588, #3288 ) ;
#9963 = CARTESIAN_POINT ( 'NONE',  ( 1.865000000000000879, 0.2000000000000000111, 2.215000000000001190 ) ) ;
#9964 = EDGE_CURVE ( 'NONE', #9478, #994, #3619, .T. ) ;
#9965 = ORIENTED_EDGE ( 'NONE', *, *, #4618, .T. ) ;
#9966 = PLANE ( 'NONE',  #10155 ) ;
#9967 = CARTESIAN_POINT ( 'NONE',  ( 1.250000000000000888, 0.2000000000000000111, 2.215000000000001190 ) ) ;
#9968 = CYLINDRICAL_SURFACE ( 'NONE', #5145, 0.2219545058705515161 ) ;
#9969 = LINE ( 'NONE', #7413, #4092 ) ;
#9970 = ORIENTED_EDGE ( 'NONE', *, *, #8943, .F. ) ;
#9971 = VERTEX_POINT ( 'NONE', #6991 ) ;
#9972 = EDGE_CURVE ( 'NONE', #3083, #8649, #7757, .T. ) ;
#9973 = ORIENTED_EDGE ( 'NONE', *, *, #8745, .T. ) ;
#9974 = CARTESIAN_POINT ( 'NONE',  ( -2.500000000000001332, 0.000000000000000000, -0.6349999999999994538 ) ) ;
#9975 = ORIENTED_EDGE ( 'NONE', *, *, #54, .T. ) ;
#9976 = EDGE_CURVE ( 'NONE', #3537, #2931, #6161, .T. ) ;
#9977 = CARTESIAN_POINT ( 'NONE',  ( -0.7499999999999991118, 0.2000000000000000111, 2.215000000000001190 ) ) ;
#9978 = DIRECTION ( 'NONE',  ( 3.771137991253918417E-15, -0.000000000000000000, 1.000000000000000000 ) ) ;
#9979 = PRESENTATION_STYLE_ASSIGNMENT (( #10641 ) ) ;
#9980 = CARTESIAN_POINT ( 'NONE',  ( -2.500000000000001332, 0.1999999999999999833, 1.865000000000000657 ) ) ;
#9981 = DIRECTION ( 'NONE',  ( 0.000000000000000000, -0.000000000000000000, 1.000000000000000000 ) ) ;
#9982 = VECTOR ( 'NONE', #8548, 1000.000000000000000 ) ;
#9983 = VERTEX_POINT ( 'NONE', #6940 ) ;
#9984 = VECTOR ( 'NONE', #7410, 1000.000000000000000 ) ;
#9985 = EDGE_CURVE ( 'NONE', #5265, #2039, #10306, .T. ) ;
#9986 = EDGE_LOOP ( 'NONE', ( #10344, #6967, #6023, #165 ) ) ;
#9987 = EDGE_CURVE ( 'NONE', #3204, #490, #3387, .T. ) ;
#9988 = AXIS2_PLACEMENT_3D ( 'NONE', #4398, #7676, #8438 ) ;
#9989 = DIRECTION ( 'NONE',  ( -7.608436298143888101E-16, 0.000000000000000000, 1.000000000000000000 ) ) ;
#9990 = MECHANICAL_DESIGN_GEOMETRIC_PRESENTATION_REPRESENTATION (  '', ( #7167 ), #7766 ) ;
#9991 = EDGE_CURVE ( 'NONE', #10060, #9726, #6109, .T. ) ;
#9992 = UNCERTAINTY_MEASURE_WITH_UNIT (LENGTH_MEASURE( 1.000000000000000082E-05 ), #8350, 'distance_accuracy_value', 'NONE');
#9993 = CARTESIAN_POINT ( 'NONE',  ( 2.215000000000000746, 0.1999999999999999833, -0.2500000000000008882 ) ) ;
#9994 = CARTESIAN_POINT ( 'NONE',  ( 2.215000000000000746, 0.1999999999999999833, 1.749999999999999112 ) ) ;
#9995 = LINE ( 'NONE', #2432, #6649 ) ;
#9996 = FACE_OUTER_BOUND ( 'NONE', #7849, .T. ) ;
#9997 = DIRECTION ( 'NONE',  ( 7.608436298143875282E-16, 0.000000000000000000, -1.000000000000000000 ) ) ;
#9998 = ORIENTED_EDGE ( 'NONE', *, *, #4414, .T. ) ;
#9999 = ORIENTED_EDGE ( 'NONE', *, *, #6532, .F. ) ;
#10000 = EDGE_CURVE ( 'NONE', #10146, #7357, #2954, .T. ) ;
#10001 = ORIENTED_EDGE ( 'NONE', *, *, #2204, .F. ) ;
#10002 = ADVANCED_FACE ( 'NONE', ( #2027 ), #6326, .F. ) ;
#10003 = DIRECTION ( 'NONE',  ( 0.000000000000000000, 1.000000000000000000, 0.000000000000000000 ) ) ;
#10004 = ORIENTED_EDGE ( 'NONE', *, *, #7825, .F. ) ;
#10005 = CARTESIAN_POINT ( 'NONE',  ( -1.364999999999999547, 0.2000000000000000111, 2.215000000000001190 ) ) ;
#10006 = CARTESIAN_POINT ( 'NONE',  ( -1.134999999999999343, 0.1999999999999999833, -2.500000000000001332 ) ) ;
#10007 = CYLINDRICAL_SURFACE ( 'NONE', #8245, 0.1150000000000002964 ) ;
#10008 =( LENGTH_UNIT ( ) NAMED_UNIT ( * ) SI_UNIT ( .MILLI., .METRE. ) );
#10009 = CARTESIAN_POINT ( 'NONE',  ( 2.500000000000001332, 0.04999999999999969746, -0.1349999999999994815 ) ) ;
#10010 = VECTOR ( 'NONE', #7010, 1000.000000000000000 ) ;
#10011 = CARTESIAN_POINT ( 'NONE',  ( 0.1349999999999988987, 0.05000000000000000278, 1.027138900249416359E-16 ) ) ;
#10012 = VERTEX_POINT ( 'NONE', #7155 ) ;
#10013 = VERTEX_POINT ( 'NONE', #8738 ) ;
#10014 = AXIS2_PLACEMENT_3D ( 'NONE', #579, #5545, #3117 ) ;
#10015 = ORIENTED_EDGE ( 'NONE', *, *, #10197, .F. ) ;
#10016 = SURFACE_STYLE_USAGE ( .BOTH. , #6641 ) ;
#10017 = ORIENTED_EDGE ( 'NONE', *, *, #9350, .T. ) ;
#10018 = EDGE_CURVE ( 'NONE', #7502, #8137, #7870, .T. ) ;
#10019 = DIRECTION ( 'NONE',  ( -0.000000000000000000, -1.000000000000000000, -0.000000000000000000 ) ) ;
#10020 = DIRECTION ( 'NONE',  ( -1.000000000000000000, 0.000000000000000000, 1.521687259628770718E-15 ) ) ;
#10021 = DIRECTION ( 'NONE',  ( -1.000000000000000000, 0.000000000000000000, 0.000000000000000000 ) ) ;
#10022 = PLANE ( 'NONE',  #2688 ) ;
#10023 = CIRCLE ( 'NONE', #4552, 0.2500000000000000000 ) ;
#10024 = EDGE_LOOP ( 'NONE', ( #4098, #7573, #7594, #7553 ) ) ;
#10025 = EDGE_LOOP ( 'NONE', ( #5515, #3955, #7784, #2948 ) ) ;
#10026 = CARTESIAN_POINT ( 'NONE',  ( 2.215000000000000746, 0.05000000000000002359, -1.134999999999999343 ) ) ;
#10027 = EDGE_LOOP ( 'NONE', ( #9308, #1494, #7160, #1680 ) ) ;
#10028 = DIRECTION ( 'NONE',  ( 0.000000000000000000, 0.000000000000000000, -1.000000000000000000 ) ) ;
#10029 = DIRECTION ( 'NONE',  ( -0.000000000000000000, -1.000000000000000000, -0.000000000000000000 ) ) ;
#10030 = DIRECTION ( 'NONE',  ( 1.000000000000000000, -0.000000000000000000, -0.000000000000000000 ) ) ;
#10031 = CARTESIAN_POINT ( 'NONE',  ( 0.8650000000000009903, 0.6614108798023734526, 2.215000000000001190 ) ) ;
#10032 = EDGE_CURVE ( 'NONE', #2452, #7243, #3672, .T. ) ;
#10033 = PLANE ( 'NONE',  #3730 ) ;
#10034 = ORIENTED_EDGE ( 'NONE', *, *, #8270, .T. ) ;
#10035 = ORIENTED_EDGE ( 'NONE', *, *, #4109, .F. ) ;
#10036 = DIRECTION ( 'NONE',  ( 0.000000000000000000, 0.000000000000000000, -1.000000000000000000 ) ) ;
#10037 = CLOSED_SHELL ( 'NONE', ( #6811, #88, #3597, #6225, #8470, #8309 ) ) ;
#10038 = LINE ( 'NONE', #4341, #4355 ) ;
#10039 = CARTESIAN_POINT ( 'NONE',  ( 2.500000000000001332, 0.6614108798023753399, -1.634999999999999565 ) ) ;
#10040 = LINE ( 'NONE', #6844, #5052 ) ;
#10041 = DIRECTION ( 'NONE',  ( 0.000000000000000000, 0.000000000000000000, -1.000000000000000000 ) ) ;
#10042 = EDGE_CURVE ( 'NONE', #184, #2796, #10451, .T. ) ;
#10043 = DIRECTION ( 'NONE',  ( 0.000000000000000000, -1.000000000000000000, 0.000000000000000000 ) ) ;
#10044 = ORIENTED_EDGE ( 'NONE', *, *, #3547, .F. ) ;
#10045 = DIRECTION ( 'NONE',  ( 0.000000000000000000, 1.000000000000000000, 0.000000000000000000 ) ) ;
#10046 = ORIENTED_EDGE ( 'NONE', *, *, #5443, .T. ) ;
#10047 = ORIENTED_EDGE ( 'NONE', *, *, #9228, .F. ) ;
#10048 = CARTESIAN_POINT ( 'NONE',  ( -2.215000000000000746, 0.6614108798023753399, -1.249999999999999778 ) ) ;
#10049 = CARTESIAN_POINT ( 'NONE',  ( -2.215000000000000746, 0.1999999999999999833, -1.134999999999999343 ) ) ;
#10050 = ORIENTED_EDGE ( 'NONE', *, *, #4792, .T. ) ;
#10051 = LINE ( 'NONE', #7510, #7370 ) ;
#10052 = LINE ( 'NONE', #7564, #4795 ) ;
#10053 = EDGE_CURVE ( 'NONE', #8181, #880, #5269, .T. ) ;
#10054 = FACE_OUTER_BOUND ( 'NONE', #6459, .T. ) ;
#10055 = ADVANCED_FACE ( 'NONE', ( #5378 ), #1185, .T. ) ;
#10056 = EDGE_LOOP ( 'NONE', ( #6352, #9958, #1988, #1703 ) ) ;
#10057 = ORIENTED_EDGE ( 'NONE', *, *, #2315, .T. ) ;
#10058 = CARTESIAN_POINT ( 'NONE',  ( -1.749999999999999112, 0.2000000000000000111, 2.215000000000001190 ) ) ;
#10059 = ORIENTED_EDGE ( 'NONE', *, *, #4427, .T. ) ;
#10060 = VERTEX_POINT ( 'NONE', #6277 ) ;
#10061 = ORIENTED_EDGE ( 'NONE', *, *, #837, .T. ) ;
#10062 = DIRECTION ( 'NONE',  ( 0.000000000000000000, -1.000000000000000000, 0.000000000000000000 ) ) ;
#10063 = FACE_OUTER_BOUND ( 'NONE', #10543, .T. ) ;
#10064 = LINE ( 'NONE', #2513, #4433 ) ;
#10065 = CARTESIAN_POINT ( 'NONE',  ( -2.500000000000001332, 0.6614108798023753399, -0.6349999999999994538 ) ) ;
#10066 = ORIENTED_EDGE ( 'NONE', *, *, #1935, .F. ) ;
#10067 = ORIENTED_EDGE ( 'NONE', *, *, #4049, .F. ) ;
#10068 = EDGE_CURVE ( 'NONE', #8831, #10013, #9646, .T. ) ;
#10069 = VECTOR ( 'NONE', #633, 1000.000000000000000 ) ;
#10070 = VERTEX_POINT ( 'NONE', #9072 ) ;
#10071 = CARTESIAN_POINT ( 'NONE',  ( -2.215000000000000746, 0.1999999999999999833, 0.2500000000000002220 ) ) ;
#10072 = ORIENTED_EDGE ( 'NONE', *, *, #9144, .T. ) ;
#10073 = CARTESIAN_POINT ( 'NONE',  ( 1.135000000000000675, 0.6614108798023734526, 2.215000000000001190 ) ) ;
#10074 = DIRECTION ( 'NONE',  ( 0.000000000000000000, 1.000000000000000000, -0.000000000000000000 ) ) ;
#10075 = DIRECTION ( 'NONE',  ( -0.000000000000000000, -1.000000000000000000, -0.000000000000000000 ) ) ;
#10076 = VECTOR ( 'NONE', #234, 1000.000000000000000 ) ;
#10077 = DIRECTION ( 'NONE',  ( -0.000000000000000000, -1.000000000000000000, -0.000000000000000000 ) ) ;
#10078 = AXIS2_PLACEMENT_3D ( 'NONE', #2470, #8528, #965 ) ;
#10079 = DIRECTION ( 'NONE',  ( -0.000000000000000000, -0.000000000000000000, -1.000000000000000000 ) ) ;
#10080 = ORIENTED_EDGE ( 'NONE', *, *, #4001, .F. ) ;
#10081 = VECTOR ( 'NONE', #9705, 1000.000000000000000 ) ;
#10082 = VERTEX_POINT ( 'NONE', #564 ) ;
#10083 = VECTOR ( 'NONE', #7923, 1000.000000000000000 ) ;
#10084 = CIRCLE ( 'NONE', #206, 0.1150000000000000883 ) ;
#10085 = LINE ( 'NONE', #5945, #1084 ) ;
#10086 = UNCERTAINTY_MEASURE_WITH_UNIT (LENGTH_MEASURE( 1.000000000000000082E-05 ), #280, 'distance_accuracy_value', 'NONE');
#10087 = DIRECTION ( 'NONE',  ( 0.000000000000000000, 1.000000000000000000, 0.000000000000000000 ) ) ;
#10088 = VECTOR ( 'NONE', #3609, 1000.000000000000000 ) ;
#10089 = EDGE_CURVE ( 'NONE', #9640, #4189, #2408, .T. ) ;
#10090 = VERTEX_POINT ( 'NONE', #6595 ) ;
#10091 = DIRECTION ( 'NONE',  ( 1.000000000000000000, -0.000000000000000000, -1.734723475976807094E-16 ) ) ;
#10092 = DIRECTION ( 'NONE',  ( -0.000000000000000000, -1.000000000000000000, -0.000000000000000000 ) ) ;
#10093 = DIRECTION ( 'NONE',  ( -0.000000000000000000, -1.000000000000000000, -0.000000000000000000 ) ) ;
#10094 = VECTOR ( 'NONE', #737, 1000.000000000000000 ) ;
#10095 = ORIENTED_EDGE ( 'NONE', *, *, #71, .F. ) ;
#10096 = AXIS2_PLACEMENT_3D ( 'NONE', #10782, #9682, #6315 ) ;
#10097 = VECTOR ( 'NONE', #6466, 1000.000000000000000 ) ;
#10098 = ORIENTED_EDGE ( 'NONE', *, *, #4986, .F. ) ;
#10099 = AXIS2_PLACEMENT_3D ( 'NONE', #9804, #1293, #5591 ) ;
#10100 = EDGE_CURVE ( 'NONE', #6727, #7018, #9743, .T. ) ;
#10101 = EDGE_CURVE ( 'NONE', #5368, #1014, #8033, .T. ) ;
#10102 = DIRECTION ( 'NONE',  ( 1.000000000000000000, -0.000000000000000000, 1.521687259628770718E-15 ) ) ;
#10103 = ORIENTED_EDGE ( 'NONE', *, *, #8097, .T. ) ;
#10104 = COLOUR_RGB ( '',0.7921568627450980005, 0.8196078431372548767, 0.9333333333333333481 ) ;
#10105 = VECTOR ( 'NONE', #996, 1000.000000000000000 ) ;
#10106 = CARTESIAN_POINT ( 'NONE',  ( -0.3649999999999992140, 0.1999999999999999833, -2.500000000000001332 ) ) ;
#10107 = EDGE_CURVE ( 'NONE', #7225, #9722, #8493, .T. ) ;
#10108 = ORIENTED_EDGE ( 'NONE', *, *, #6825, .T. ) ;
#10109 = DIRECTION ( 'NONE',  ( 0.000000000000000000, -1.000000000000000000, 0.000000000000000000 ) ) ;
#10110 = FACE_OUTER_BOUND ( 'NONE', #4798, .T. ) ;
#10111 = CIRCLE ( 'NONE', #8338, 0.1150000000000000883 ) ;
#10112 = CARTESIAN_POINT ( 'NONE',  ( 2.500000000000002220, 0.000000000000000000, -0.8650000000000001021 ) ) ;
#10113 = DIRECTION ( 'NONE',  ( 0.000000000000000000, -1.000000000000000000, 0.000000000000000000 ) ) ;
#10114 = EDGE_LOOP ( 'NONE', ( #4930, #4903, #5886, #4547 ) ) ;
#10115 = STYLED_ITEM ( 'NONE', ( #8352 ), #9437 ) ;
#10116 = AXIS2_PLACEMENT_3D ( 'NONE', #1983, #7887, #5283 ) ;
#10117 = EDGE_CURVE ( 'NONE', #1124, #2879, #10796, .T. ) ;
#10118 = VERTEX_POINT ( 'NONE', #6370 ) ;
#10119 = DIRECTION ( 'NONE',  ( 0.000000000000000000, -0.000000000000000000, -1.000000000000000000 ) ) ;
#10120 = ORIENTED_EDGE ( 'NONE', *, *, #5696, .F. ) ;
#10121 = VERTEX_POINT ( 'NONE', #2186 ) ;
#10122 = PRESENTATION_STYLE_ASSIGNMENT (( #5026 ) ) ;
#10123 = ADVANCED_FACE ( 'NONE', ( #9904 ), #9968, .F. ) ;
#10124 = ORIENTED_EDGE ( 'NONE', *, *, #1388, .F. ) ;
#10125 =( NAMED_UNIT ( * ) PLANE_ANGLE_UNIT ( ) SI_UNIT ( $, .RADIAN. ) );
#10126 = LINE ( 'NONE', #8509, #2444 ) ;
#10127 = CARTESIAN_POINT ( 'NONE',  ( -2.500000000000002220, 0.000000000000000000, -1.365000000000000213 ) ) ;
#10128 = AXIS2_PLACEMENT_3D ( 'NONE', #5251, #4410, #7742 ) ;
#10129 = DIRECTION ( 'NONE',  ( 0.000000000000000000, 1.000000000000000000, -0.000000000000000000 ) ) ;
#10130 = LINE ( 'NONE', #886, #9566 ) ;
#10131 = CARTESIAN_POINT ( 'NONE',  ( 2.215000000000000746, 0.6614108798023753399, 0.3650000000000007683 ) ) ;
#10132 = VECTOR ( 'NONE', #5878, 1000.000000000000000 ) ;
#10133 = ORIENTED_EDGE ( 'NONE', *, *, #7628, .T. ) ;
#10134 = AXIS2_PLACEMENT_3D ( 'NONE', #9921, #2362, #1518 ) ;
#10135 = AXIS2_PLACEMENT_3D ( 'NONE', #1942, #10508, #5298 ) ;
#10136 = VERTEX_POINT ( 'NONE', #625 ) ;
#10137 = CARTESIAN_POINT ( 'NONE',  ( 0.8650000000000007683, 0.2000000000000000111, 2.500000000000001332 ) ) ;
#10138 = ORIENTED_EDGE ( 'NONE', *, *, #9717, .T. ) ;
#10139 = DIRECTION ( 'NONE',  ( 1.000000000000000000, 0.000000000000000000, -1.521687259628770718E-15 ) ) ;
#10140 = DIRECTION ( 'NONE',  ( 0.000000000000000000, -0.000000000000000000, -1.000000000000000000 ) ) ;
#10141 = CARTESIAN_POINT ( 'NONE',  ( -1.364999999999999547, 0.2000000000000005107, -2.500000000000000888 ) ) ;
#10142 = EDGE_CURVE ( 'NONE', #8653, #143, #463, .T. ) ;
#10143 = DIRECTION ( 'NONE',  ( 7.608436298143888101E-16, -0.000000000000000000, 1.000000000000000000 ) ) ;
#10144 = LINE ( 'NONE', #6709, #2699 ) ;
#10145 = EDGE_LOOP ( 'NONE', ( #5677, #419, #10567, #4910 ) ) ;
#10146 = VERTEX_POINT ( 'NONE', #7363 ) ;
#10147 = EDGE_CURVE ( 'NONE', #4867, #8289, #10084, .T. ) ;
#10148 = DIRECTION ( 'NONE',  ( -1.000000000000000000, 0.000000000000000000, 1.521687259628770718E-15 ) ) ;
#10149 = CARTESIAN_POINT ( 'NONE',  ( 2.500000000000001332, 0.6614108798023753399, -0.6349999999999994538 ) ) ;
#10150 = LINE ( 'NONE', #2595, #10544 ) ;
#10151 =( NAMED_UNIT ( * ) PLANE_ANGLE_UNIT ( ) SI_UNIT ( $, .RADIAN. ) );
#10152 = EDGE_CURVE ( 'NONE', #4476, #8329, #3105, .T. ) ;
#10153 = DIRECTION ( 'NONE',  ( -1.000000000000000000, 0.000000000000000000, -1.521687259628770718E-15 ) ) ;
#10154 =( LENGTH_UNIT ( ) NAMED_UNIT ( * ) SI_UNIT ( .MILLI., .METRE. ) );
#10155 = AXIS2_PLACEMENT_3D ( 'NONE', #2406, #2457, #5754 ) ;
#10156 = DIRECTION ( 'NONE',  ( 0.000000000000000000, -0.000000000000000000, -1.000000000000000000 ) ) ;
#10157 = VERTEX_POINT ( 'NONE', #3999 ) ;
#10158 = VERTEX_POINT ( 'NONE', #10686 ) ;
#10159 = AXIS2_PLACEMENT_3D ( 'NONE', #1490, #3933, #3144 ) ;
#10160 = DIRECTION ( 'NONE',  ( -0.000000000000000000, -1.000000000000000000, -0.000000000000000000 ) ) ;
#10161 = ORIENTED_EDGE ( 'NONE', *, *, #2189, .F. ) ;
#10162 = ORIENTED_EDGE ( 'NONE', *, *, #4013, .T. ) ;
#10163 = DIRECTION ( 'NONE',  ( -0.000000000000000000, 0.000000000000000000, 1.000000000000000000 ) ) ;
#10164 = DIRECTION ( 'NONE',  ( -1.000000000000000000, 0.000000000000000000, 0.000000000000000000 ) ) ;
#10165 = CARTESIAN_POINT ( 'NONE',  ( -2.500000000000002220, 0.04999999999999969746, 1.135000000000000009 ) ) ;
#10166 = LINE ( 'NONE', #820, #1801 ) ;
#10167 = DIRECTION ( 'NONE',  ( 1.000000000000000000, -0.000000000000000000, -1.734723475976807094E-16 ) ) ;
#10168 = EDGE_CURVE ( 'NONE', #82, #4534, #5701, .T. ) ;
#10169 = LINE ( 'NONE', #5704, #2877 ) ;
#10170 = ADVANCED_FACE ( 'NONE', ( #1338 ), #7253, .F. ) ;
#10171 = VERTEX_POINT ( 'NONE', #7412 ) ;
#10172 = DIRECTION ( 'NONE',  ( 0.000000000000000000, -1.000000000000000000, 0.000000000000000000 ) ) ;
#10173 = VERTEX_POINT ( 'NONE', #4659 ) ;
#10174 = ORIENTED_EDGE ( 'NONE', *, *, #3285, .T. ) ;
#10175 = PLANE ( 'NONE',  #8684 ) ;
#10176 = AXIS2_PLACEMENT_3D ( 'NONE', #2481, #10936, #8475 ) ;
#10177 = ORIENTED_EDGE ( 'NONE', *, *, #842, .T. ) ;
#10178 = DIRECTION ( 'NONE',  ( -1.000000000000000000, 0.000000000000000000, 8.673617379884035472E-17 ) ) ;
#10179 = ORIENTED_EDGE ( 'NONE', *, *, #4358, .T. ) ;
#10180 = DIRECTION ( 'NONE',  ( 0.000000000000000000, 0.000000000000000000, 1.000000000000000000 ) ) ;
#10181 = FACE_OUTER_BOUND ( 'NONE', #717, .T. ) ;
#10182 = DIRECTION ( 'NONE',  ( 0.000000000000000000, -1.000000000000000000, 0.000000000000000000 ) ) ;
#10183 = CARTESIAN_POINT ( 'NONE',  ( -2.215000000000000746, 0.6614108798023753399, 0.1350000000000001477 ) ) ;
#10184 = CARTESIAN_POINT ( 'NONE',  ( 2.215000000000000746, 0.6614108798023753399, -0.7500000000000008882 ) ) ;
#10185 = ADVANCED_FACE ( 'NONE', ( #4756 ), #8085, .F. ) ;
#10186 = ORIENTED_EDGE ( 'NONE', *, *, #678, .T. ) ;
#10187 = VECTOR ( 'NONE', #7765, 1000.000000000000000 ) ;
#10188 = ORIENTED_EDGE ( 'NONE', *, *, #2424, .F. ) ;
#10189 = DIRECTION ( 'NONE',  ( 0.000000000000000000, 1.000000000000000000, 0.000000000000000000 ) ) ;
#10190 = ORIENTED_EDGE ( 'NONE', *, *, #601, .T. ) ;
#10191 = CARTESIAN_POINT ( 'NONE',  ( 2.215000000000000746, 0.05000000000000002359, -1.365000000000001101 ) ) ;
#10192 = DIRECTION ( 'NONE',  ( -0.000000000000000000, 1.000000000000000000, -0.000000000000000000 ) ) ;
#10193 = CARTESIAN_POINT ( 'NONE',  ( 1.635000000000000675, 0.000000000000000000, 2.215000000000001190 ) ) ;
#10194 = AXIS2_PLACEMENT_3D ( 'NONE', #5081, #8451, #3440 ) ;
#10195 = DIRECTION ( 'NONE',  ( -0.000000000000000000, -1.000000000000000000, -0.000000000000000000 ) ) ;
#10196 = CARTESIAN_POINT ( 'NONE',  ( -2.500000000000000444, 0.05000000000000000278, -2.500000000000000888 ) ) ;
#10197 = EDGE_CURVE ( 'NONE', #8329, #683, #4875, .T. ) ;
#10198 = ORIENTED_EDGE ( 'NONE', *, *, #3137, .F. ) ;
#10199 = EDGE_CURVE ( 'NONE', #1285, #8234, #673, .T. ) ;
#10200 = ORIENTED_EDGE ( 'NONE', *, *, #6781, .F. ) ;
#10201 = VECTOR ( 'NONE', #10109, 1000.000000000000000 ) ;
#10202 = VECTOR ( 'NONE', #10091, 1000.000000000000000 ) ;
#10203 = ORIENTED_EDGE ( 'NONE', *, *, #7208, .F. ) ;
#10204 = DIRECTION ( 'NONE',  ( -1.000000000000000000, 0.000000000000000000, 7.608436298143875282E-16 ) ) ;
#10205 = CARTESIAN_POINT ( 'NONE',  ( -1.749999999999999334, 0.2000000000000000111, -2.215000000000001190 ) ) ;
#10206 = UNCERTAINTY_MEASURE_WITH_UNIT (LENGTH_MEASURE( 1.000000000000000082E-05 ), #9812, 'distance_accuracy_value', 'NONE');
#10207 = CARTESIAN_POINT ( 'NONE',  ( -2.215000000000000746, 0.6614108798023753399, 0.3650000000000007683 ) ) ;
#10208 = FILL_AREA_STYLE ('',( #6001 ) ) ;
#10209 = DIRECTION ( 'NONE',  ( 0.000000000000000000, 0.000000000000000000, -1.000000000000000000 ) ) ;
#10210 = DIRECTION ( 'NONE',  ( -0.000000000000000000, -1.000000000000000000, -0.000000000000000000 ) ) ;
#10211 = EDGE_CURVE ( 'NONE', #3931, #1231, #10574, .T. ) ;
#10212 = EDGE_LOOP ( 'NONE', ( #8545, #3254, #5981, #1945 ) ) ;
#10213 = ADVANCED_FACE ( 'NONE', ( #3002 ), #6431, .F. ) ;
#10214 = CLOSED_SHELL ( 'NONE', ( #9090, #5942, #7761, #6793, #198, #3 ) ) ;
#10215 = DIRECTION ( 'NONE',  ( -7.608436298143875282E-16, 0.000000000000000000, -1.000000000000000000 ) ) ;
#10216 = ORIENTED_EDGE ( 'NONE', *, *, #2232, .T. ) ;
#10217 = FACE_OUTER_BOUND ( 'NONE', #8543, .T. ) ;
#10218 = LINE ( 'NONE', #5118, #3806 ) ;
#10219 = DIRECTION ( 'NONE',  ( 0.000000000000000000, 0.000000000000000000, -1.000000000000000000 ) ) ;
#10220 = LINE ( 'NONE', #2655, #8982 ) ;
#10221 = CARTESIAN_POINT ( 'NONE',  ( -0.3649999999999992140, 0.2000000000000000111, 2.500000000000001332 ) ) ;
#10222 = DIRECTION ( 'NONE',  ( 0.000000000000000000, 0.000000000000000000, 1.000000000000000000 ) ) ;
#10223 = EDGE_CURVE ( 'NONE', #7743, #9193, #3201, .T. ) ;
#10224 = DIRECTION ( 'NONE',  ( 0.000000000000000000, 0.000000000000000000, 1.000000000000000000 ) ) ;
#10225 = ORIENTED_EDGE ( 'NONE', *, *, #1952, .F. ) ;
#10226 = DIRECTION ( 'NONE',  ( -7.608436298143888101E-16, 0.000000000000000000, -1.000000000000000000 ) ) ;
#10227 = ORIENTED_EDGE ( 'NONE', *, *, #7771, .F. ) ;
#10228 = CARTESIAN_POINT ( 'NONE',  ( -2.215000000000000746, 0.6614108798023753399, 1.250000000000000222 ) ) ;
#10229 = ORIENTED_EDGE ( 'NONE', *, *, #9696, .F. ) ;
#10230 = ORIENTED_EDGE ( 'NONE', *, *, #5510, .F. ) ;
#10231 = CARTESIAN_POINT ( 'NONE',  ( -2.500000000000000444, 0.05000000000000000278, 2.499999999999999556 ) ) ;
#10232 = CARTESIAN_POINT ( 'NONE',  ( -0.7499999999999993339, 0.1999999999999999833, -2.215000000000001190 ) ) ;
#10233 = CARTESIAN_POINT ( 'NONE',  ( -1.364999999999999547, 0.6614108798023734526, 2.215000000000001190 ) ) ;
#10234 = DIRECTION ( 'NONE',  ( 0.000000000000000000, 0.000000000000000000, 1.000000000000000000 ) ) ;
#10235 = CARTESIAN_POINT ( 'NONE',  ( 0.6350000000000007860, 0.2000000000000000111, 2.500000000000001332 ) ) ;
#10236 = EDGE_CURVE ( 'NONE', #3946, #180, #8454, .T. ) ;
#10237 = VERTEX_POINT ( 'NONE', #5926 ) ;
#10238 = CIRCLE ( 'NONE', #6707, 0.1150000000000000883 ) ;
#10239 = ADVANCED_FACE ( 'NONE', ( #8405 ), #1778, .F. ) ;
#10240 = ORIENTED_EDGE ( 'NONE', *, *, #3094, .T. ) ;
#10241 = ADVANCED_FACE ( 'NONE', ( #9291 ), #9240, .F. ) ;
#10242 = DIRECTION ( 'NONE',  ( 0.000000000000000000, -1.000000000000000000, 0.000000000000000000 ) ) ;
#10243 = ORIENTED_EDGE ( 'NONE', *, *, #7402, .F. ) ;
#10244 = CARTESIAN_POINT ( 'NONE',  ( -2.215000000000000746, 0.1999999999999999833, -0.6349999999999992317 ) ) ;
#10245 = LINE ( 'NONE', #2633, #7782 ) ;
#10246 = LINE ( 'NONE', #5936, #8183 ) ;
#10247 = EDGE_CURVE ( 'NONE', #7452, #255, #4162, .T. ) ;
#10248 = CYLINDRICAL_SURFACE ( 'NONE', #1616, 0.1150000000000000883 ) ;
#10249 = LINE ( 'NONE', #2746, #1994 ) ;
#10250 = ORIENTED_EDGE ( 'NONE', *, *, #5561, .T. ) ;
#10251 = VERTEX_POINT ( 'NONE', #833 ) ;
#10252 = DIRECTION ( 'NONE',  ( 1.000000000000000000, -0.000000000000000000, 7.608436298143876268E-16 ) ) ;
#10253 = VECTOR ( 'NONE', #8573, 1000.000000000000000 ) ;
#10254 = FACE_OUTER_BOUND ( 'NONE', #2766, .T. ) ;
#10255 = FACE_OUTER_BOUND ( 'NONE', #6154, .T. ) ;
#10256 = EDGE_CURVE ( 'NONE', #9731, #193, #6645, .T. ) ;
#10257 = CARTESIAN_POINT ( 'NONE',  ( 0.7500000000000008882, 0.000000000000000000, 2.215000000000001190 ) ) ;
#10258 = CARTESIAN_POINT ( 'NONE',  ( 2.215000000000000746, 0.6614108798023753399, -0.2500000000000008882 ) ) ;
#10259 = AXIS2_PLACEMENT_3D ( 'NONE', #2261, #1645, #9266 ) ;
#10260 = DIRECTION ( 'NONE',  ( 0.000000000000000000, -1.000000000000000000, 0.000000000000000000 ) ) ;
#10261 = VECTOR ( 'NONE', #6609, 1000.000000000000000 ) ;
#10262 = EDGE_LOOP ( 'NONE', ( #1324, #3309, #10179, #5584 ) ) ;
#10263 = VECTOR ( 'NONE', #5084, 1000.000000000000000 ) ;
#10264 = VECTOR ( 'NONE', #9744, 1000.000000000000000 ) ;
#10265 = DIRECTION ( 'NONE',  ( -1.000000000000000000, 0.000000000000000000, -3.771137991253918417E-15 ) ) ;
#10266 = AXIS2_PLACEMENT_3D ( 'NONE', #4635, #8010, #5564 ) ;
#10267 = ORIENTED_EDGE ( 'NONE', *, *, #9186, .F. ) ;
#10268 = DIRECTION ( 'NONE',  ( 0.000000000000000000, -1.000000000000000000, 0.000000000000000000 ) ) ;
#10269 = DIRECTION ( 'NONE',  ( 1.000000000000000000, 0.000000000000000000, -7.608436298143875282E-16 ) ) ;
#10270 = CARTESIAN_POINT ( 'NONE',  ( -2.837946739207651631E-15, 0.05000000000000000278, -1.864999999999996216 ) ) ;
#10271 = CARTESIAN_POINT ( 'NONE',  ( 1.135000000000000897, 0.2000000000000000111, -2.500000000000001332 ) ) ;
#10272 = AXIS2_PLACEMENT_3D ( 'NONE', #9710, #2143, #5499 ) ;
#10273 = FACE_OUTER_BOUND ( 'NONE', #10890, .T. ) ;
#10274 = CARTESIAN_POINT ( 'NONE',  ( 1.365000000000000657, 0.1999999999999999833, -2.500000000000001332 ) ) ;
#10275 = AXIS2_PLACEMENT_3D ( 'NONE', #10292, #6980, #4541 ) ;
#10276 = EDGE_CURVE ( 'NONE', #3615, #3489, #10064, .T. ) ;
#10277 = CARTESIAN_POINT ( 'NONE',  ( -1.864999999999999325, 0.2000000000000000111, 2.500000000000001332 ) ) ;
#10278 = ORIENTED_EDGE ( 'NONE', *, *, #7829, .T. ) ;
#10279 = VECTOR ( 'NONE', #3337, 1000.000000000000000 ) ;
#10280 = ORIENTED_EDGE ( 'NONE', *, *, #1865, .F. ) ;
#10281 = PLANE ( 'NONE',  #4113 ) ;
#10282 = ADVANCED_FACE ( 'NONE', ( #1673 ), #3443, .F. ) ;
#10283 = VERTEX_POINT ( 'NONE', #7476 ) ;
#10284 = ORIENTED_EDGE ( 'NONE', *, *, #3110, .T. ) ;
#10285 = VECTOR ( 'NONE', #6908, 1000.000000000000000 ) ;
#10286 = ORIENTED_EDGE ( 'NONE', *, *, #9050, .F. ) ;
#10287 =( NAMED_UNIT ( * ) PLANE_ANGLE_UNIT ( ) SI_UNIT ( $, .RADIAN. ) );
#10288 = ORIENTED_EDGE ( 'NONE', *, *, #7677, .T. ) ;
#10289 = CARTESIAN_POINT ( 'NONE',  ( -2.500000000000002220, 0.6614108798023753399, 1.635000000000000009 ) ) ;
#10290 = CARTESIAN_POINT ( 'NONE',  ( -1.800000000000001155, 1.000000000000000000, -1.550000000000000711 ) ) ;
#10291 = DIRECTION ( 'NONE',  ( 0.000000000000000000, 0.000000000000000000, -1.000000000000000000 ) ) ;
#10292 = CARTESIAN_POINT ( 'NONE',  ( -2.215000000000000746, 0.05000000000000002359, -1.749999999999999778 ) ) ;
#10293 = CARTESIAN_POINT ( 'NONE',  ( -2.215000000000000746, 0.1999999999999999833, 0.3650000000000007683 ) ) ;
#10294 = COLOUR_RGB ( '',0.7921568627450980005, 0.8196078431372548767, 0.9333333333333333481 ) ;
#10295 = STYLED_ITEM ( 'NONE', ( #2390 ), #5965 ) ;
#10296 = EDGE_LOOP ( 'NONE', ( #7463, #9079, #1165, #7752 ) ) ;
#10297 = AXIS2_PLACEMENT_3D ( 'NONE', #10554, #9507, #5355 ) ;
#10298 = EDGE_CURVE ( 'NONE', #2985, #6848, #5034, .T. ) ;
#10299 = ORIENTED_EDGE ( 'NONE', *, *, #7208, .T. ) ;
#10300 = COLOUR_RGB ( '',0.7921568627450980005, 0.8196078431372548767, 0.9333333333333333481 ) ;
#10301 = CARTESIAN_POINT ( 'NONE',  ( 1.365000000000000879, 0.6614108798023734526, 2.215000000000001190 ) ) ;
#10302 = ORIENTED_EDGE ( 'NONE', *, *, #6187, .T. ) ;
#10303 = DIRECTION ( 'NONE',  ( -1.000000000000000000, -0.000000000000000000, -1.521687259628770718E-15 ) ) ;
#10304 = CARTESIAN_POINT ( 'NONE',  ( 2.215000000000000746, 0.05000000000000002359, 0.7499999999999991118 ) ) ;
#10305 = DIRECTION ( 'NONE',  ( -1.000000000000000000, 0.000000000000000000, 0.000000000000000000 ) ) ;
#10306 = LINE ( 'NONE', #1235, #8656 ) ;
#10307 = CARTESIAN_POINT ( 'NONE',  ( 2.500000000000002220, 0.000000000000000000, -1.865000000000000213 ) ) ;
#10308 = ORIENTED_EDGE ( 'NONE', *, *, #8944, .F. ) ;
#10309 = PLANE ( 'NONE',  #8325 ) ;
#10310 = ORIENTED_EDGE ( 'NONE', *, *, #8755, .F. ) ;
#10311 = EDGE_CURVE ( 'NONE', #6138, #9087, #10130, .T. ) ;
#10312 = AXIS2_PLACEMENT_3D ( 'NONE', #6651, #3113, #2464 ) ;
#10313 = ADVANCED_FACE ( 'NONE', ( #1559 ), #13, .T. ) ;
#10314 = EDGE_CURVE ( 'NONE', #9640, #4408, #2671, .T. ) ;
#10315 = EDGE_LOOP ( 'NONE', ( #5051, #1248, #4917, #8996 ) ) ;
#10316 = LINE ( 'NONE', #6116, #5327 ) ;
#10317 = DIRECTION ( 'NONE',  ( 0.000000000000000000, 0.000000000000000000, 1.000000000000000000 ) ) ;
#10318 = DIRECTION ( 'NONE',  ( -0.000000000000000000, -1.000000000000000000, -0.000000000000000000 ) ) ;
#10319 = PRESENTATION_STYLE_ASSIGNMENT (( #3574 ) ) ;
#10320 = CARTESIAN_POINT ( 'NONE',  ( -1.749999999999999112, 0.2000000000000000111, 2.215000000000001190 ) ) ;
#10321 = CARTESIAN_POINT ( 'NONE',  ( -2.215000000000000746, 0.1999999999999999833, 1.365000000000000657 ) ) ;
#10322 = ADVANCED_FACE ( 'NONE', ( #6758 ), #953, .F. ) ;
#10323 = ORIENTED_EDGE ( 'NONE', *, *, #1782, .T. ) ;
#10324 = EDGE_CURVE ( 'NONE', #4325, #7146, #2687, .T. ) ;
#10325 = DIRECTION ( 'NONE',  ( -1.000000000000000000, 0.000000000000000000, -7.608436298143875282E-16 ) ) ;
#10326 = ORIENTED_EDGE ( 'NONE', *, *, #3612, .F. ) ;
#10327 = DIRECTION ( 'NONE',  ( 1.000000000000000000, 0.000000000000000000, -7.608436298143875282E-16 ) ) ;
#10328 = CARTESIAN_POINT ( 'NONE',  ( 1.135000000000000675, 0.000000000000000000, -2.215000000000001190 ) ) ;
#10329 = LINE ( 'NONE', #1985, #4525 ) ;
#10330 =( LENGTH_UNIT ( ) NAMED_UNIT ( * ) SI_UNIT ( .MILLI., .METRE. ) );
#10331 = CARTESIAN_POINT ( 'NONE',  ( -0.3649999999999994360, 0.6614108798023734526, -2.215000000000001190 ) ) ;
#10332 = LINE ( 'NONE', #1886, #10631 ) ;
#10333 = ORIENTED_EDGE ( 'NONE', *, *, #311, .T. ) ;
#10334 = DIRECTION ( 'NONE',  ( 0.000000000000000000, -0.000000000000000000, -1.000000000000000000 ) ) ;
#10335 = EDGE_CURVE ( 'NONE', #503, #7484, #9343, .T. ) ;
#10336 = VECTOR ( 'NONE', #3423, 1000.000000000000000 ) ;
#10337 = ORIENTED_EDGE ( 'NONE', *, *, #1374, .F. ) ;
#10338 = EDGE_CURVE ( 'NONE', #1653, #7701, #5489, .T. ) ;
#10339 = ORIENTED_EDGE ( 'NONE', *, *, #2637, .T. ) ;
#10340 = DIRECTION ( 'NONE',  ( 0.000000000000000000, -0.000000000000000000, 1.000000000000000000 ) ) ;
#10341 = ORIENTED_EDGE ( 'NONE', *, *, #1200, .T. ) ;
#10342 = VERTEX_POINT ( 'NONE', #7910 ) ;
#10343 = CIRCLE ( 'NONE', #804, 0.1150000000000001993 ) ;
#10344 = ORIENTED_EDGE ( 'NONE', *, *, #8423, .F. ) ;
#10345 = DIRECTION ( 'NONE',  ( 0.000000000000000000, -0.000000000000000000, 1.000000000000000000 ) ) ;
#10346 = DIRECTION ( 'NONE',  ( 0.000000000000000000, 0.000000000000000000, -1.000000000000000000 ) ) ;
#10347 = CARTESIAN_POINT ( 'NONE',  ( -1.749999999999999334, 0.2000000000000000111, -2.215000000000001190 ) ) ;
#10348 = PLANE ( 'NONE',  #6562 ) ;
#10349 = ORIENTED_EDGE ( 'NONE', *, *, #3897, .F. ) ;
#10350 = DIRECTION ( 'NONE',  ( -1.000000000000000000, 0.000000000000000000, -7.608436298143875282E-16 ) ) ;
#10351 = VERTEX_POINT ( 'NONE', #7748 ) ;
#10352 = ADVANCED_FACE ( 'NONE', ( #7142 ), #10348, .F. ) ;
#10353 = EDGE_CURVE ( 'NONE', #10013, #237, #7077, .T. ) ;
#10354 = ORIENTED_EDGE ( 'NONE', *, *, #2137, .T. ) ;
#10355 = DIRECTION ( 'NONE',  ( 0.000000000000000000, -1.000000000000000000, 0.000000000000000000 ) ) ;
#10356 = ORIENTED_EDGE ( 'NONE', *, *, #7119, .T. ) ;
#10357 = LINE ( 'NONE', #346, #922 ) ;
#10358 = CARTESIAN_POINT ( 'NONE',  ( 2.215000000000000746, 0.6614108798023753399, 1.865000000000000879 ) ) ;
#10359 = LINE ( 'NONE', #3723, #6053 ) ;
#10360 = DIRECTION ( 'NONE',  ( 0.000000000000000000, -1.000000000000000000, 0.000000000000000000 ) ) ;
#10361 = CARTESIAN_POINT ( 'NONE',  ( 0.3650000000000009348, 0.2000000000000000111, 2.215000000000001190 ) ) ;
#10362 = VECTOR ( 'NONE', #4024, 1000.000000000000000 ) ;
#10363 = FACE_OUTER_BOUND ( 'NONE', #4530, .T. ) ;
#10364 = ORIENTED_EDGE ( 'NONE', *, *, #10867, .T. ) ;
#10365 = AXIS2_PLACEMENT_3D ( 'NONE', #8143, #5715, #8092 ) ;
#10366 = DIRECTION ( 'NONE',  ( 7.608436298143888101E-16, 0.000000000000000000, -1.000000000000000000 ) ) ;
#10367 = CARTESIAN_POINT ( 'NONE',  ( -2.215000000000000746, 0.000000000000000000, -0.6349999999999992317 ) ) ;
#10368 = ADVANCED_FACE ( 'NONE', ( #5416 ), #5366, .T. ) ;
#10369 = CARTESIAN_POINT ( 'NONE',  ( 2.215000000000000746, 0.1999999999999999833, -0.6349999999999992317 ) ) ;
#10370 = SURFACE_SIDE_STYLE ('',( #3629 ) ) ;
#10371 = VERTEX_POINT ( 'NONE', #10515 ) ;
#10372 = DIRECTION ( 'NONE',  ( 0.000000000000000000, 0.000000000000000000, 1.000000000000000000 ) ) ;
#10373 = DIRECTION ( 'NONE',  ( 7.608436298143888101E-16, -0.000000000000000000, 1.000000000000000000 ) ) ;
#10374 = AXIS2_PLACEMENT_3D ( 'NONE', #10846, #2447, #3196 ) ;
#10375 = VERTEX_POINT ( 'NONE', #339 ) ;
#10376 = DIRECTION ( 'NONE',  ( 0.000000000000000000, 1.000000000000000000, 0.000000000000000000 ) ) ;
#10377 = EDGE_CURVE ( 'NONE', #8624, #8523, #9519, .T. ) ;
#10378 = EDGE_CURVE ( 'NONE', #2588, #5618, #8725, .T. ) ;
#10379 = CARTESIAN_POINT ( 'NONE',  ( -2.215000000000000746, 0.1999999999999999833, -0.3649999999999999911 ) ) ;
#10380 = CYLINDRICAL_SURFACE ( 'NONE', #3100, 0.1150000000000000883 ) ;
#10381 = CYLINDRICAL_SURFACE ( 'NONE', #8409, 0.1150000000000001993 ) ;
#10382 = CARTESIAN_POINT ( 'NONE',  ( -2.500000000000002220, 0.6614108798023753399, 0.1349999999999999256 ) ) ;
#10383 = CARTESIAN_POINT ( 'NONE',  ( 1.135000000000000897, 0.2000000000000000111, 2.500000000000001332 ) ) ;
#10384 = FACE_OUTER_BOUND ( 'NONE', #8864, .T. ) ;
#10385 = ORIENTED_EDGE ( 'NONE', *, *, #7531, .F. ) ;
#10386 = DIRECTION ( 'NONE',  ( 0.000000000000000000, 0.000000000000000000, -1.000000000000000000 ) ) ;
#10387 = ORIENTED_EDGE ( 'NONE', *, *, #3296, .F. ) ;
#10388 = CARTESIAN_POINT ( 'NONE',  ( -0.8649999999999994360, 0.1999999999999999833, 2.215000000000001190 ) ) ;
#10389 = ORIENTED_EDGE ( 'NONE', *, *, #2895, .T. ) ;
#10390 = EDGE_LOOP ( 'NONE', ( #10908, #8558, #10734, #5066 ) ) ;
#10391 = CARTESIAN_POINT ( 'NONE',  ( 0.8650000000000007683, 0.1999999999999999833, -2.500000000000001332 ) ) ;
#10392 = EDGE_CURVE ( 'NONE', #2919, #8449, #9405, .T. ) ;
#10393 = ORIENTED_EDGE ( 'NONE', *, *, #8153, .F. ) ;
#10394 = CARTESIAN_POINT ( 'NONE',  ( -1.134999999999999343, 0.05000000000000000278, 0.000000000000000000 ) ) ;
#10395 = ORIENTED_EDGE ( 'NONE', *, *, #7271, .F. ) ;
#10396 = CARTESIAN_POINT ( 'NONE',  ( -1.749999999999999334, 0.6614108798023734526, -2.215000000000001190 ) ) ;
#10397 = LINE ( 'NONE', #2778, #6806 ) ;
#10398 = CLOSED_SHELL ( 'NONE', ( #2477, #5980, #1916, #393, #4841, #8344 ) ) ;
#10399 = CARTESIAN_POINT ( 'NONE',  ( 2.500000000000001332, 0.6614108798023753399, -1.134999999999999565 ) ) ;
#10400 = CYLINDRICAL_SURFACE ( 'NONE', #730, 0.1150000000000001993 ) ;
#10401 = ADVANCED_FACE ( 'NONE', ( #2065 ), #10400, .T. ) ;
#10402 = LINE ( 'NONE', #3660, #10455 ) ;
#10403 = ORIENTED_EDGE ( 'NONE', *, *, #9370, .T. ) ;
#10404 = VERTEX_POINT ( 'NONE', #1223 ) ;
#10405 = ORIENTED_EDGE ( 'NONE', *, *, #1314, .F. ) ;
#10406 = LINE ( 'NONE', #8733, #9611 ) ;
#10407 = ORIENTED_EDGE ( 'NONE', *, *, #6870, .T. ) ;
#10408 = DIRECTION ( 'NONE',  ( 7.608436298143875282E-16, 0.000000000000000000, -1.000000000000000000 ) ) ;
#10409 = CARTESIAN_POINT ( 'NONE',  ( 2.215000000000000746, 0.1999999999999999833, 1.249999999999999112 ) ) ;
#10410 = DIRECTION ( 'NONE',  ( -0.000000000000000000, -1.000000000000000000, -0.000000000000000000 ) ) ;
#10411 = DIRECTION ( 'NONE',  ( -0.000000000000000000, -1.000000000000000000, -0.000000000000000000 ) ) ;
#10412 = DIRECTION ( 'NONE',  ( 0.000000000000000000, -1.000000000000000000, 0.000000000000000000 ) ) ;
#10413 = CARTESIAN_POINT ( 'NONE',  ( -2.215000000000000746, 0.1999999999999999833, -1.634999999999999343 ) ) ;
#10414 = ORIENTED_EDGE ( 'NONE', *, *, #8097, .F. ) ;
#10415 = EDGE_CURVE ( 'NONE', #10747, #7288, #4090, .T. ) ;
#10416 = AXIS2_PLACEMENT_3D ( 'NONE', #10382, #5235, #7731 ) ;
#10417 = VERTEX_POINT ( 'NONE', #2942 ) ;
#10418 = CARTESIAN_POINT ( 'NONE',  ( -2.215000000000000746, 0.05000000000000002359, -1.864999999999999991 ) ) ;
#10419 = CARTESIAN_POINT ( 'NONE',  ( 2.500000000000001332, 0.000000000000000000, -0.1349999999999994815 ) ) ;
#10420 = PLANE ( 'NONE',  #650 ) ;
#10421 = VECTOR ( 'NONE', #5058, 1000.000000000000000 ) ;
#10422 = FILL_AREA_STYLE_COLOUR ( '', #6073 ) ;
#10423 = DIRECTION ( 'NONE',  ( 7.608436298143875282E-16, 0.000000000000000000, -1.000000000000000000 ) ) ;
#10424 = DIRECTION ( 'NONE',  ( 1.000000000000000000, 0.000000000000000000, -3.771137991253918417E-15 ) ) ;
#10425 = ORIENTED_EDGE ( 'NONE', *, *, #2035, .F. ) ;
#10426 = ORIENTED_EDGE ( 'NONE', *, *, #2276, .F. ) ;
#10427 = VECTOR ( 'NONE', #8141, 1000.000000000000000 ) ;
#10428 = EDGE_CURVE ( 'NONE', #4686, #6042, #6202, .T. ) ;
#10429 = DIRECTION ( 'NONE',  ( 0.000000000000000000, -1.000000000000000000, 0.000000000000000000 ) ) ;
#10430 = FACE_OUTER_BOUND ( 'NONE', #5470, .T. ) ;
#10431 = VECTOR ( 'NONE', #7269, 1000.000000000000000 ) ;
#10432 = LINE ( 'NONE', #5397, #1875 ) ;
#10433 = DIRECTION ( 'NONE',  ( -1.521687259628770718E-15, 0.000000000000000000, 1.000000000000000000 ) ) ;
#10434 = LINE ( 'NONE', #1096, #6038 ) ;
#10435 = ORIENTED_EDGE ( 'NONE', *, *, #3855, .T. ) ;
#10436 = DIRECTION ( 'NONE',  ( -0.000000000000000000, -0.000000000000000000, -1.000000000000000000 ) ) ;
#10437 = CIRCLE ( 'NONE', #1968, 0.1150000000000002964 ) ;
#10438 = AXIS2_PLACEMENT_3D ( 'NONE', #7376, #4719, #10643 ) ;
#10439 = ORIENTED_EDGE ( 'NONE', *, *, #10211, .T. ) ;
#10440 = CARTESIAN_POINT ( 'NONE',  ( 2.500000000000001332, 0.1999999999999999833, 0.8650000000000005462 ) ) ;
#10441 = EDGE_CURVE ( 'NONE', #5214, #224, #2011, .T. ) ;
#10442 = AXIS2_PLACEMENT_3D ( 'NONE', #4982, #7314, #5927 ) ;
#10443 = ORIENTED_EDGE ( 'NONE', *, *, #8881, .F. ) ;
#10444 = ORIENTED_EDGE ( 'NONE', *, *, #4723, .T. ) ;
#10445 = PLANE ( 'NONE',  #10835 ) ;
#10446 = EDGE_CURVE ( 'NONE', #7902, #7342, #3607, .T. ) ;
#10447 = ORIENTED_EDGE ( 'NONE', *, *, #3293, .T. ) ;
#10448 = ORIENTED_EDGE ( 'NONE', *, *, #729, .F. ) ;
#10449 = VECTOR ( 'NONE', #1982, 1000.000000000000000 ) ;
#10450 =( NAMED_UNIT ( * ) PLANE_ANGLE_UNIT ( ) SI_UNIT ( $, .RADIAN. ) );
#10451 = CIRCLE ( 'NONE', #1263, 0.1150000000000002964 ) ;
#10452 = DIRECTION ( 'NONE',  ( -0.000000000000000000, -1.000000000000000000, -0.000000000000000000 ) ) ;
#10453 = DIRECTION ( 'NONE',  ( -0.000000000000000000, -1.000000000000000000, -0.000000000000000000 ) ) ;
#10454 = CYLINDRICAL_SURFACE ( 'NONE', #9637, 0.1150000000000000883 ) ;
#10455 = VECTOR ( 'NONE', #1281, 1000.000000000000000 ) ;
#10456 = LINE ( 'NONE', #338, #6017 ) ;
#10457 = CARTESIAN_POINT ( 'NONE',  ( -1.749999999999999334, 0.2000000000000000111, -2.215000000000001190 ) ) ;
#10458 = AXIS2_PLACEMENT_3D ( 'NONE', #4604, #6074, #9438 ) ;
#10459 = CARTESIAN_POINT ( 'NONE',  ( 2.215000000000000746, 0.05000000000000002359, -0.2500000000000008882 ) ) ;
#10460 = ORIENTED_EDGE ( 'NONE', *, *, #10784, .F. ) ;
#10461 = AXIS2_PLACEMENT_3D ( 'NONE', #8855, #10696, #4884 ) ;
#10462 = EDGE_CURVE ( 'NONE', #8882, #10371, #7633, .T. ) ;
#10463 = AXIS2_PLACEMENT_3D ( 'NONE', #3316, #5964, #2448 ) ;
#10464 = VECTOR ( 'NONE', #5667, 1000.000000000000000 ) ;
#10465 = EDGE_CURVE ( 'NONE', #6619, #9736, #5200, .T. ) ;
#10466 = VECTOR ( 'NONE', #2126, 1000.000000000000000 ) ;
#10467 = ORIENTED_EDGE ( 'NONE', *, *, #8773, .F. ) ;
#10468 = CARTESIAN_POINT ( 'NONE',  ( -2.500000000000001332, 0.1999999999999999833, 1.865000000000000657 ) ) ;
#10469 = ORIENTED_EDGE ( 'NONE', *, *, #4986, .T. ) ;
#10470 = CYLINDRICAL_SURFACE ( 'NONE', #1995, 0.1150000000000000883 ) ;
#10471 = CARTESIAN_POINT ( 'NONE',  ( -1.749999999999999112, 0.2000000000000000111, 2.215000000000001190 ) ) ;
#10472 = AXIS2_PLACEMENT_3D ( 'NONE', #9843, #3055, #9898 ) ;
#10473 = CARTESIAN_POINT ( 'NONE',  ( -0.8649999999999992140, 0.000000000000000000, 2.500000000000001332 ) ) ;
#10474 = CARTESIAN_POINT ( 'NONE',  ( 2.500000000000002220, 0.6614108798023753399, 0.1349999999999999256 ) ) ;
#10475 = CIRCLE ( 'NONE', #6266, 0.1150000000000000883 ) ;
#10476 = DIRECTION ( 'NONE',  ( -7.608436298143875282E-16, 0.000000000000000000, -1.000000000000000000 ) ) ;
#10477 = LINE ( 'NONE', #10307, #7444 ) ;
#10478 = AXIS2_PLACEMENT_3D ( 'NONE', #1101, #273, #10334 ) ;
#10479 = DIRECTION ( 'NONE',  ( 0.000000000000000000, 0.000000000000000000, 1.000000000000000000 ) ) ;
#10480 = EDGE_CURVE ( 'NONE', #2320, #9731, #5680, .T. ) ;
#10481 = CIRCLE ( 'NONE', #1295, 0.1150000000000000883 ) ;
#10482 = ORIENTED_EDGE ( 'NONE', *, *, #5741, .F. ) ;
#10483 = FACE_OUTER_BOUND ( 'NONE', #3292, .T. ) ;
#10484 = DIRECTION ( 'NONE',  ( 0.000000000000000000, -1.000000000000000000, 0.000000000000000000 ) ) ;
#10485 = CARTESIAN_POINT ( 'NONE',  ( -2.500000000000002220, 0.000000000000000000, -0.3650000000000001021 ) ) ;
#10486 = EDGE_CURVE ( 'NONE', #490, #615, #8500, .T. ) ;
#10487 = CARTESIAN_POINT ( 'NONE',  ( 0.6350000000000007860, 0.6614108798023734526, 2.500000000000001332 ) ) ;
#10488 = DIRECTION ( 'NONE',  ( 0.000000000000000000, -0.000000000000000000, -1.000000000000000000 ) ) ;
#10489 = FACE_OUTER_BOUND ( 'NONE', #334, .T. ) ;
#10490 = COLOUR_RGB ( '',0.7921568627450980005, 0.8196078431372548767, 0.9333333333333333481 ) ;
#10491 = ADVANCED_FACE ( 'NONE', ( #2734 ), #6097, .F. ) ;
#10492 = ORIENTED_EDGE ( 'NONE', *, *, #1114, .T. ) ;
#10493 = VECTOR ( 'NONE', #7974, 1000.000000000000000 ) ;
#10494 = EDGE_CURVE ( 'NONE', #9698, #10118, #1057, .T. ) ;
#10495 = PLANE ( 'NONE',  #10811 ) ;
#10496 = LINE ( 'NONE', #1253, #9416 ) ;
#10497 = DIRECTION ( 'NONE',  ( 0.000000000000000000, 0.000000000000000000, -1.000000000000000000 ) ) ;
#10498 = LINE ( 'NONE', #2763, #3111 ) ;
#10499 = LINE ( 'NONE', #160, #4066 ) ;
#10500 = ORIENTED_EDGE ( 'NONE', *, *, #7213, .T. ) ;
#10501 = DIRECTION ( 'NONE',  ( -0.000000000000000000, -1.000000000000000000, -0.000000000000000000 ) ) ;
#10502 = ORIENTED_EDGE ( 'NONE', *, *, #3747, .T. ) ;
#10503 = EDGE_LOOP ( 'NONE', ( #2353, #3503, #826, #7381, #1203 ) ) ;
#10504 = ORIENTED_EDGE ( 'NONE', *, *, #9227, .T. ) ;
#10505 = FACE_OUTER_BOUND ( 'NONE', #4373, .T. ) ;
#10506 = VERTEX_POINT ( 'NONE', #6513 ) ;
#10507 = ORIENTED_EDGE ( 'NONE', *, *, #5032, .F. ) ;
#10508 = DIRECTION ( 'NONE',  ( 0.000000000000000000, -1.000000000000000000, 0.000000000000000000 ) ) ;
#10509 = ORIENTED_EDGE ( 'NONE', *, *, #2807, .T. ) ;
#10510 =( NAMED_UNIT ( * ) SI_UNIT ( $, .STERADIAN. ) SOLID_ANGLE_UNIT ( ) );
#10511 = ORIENTED_EDGE ( 'NONE', *, *, #6069, .F. ) ;
#10512 = DIRECTION ( 'NONE',  ( -7.608436298143875282E-16, 0.000000000000000000, -1.000000000000000000 ) ) ;
#10513 = CARTESIAN_POINT ( 'NONE',  ( 0.1350000000000007860, 0.1999999999999999833, -2.500000000000001332 ) ) ;
#10514 = EDGE_CURVE ( 'NONE', #5900, #4637, #1492, .T. ) ;
#10515 = CARTESIAN_POINT ( 'NONE',  ( -2.215000000000000746, 0.05000000000000002359, -1.634999999999999343 ) ) ;
#10516 = DIRECTION ( 'NONE',  ( 0.000000000000000000, -1.000000000000000000, 0.000000000000000000 ) ) ;
#10517 = VECTOR ( 'NONE', #4873, 1000.000000000000000 ) ;
#10518 = ORIENTED_EDGE ( 'NONE', *, *, #4590, .F. ) ;
#10519 = EDGE_LOOP ( 'NONE', ( #9558, #4578, #6995, #5247 ) ) ;
#10520 = EDGE_CURVE ( 'NONE', #8520, #3880, #8226, .T. ) ;
#10521 = CIRCLE ( 'NONE', #7328, 0.1150000000000000883 ) ;
#10522 = ORIENTED_EDGE ( 'NONE', *, *, #10527, .F. ) ;
#10523 = DIRECTION ( 'NONE',  ( 0.000000000000000000, 0.000000000000000000, -1.000000000000000000 ) ) ;
#10524 = ORIENTED_EDGE ( 'NONE', *, *, #2647, .T. ) ;
#10525 = DIRECTION ( 'NONE',  ( -1.000000000000000000, 0.000000000000000000, 8.673617379884035472E-17 ) ) ;
#10526 = DIRECTION ( 'NONE',  ( 0.000000000000000000, 1.000000000000000000, 0.000000000000000000 ) ) ;
#10527 = EDGE_CURVE ( 'NONE', #4686, #2061, #2327, .T. ) ;
#10528 = DIRECTION ( 'NONE',  ( 0.000000000000000000, 0.000000000000000000, -1.000000000000000000 ) ) ;
#10529 = DIRECTION ( 'NONE',  ( -0.000000000000000000, -1.000000000000000000, -0.000000000000000000 ) ) ;
#10530 = CARTESIAN_POINT ( 'NONE',  ( -2.500000000000002220, 0.1999999999999999833, 1.635000000000000009 ) ) ;
#10531 = DIRECTION ( 'NONE',  ( 0.000000000000000000, 1.000000000000000000, 0.000000000000000000 ) ) ;
#10532 = EDGE_LOOP ( 'NONE', ( #5786, #823, #1137, #6749 ) ) ;
#10533 = PLANE ( 'NONE',  #3390 ) ;
#10534 = CARTESIAN_POINT ( 'NONE',  ( 1.250000000000000666, 0.2000000000000000111, -2.215000000000001190 ) ) ;
#10535 = DIRECTION ( 'NONE',  ( -1.000000000000000000, 0.000000000000000000, 7.608436298143875282E-16 ) ) ;
#10536 = DIRECTION ( 'NONE',  ( 1.000000000000000000, 0.000000000000000000, -7.608436298143876268E-16 ) ) ;
#10537 = CARTESIAN_POINT ( 'NONE',  ( 1.750000000000000222, 0.000000000000000000, -1.634999999999998899 ) ) ;
#10538 = VECTOR ( 'NONE', #3862, 1000.000000000000000 ) ;
#10539 = EDGE_CURVE ( 'NONE', #8970, #9488, #6228, .T. ) ;
#10540 = FACE_OUTER_BOUND ( 'NONE', #7713, .T. ) ;
#10541 = EDGE_CURVE ( 'NONE', #6492, #4949, #5328, .T. ) ;
#10542 = DIRECTION ( 'NONE',  ( 0.000000000000000000, -1.000000000000000000, 0.000000000000000000 ) ) ;
#10543 = EDGE_LOOP ( 'NONE', ( #8006, #8109, #9965, #6824 ) ) ;
#10544 = VECTOR ( 'NONE', #9313, 1000.000000000000000 ) ;
#10545 = LINE ( 'NONE', #8702, #4615 ) ;
#10546 = CARTESIAN_POINT ( 'NONE',  ( 1.250000000000000888, 0.2000000000000000111, 2.215000000000001190 ) ) ;
#10547 = DIRECTION ( 'NONE',  ( 0.000000000000000000, 1.000000000000000000, 0.000000000000000000 ) ) ;
#10548 = LINE ( 'NONE', #7889, #7529 ) ;
#10549 = VECTOR ( 'NONE', #8722, 1000.000000000000000 ) ;
#10550 = CARTESIAN_POINT ( 'NONE',  ( -1.749999999999999778, 0.2000000000000000111, -0.8561231671485025618 ) ) ;
#10551 = ORIENTED_EDGE ( 'NONE', *, *, #263, .T. ) ;
#10552 = EDGE_CURVE ( 'NONE', #6848, #9251, #9028, .T. ) ;
#10553 = ORIENTED_EDGE ( 'NONE', *, *, #4222, .T. ) ;
#10554 = CARTESIAN_POINT ( 'NONE',  ( -1.749999999999999112, 0.04999999999999999584, 2.215000000000001190 ) ) ;
#10555 = VECTOR ( 'NONE', #9742, 1000.000000000000000 ) ;
#10556 = ORIENTED_EDGE ( 'NONE', *, *, #5602, .T. ) ;
#10557 = ORIENTED_EDGE ( 'NONE', *, *, #5984, .F. ) ;
#10558 = ORIENTED_EDGE ( 'NONE', *, *, #1343, .F. ) ;
#10559 = PLANE ( 'NONE',  #2190 ) ;
#10560 = VERTEX_POINT ( 'NONE', #9057 ) ;
#10561 = DIRECTION ( 'NONE',  ( 0.000000000000000000, 0.000000000000000000, -1.000000000000000000 ) ) ;
#10562 =( NAMED_UNIT ( * ) PLANE_ANGLE_UNIT ( ) SI_UNIT ( $, .RADIAN. ) );
#10563 = DIRECTION ( 'NONE',  ( 0.000000000000000000, 0.000000000000000000, -1.000000000000000000 ) ) ;
#10564 = LINE ( 'NONE', #8778, #5323 ) ;
#10565 = ORIENTED_EDGE ( 'NONE', *, *, #10324, .F. ) ;
#10566 = EDGE_LOOP ( 'NONE', ( #7414, #489, #1767, #8402 ) ) ;
#10567 = ORIENTED_EDGE ( 'NONE', *, *, #8742, .T. ) ;
#10568 = CLOSED_SHELL ( 'NONE', ( #649, #3467, #5370, #4758, #3704, #5457 ) ) ;
#10569 = CYLINDRICAL_SURFACE ( 'NONE', #1848, 0.1150000000000000883 ) ;
#10570 = VERTEX_POINT ( 'NONE', #9790 ) ;
#10571 = SURFACE_STYLE_FILL_AREA ( #5531 ) ;
#10572 = LINE ( 'NONE', #4494, #4511 ) ;
#10573 = CARTESIAN_POINT ( 'NONE',  ( 1.865000000000000879, 0.1999999999999999833, 2.215000000000001190 ) ) ;
#10574 = LINE ( 'NONE', #3059, #9922 ) ;
#10575 = PLANE ( 'NONE',  #1439 ) ;
#10576 = CARTESIAN_POINT ( 'NONE',  ( -0.3649999999999992140, 0.1999999999999999833, 2.500000000000001332 ) ) ;
#10577 = EDGE_CURVE ( 'NONE', #775, #4537, #7805, .T. ) ;
#10578 = EDGE_CURVE ( 'NONE', #1109, #6919, #8021, .T. ) ;
#10579 = ORIENTED_EDGE ( 'NONE', *, *, #8427, .T. ) ;
#10580 = CARTESIAN_POINT ( 'NONE',  ( 2.215000000000000746, 0.6614108798023753399, -1.865000000000001101 ) ) ;
#10581 = EDGE_CURVE ( 'NONE', #4735, #7770, #8151, .T. ) ;
#10582 = CARTESIAN_POINT ( 'NONE',  ( -2.215000000000000746, 0.000000000000000000, -1.249999999999999778 ) ) ;
#10583 = DIRECTION ( 'NONE',  ( 0.000000000000000000, 0.000000000000000000, -1.000000000000000000 ) ) ;
#10584 = DIRECTION ( 'NONE',  ( -1.000000000000000000, 0.000000000000000000, -1.521687259628770718E-15 ) ) ;
#10585 = PRESENTATION_STYLE_ASSIGNMENT (( #1244 ) ) ;
#10586 = DIRECTION ( 'NONE',  ( -0.000000000000000000, -1.000000000000000000, -0.000000000000000000 ) ) ;
#10587 = DIRECTION ( 'NONE',  ( 0.000000000000000000, 0.000000000000000000, -1.000000000000000000 ) ) ;
#10588 = ORIENTED_EDGE ( 'NONE', *, *, #2290, .F. ) ;
#10589 = VECTOR ( 'NONE', #8641, 1000.000000000000000 ) ;
#10590 = EDGE_CURVE ( 'NONE', #6366, #1622, #7299, .T. ) ;
#10591 = LINE ( 'NONE', #10708, #8490 ) ;
#10592 = LINE ( 'NONE', #5502, #5237 ) ;
#10593 = PLANE ( 'NONE',  #6113 ) ;
#10594 = CARTESIAN_POINT ( 'NONE',  ( -1.134999999999999343, 0.1999999999999999833, 2.500000000000001332 ) ) ;
#10595 = SURFACE_STYLE_FILL_AREA ( #6558 ) ;
#10596 = FILL_AREA_STYLE_COLOUR ( '', #9408 ) ;
#10597 = CARTESIAN_POINT ( 'NONE',  ( -0.1349999999999992595, 0.04999999999999969746, -2.500000000000001332 ) ) ;
#10598 = VECTOR ( 'NONE', #6231, 1000.000000000000000 ) ;
#10599 = EDGE_LOOP ( 'NONE', ( #10720, #2782, #2217, #1486 ) ) ;
#10600 = CARTESIAN_POINT ( 'NONE',  ( -2.500000000000002220, 0.6614108798023753399, -0.8650000000000001021 ) ) ;
#10601 = ORIENTED_EDGE ( 'NONE', *, *, #3622, .T. ) ;
#10602 = VERTEX_POINT ( 'NONE', #8176 ) ;
#10603 = DIRECTION ( 'NONE',  ( 3.771137991253918417E-15, -0.000000000000000000, 1.000000000000000000 ) ) ;
#10604 = ORIENTED_EDGE ( 'NONE', *, *, #222, .T. ) ;
#10605 = ADVANCED_FACE ( 'NONE', ( #5625 ), #449, .F. ) ;
#10606 = VECTOR ( 'NONE', #4874, 1000.000000000000000 ) ;
#10607 = EDGE_LOOP ( 'NONE', ( #6308, #6331, #2576, #8711, #4060 ) ) ;
#10608 = FACE_OUTER_BOUND ( 'NONE', #6322, .T. ) ;
#10609 = DIRECTION ( 'NONE',  ( 1.000000000000000000, -0.000000000000000000, 1.521687259628770718E-15 ) ) ;
#10610 = AXIS2_PLACEMENT_3D ( 'NONE', #6832, #10077, #4218 ) ;
#10611 = DIRECTION ( 'NONE',  ( -0.000000000000000000, -1.000000000000000000, -0.000000000000000000 ) ) ;
#10612 = CARTESIAN_POINT ( 'NONE',  ( 2.215000000000000746, 0.1999999999999999833, -0.3650000000000011569 ) ) ;
#10613 = VECTOR ( 'NONE', #4563, 1000.000000000000000 ) ;
#10614 = ORIENTED_EDGE ( 'NONE', *, *, #9389, .F. ) ;
#10615 = ORIENTED_EDGE ( 'NONE', *, *, #8269, .F. ) ;
#10616 = AXIS2_PLACEMENT_3D ( 'NONE', #1198, #1921, #2136 ) ;
#10617 = EDGE_LOOP ( 'NONE', ( #10227, #7404, #5629, #3332, #9394 ) ) ;
#10618 = VECTOR ( 'NONE', #7698, 1000.000000000000000 ) ;
#10619 = EDGE_LOOP ( 'NONE', ( #811, #3099, #7970, #5603 ) ) ;
#10620 = LINE ( 'NONE', #9687, #6957 ) ;
#10621 = VECTOR ( 'NONE', #954, 1000.000000000000000 ) ;
#10622 = VECTOR ( 'NONE', #10102, 1000.000000000000000 ) ;
#10623 = VERTEX_POINT ( 'NONE', #4802 ) ;
#10624 = LINE ( 'NONE', #3217, #10517 ) ;
#10625 = DIRECTION ( 'NONE',  ( 0.000000000000000000, 1.000000000000000000, -0.000000000000000000 ) ) ;
#10626 = CARTESIAN_POINT ( 'NONE',  ( 0.8650000000000007683, 0.6614108798023734526, 2.500000000000001332 ) ) ;
#10627 = CARTESIAN_POINT ( 'NONE',  ( 2.500000000000002220, 0.1999999999999999833, 0.1349999999999999256 ) ) ;
#10628 = VECTOR ( 'NONE', #9989, 1000.000000000000000 ) ;
#10629 = CARTESIAN_POINT ( 'NONE',  ( 2.499999999999999556, 0.2000000000000005107, 1.134999999999998899 ) ) ;
#10630 = VECTOR ( 'NONE', #1326, 1000.000000000000000 ) ;
#10631 = VECTOR ( 'NONE', #5349, 1000.000000000000000 ) ;
#10632 = EDGE_CURVE ( 'NONE', #3039, #8930, #2115, .T. ) ;
#10633 = VECTOR ( 'NONE', #92, 1000.000000000000000 ) ;
#10634 = ORIENTED_EDGE ( 'NONE', *, *, #1138, .F. ) ;
#10635 = CARTESIAN_POINT ( 'NONE',  ( -2.215000000000000746, 0.000000000000000000, -0.2499999999999997780 ) ) ;
#10636 = VECTOR ( 'NONE', #7740, 1000.000000000000000 ) ;
#10637 = AXIS2_PLACEMENT_3D ( 'NONE', #4571, #6856, #2813 ) ;
#10638 = CARTESIAN_POINT ( 'NONE',  ( -1.634999999999999343, 0.2000000000000000111, -2.500000000000001332 ) ) ;
#10639 = LINE ( 'NONE', #7374, #9546 ) ;
#10640 = CARTESIAN_POINT ( 'NONE',  ( 2.499999999999999556, 0.05000000000000000278, 2.499999999999998668 ) ) ;
#10641 = SURFACE_STYLE_USAGE ( .BOTH. , #4835 ) ;
#10642 = AXIS2_PLACEMENT_3D ( 'NONE', #6250, #5292, #7848 ) ;
#10643 = DIRECTION ( 'NONE',  ( 1.000000000000000000, 0.000000000000000000, 1.521687259628770718E-15 ) ) ;
#10644 = EDGE_CURVE ( 'NONE', #4867, #1109, #3145, .T. ) ;
#10645 = LINE ( 'NONE', #2249, #10081 ) ;
#10646 = EDGE_CURVE ( 'NONE', #10691, #7615, #8941, .T. ) ;
#10647 = VECTOR ( 'NONE', #561, 1000.000000000000000 ) ;
#10648 = EDGE_CURVE ( 'NONE', #5177, #8675, #6748, .T. ) ;
#10649 = AXIS2_PLACEMENT_3D ( 'NONE', #4462, #5395, #432 ) ;
#10650 = DIRECTION ( 'NONE',  ( 0.000000000000000000, 0.000000000000000000, -1.000000000000000000 ) ) ;
#10651 = AXIS2_PLACEMENT_3D ( 'NONE', #9314, #4909, #2643 ) ;
#10652 = CYLINDRICAL_SURFACE ( 'NONE', #10722, 0.1150000000000000883 ) ;
#10653 = CARTESIAN_POINT ( 'NONE',  ( 0.8650000000000009903, 0.2000000000000000111, 2.215000000000001190 ) ) ;
#10654 = VECTOR ( 'NONE', #2070, 1000.000000000000000 ) ;
#10655 = DIRECTION ( 'NONE',  ( 0.000000000000000000, -1.000000000000000000, 0.000000000000000000 ) ) ;
#10656 = EDGE_CURVE ( 'NONE', #1394, #4745, #612, .T. ) ;
#10657 = ORIENTED_EDGE ( 'NONE', *, *, #3161, .T. ) ;
#10658 = LINE ( 'NONE', #9874, #10464 ) ;
#10659 =( GEOMETRIC_REPRESENTATION_CONTEXT ( 3 ) GLOBAL_UNCERTAINTY_ASSIGNED_CONTEXT ( ( #9868 ) ) GLOBAL_UNIT_ASSIGNED_CONTEXT ( ( #6121, #9606, #8630 ) ) REPRESENTATION_CONTEXT ( 'NONE', 'WORKASPACE' ) );
#10660 = EDGE_LOOP ( 'NONE', ( #3995, #10511, #10426, #7912, #7572 ) ) ;
#10661 = PRESENTATION_LAYER_ASSIGNMENT (  '', '', ( #4809 ) ) ;
#10662 = VERTEX_POINT ( 'NONE', #3987 ) ;
#10663 = CARTESIAN_POINT ( 'NONE',  ( 2.500000000000001332, 0.6614108798023753399, 0.3650000000000005462 ) ) ;
#10664 = EDGE_LOOP ( 'NONE', ( #8781, #8013, #6506, #3895 ) ) ;
#10665 = ORIENTED_EDGE ( 'NONE', *, *, #842, .F. ) ;
#10666 =( NAMED_UNIT ( * ) PLANE_ANGLE_UNIT ( ) SI_UNIT ( $, .RADIAN. ) );
#10667 = CARTESIAN_POINT ( 'NONE',  ( -1.316259479578881110E-15, 0.05000000000000000278, -0.8649999999999963274 ) ) ;
#10668 = ORIENTED_EDGE ( 'NONE', *, *, #4449, .T. ) ;
#10669 = CARTESIAN_POINT ( 'NONE',  ( 1.135000000000000675, 0.000000000000000000, 2.215000000000001190 ) ) ;
#10670 = CARTESIAN_POINT ( 'NONE',  ( 0.7500000000000008882, 0.2000000000000000111, 2.215000000000001190 ) ) ;
#10671 = DIRECTION ( 'NONE',  ( 0.000000000000000000, -1.000000000000000000, 0.000000000000000000 ) ) ;
#10672 = EDGE_CURVE ( 'NONE', #552, #923, #7351, .T. ) ;
#10673 = DIRECTION ( 'NONE',  ( 0.000000000000000000, -1.000000000000000000, 0.000000000000000000 ) ) ;
#10674 = EDGE_CURVE ( 'NONE', #8194, #5863, #5686, .T. ) ;
#10675 = ORIENTED_EDGE ( 'NONE', *, *, #466, .F. ) ;
#10676 = ORIENTED_EDGE ( 'NONE', *, *, #8798, .T. ) ;
#10677 = EDGE_LOOP ( 'NONE', ( #6175, #4081, #10765, #10518 ) ) ;
#10678 = ORIENTED_EDGE ( 'NONE', *, *, #9031, .T. ) ;
#10679 = ORIENTED_EDGE ( 'NONE', *, *, #10236, .F. ) ;
#10680 = SURFACE_STYLE_FILL_AREA ( #7405 ) ;
#10681 = EDGE_LOOP ( 'NONE', ( #629, #531, #4447, #5540 ) ) ;
#10682 =( NAMED_UNIT ( * ) PLANE_ANGLE_UNIT ( ) SI_UNIT ( $, .RADIAN. ) );
#10683 = VECTOR ( 'NONE', #8723, 1000.000000000000000 ) ;
#10684 = CARTESIAN_POINT ( 'NONE',  ( 2.215000000000000746, 0.000000000000000000, -0.3650000000000011569 ) ) ;
#10685 = CARTESIAN_POINT ( 'NONE',  ( -2.500000000000001332, 0.000000000000000000, -1.634999999999999565 ) ) ;
#10686 = CARTESIAN_POINT ( 'NONE',  ( -0.8649999999999992140, 0.04999999999999969746, -2.500000000000001332 ) ) ;
#10687 = PLANE ( 'NONE',  #6031 ) ;
#10688 = ADVANCED_FACE ( 'NONE', ( #2991 ), #8441, .T. ) ;
#10689 = CARTESIAN_POINT ( 'NONE',  ( 2.215000000000000746, 0.1999999999999999833, 0.6349999999999988987 ) ) ;
#10690 = ORIENTED_EDGE ( 'NONE', *, *, #3353, .F. ) ;
#10691 = VERTEX_POINT ( 'NONE', #5796 ) ;
#10692 = ADVANCED_FACE ( 'NONE', ( #10110 ), #4245, .F. ) ;
#10693 = VECTOR ( 'NONE', #1386, 1000.000000000000000 ) ;
#10694 = ORIENTED_EDGE ( 'NONE', *, *, #302, .T. ) ;
#10695 = DIRECTION ( 'NONE',  ( -1.000000000000000000, 0.000000000000000000, -7.608436298143875282E-16 ) ) ;
#10696 = DIRECTION ( 'NONE',  ( 0.000000000000000000, -1.000000000000000000, 0.000000000000000000 ) ) ;
#10697 = DIRECTION ( 'NONE',  ( 0.000000000000000000, 1.000000000000000000, 0.000000000000000000 ) ) ;
#10698 = DIRECTION ( 'NONE',  ( 1.000000000000000000, -0.000000000000000000, 7.608436298143875282E-16 ) ) ;
#10699 = DIRECTION ( 'NONE',  ( 0.000000000000000000, 0.000000000000000000, 1.000000000000000000 ) ) ;
#10700 = VECTOR ( 'NONE', #9035, 1000.000000000000000 ) ;
#10701 = EDGE_CURVE ( 'NONE', #3923, #4793, #7511, .T. ) ;
#10702 = CARTESIAN_POINT ( 'NONE',  ( -2.215000000000000746, 0.05000000000000002359, 0.7500000000000002220 ) ) ;
#10703 = PLANE ( 'NONE',  #3381 ) ;
#10704 = ORIENTED_EDGE ( 'NONE', *, *, #7649, .F. ) ;
#10705 = ORIENTED_EDGE ( 'NONE', *, *, #10706, .T. ) ;
#10706 = EDGE_CURVE ( 'NONE', #4489, #6099, #5742, .T. ) ;
#10707 = AXIS2_PLACEMENT_3D ( 'NONE', #4075, #7441, #3249 ) ;
#10708 = CARTESIAN_POINT ( 'NONE',  ( -0.6349999999999992317, 0.2000000000000000111, -2.215000000000001190 ) ) ;
#10709 = LINE ( 'NONE', #3018, #4544 ) ;
#10710 = DIRECTION ( 'NONE',  ( 0.000000000000000000, 0.000000000000000000, -1.000000000000000000 ) ) ;
#10711 = CARTESIAN_POINT ( 'NONE',  ( 1.635000000000000231, 0.000000000000000000, -1.749999999999998446 ) ) ;
#10712 = VERTEX_POINT ( 'NONE', #1545 ) ;
#10713 = DIRECTION ( 'NONE',  ( 0.000000000000000000, 1.000000000000000000, 0.000000000000000000 ) ) ;
#10714 = AXIS2_PLACEMENT_3D ( 'NONE', #4778, #6553, #2376 ) ;
#10715 = EDGE_LOOP ( 'NONE', ( #3886, #2225, #6589, #5793 ) ) ;
#10716 = ADVANCED_FACE ( 'NONE', ( #9954 ), #2609, .T. ) ;
#10717 = EDGE_CURVE ( 'NONE', #2400, #3112, #10052, .T. ) ;
#10718 = EDGE_LOOP ( 'NONE', ( #8015, #6143 ) ) ;
#10719 = DIRECTION ( 'NONE',  ( 0.000000000000000000, -0.000000000000000000, 1.000000000000000000 ) ) ;
#10720 = ORIENTED_EDGE ( 'NONE', *, *, #2151, .T. ) ;
#10721 = ORIENTED_EDGE ( 'NONE', *, *, #6333, .T. ) ;
#10722 = AXIS2_PLACEMENT_3D ( 'NONE', #1408, #10764, #3076 ) ;
#10723 = PLANE ( 'NONE',  #6816 ) ;
#10724 =( NAMED_UNIT ( * ) PLANE_ANGLE_UNIT ( ) SI_UNIT ( $, .RADIAN. ) );
#10725 = ADVANCED_FACE ( 'NONE', ( #6633 ), #1762, .T. ) ;
#10726 = ORIENTED_EDGE ( 'NONE', *, *, #6741, .T. ) ;
#10727 = CARTESIAN_POINT ( 'NONE',  ( -1.134999999999999343, 0.000000000000000000, -2.500000000000001332 ) ) ;
#10728 = DIRECTION ( 'NONE',  ( -0.000000000000000000, -1.000000000000000000, 0.000000000000000000 ) ) ;
#10729 = DIRECTION ( 'NONE',  ( 0.000000000000000000, -1.000000000000000000, 0.000000000000000000 ) ) ;
#10730 = LINE ( 'NONE', #4692, #9749 ) ;
#10731 = ORIENTED_EDGE ( 'NONE', *, *, #8180, .F. ) ;
#10732 = VERTEX_POINT ( 'NONE', #10009 ) ;
#10733 = AXIS2_PLACEMENT_3D ( 'NONE', #9920, #2361, #1301 ) ;
#10734 = ORIENTED_EDGE ( 'NONE', *, *, #10199, .T. ) ;
#10735 = EDGE_CURVE ( 'NONE', #8307, #3718, #7105, .T. ) ;
#10736 = ORIENTED_EDGE ( 'NONE', *, *, #3306, .F. ) ;
#10737 =( LENGTH_UNIT ( ) NAMED_UNIT ( * ) SI_UNIT ( .MILLI., .METRE. ) );
#10738 = EDGE_CURVE ( 'NONE', #1434, #4589, #3365, .T. ) ;
#10739 = ORIENTED_EDGE ( 'NONE', *, *, #1061, .T. ) ;
#10740 =( LENGTH_UNIT ( ) NAMED_UNIT ( * ) SI_UNIT ( .MILLI., .METRE. ) );
#10741 = DIRECTION ( 'NONE',  ( 0.000000000000000000, -0.000000000000000000, 1.000000000000000000 ) ) ;
#10742 = CARTESIAN_POINT ( 'NONE',  ( 1.865000000000000879, 0.6614108798023734526, -2.215000000000001190 ) ) ;
#10743 = DIRECTION ( 'NONE',  ( 0.000000000000000000, 0.000000000000000000, -1.000000000000000000 ) ) ;
#10744 = DIRECTION ( 'NONE',  ( 0.000000000000000000, 0.000000000000000000, -1.000000000000000000 ) ) ;
#10745 = LINE ( 'NONE', #8907, #49 ) ;
#10746 = VERTEX_POINT ( 'NONE', #5848 ) ;
#10747 = VERTEX_POINT ( 'NONE', #1658 ) ;
#10748 = ORIENTED_EDGE ( 'NONE', *, *, #9288, .F. ) ;
#10749 = PLANE ( 'NONE',  #8699 ) ;
#10750 = ORIENTED_EDGE ( 'NONE', *, *, #3512, .F. ) ;
#10751 = LINE ( 'NONE', #8912, #2536 ) ;
#10752 = FACE_OUTER_BOUND ( 'NONE', #5023, .T. ) ;
#10753 = LINE ( 'NONE', #2133, #4714 ) ;
#10754 = DIRECTION ( 'NONE',  ( -0.000000000000000000, -1.000000000000000000, -0.000000000000000000 ) ) ;
#10755 = EDGE_CURVE ( 'NONE', #7770, #8209, #5121, .T. ) ;
#10756 = DIRECTION ( 'NONE',  ( -1.000000000000000000, 0.000000000000000000, 1.521687259628770718E-15 ) ) ;
#10757 = LINE ( 'NONE', #8969, #6728 ) ;
#10758 = ORIENTED_EDGE ( 'NONE', *, *, #6269, .T. ) ;
#10759 = VERTEX_POINT ( 'NONE', #61 ) ;
#10760 = VERTEX_POINT ( 'NONE', #6738 ) ;
#10761 = ORIENTED_EDGE ( 'NONE', *, *, #3285, .F. ) ;
#10762 = DIRECTION ( 'NONE',  ( 1.000000000000000000, 0.000000000000000000, -3.771137991253918417E-15 ) ) ;
#10763 = UNCERTAINTY_MEASURE_WITH_UNIT (LENGTH_MEASURE( 1.000000000000000082E-05 ), #6512, 'distance_accuracy_value', 'NONE');
#10764 = DIRECTION ( 'NONE',  ( 0.000000000000000000, -1.000000000000000000, 0.000000000000000000 ) ) ;
#10765 = ORIENTED_EDGE ( 'NONE', *, *, #7995, .T. ) ;
#10766 = LINE ( 'NONE', #3970, #1693 ) ;
#10767 = LINE ( 'NONE', #10711, #10362 ) ;
#10768 = PLANE ( 'NONE',  #5293 ) ;
#10769 = ORIENTED_EDGE ( 'NONE', *, *, #682, .F. ) ;
#10770 = CARTESIAN_POINT ( 'NONE',  ( 2.499999999999999556, 0.05000000000000000278, 2.499999999999998668 ) ) ;
#10771 = EDGE_CURVE ( 'NONE', #2650, #5265, #4306, .T. ) ;
#10772 = VERTEX_POINT ( 'NONE', #7460 ) ;
#10773 = DIRECTION ( 'NONE',  ( 1.000000000000000000, 0.000000000000000000, -7.608436298143875282E-16 ) ) ;
#10774 = ORIENTED_EDGE ( 'NONE', *, *, #10107, .T. ) ;
#10775 = ORIENTED_EDGE ( 'NONE', *, *, #8566, .F. ) ;
#10776 = CARTESIAN_POINT ( 'NONE',  ( -1.749999999999999334, 0.2000000000000000111, -2.215000000000001190 ) ) ;
#10777 = CARTESIAN_POINT ( 'NONE',  ( 0.3650000000000007683, 0.05000000000000000278, 0.000000000000000000 ) ) ;
#10778 = DIRECTION ( 'NONE',  ( 0.000000000000000000, 0.000000000000000000, -1.000000000000000000 ) ) ;
#10779 = CARTESIAN_POINT ( 'NONE',  ( 2.499999999999999556, 0.2000000000000005107, -0.8650000000000007683 ) ) ;
#10780 = DIRECTION ( 'NONE',  ( 0.000000000000000000, 0.000000000000000000, -1.000000000000000000 ) ) ;
#10781 = VECTOR ( 'NONE', #7603, 1000.000000000000000 ) ;
#10782 = CARTESIAN_POINT ( 'NONE',  ( -2.215000000000000746, 0.1999999999999999833, 0.7500000000000002220 ) ) ;
#10783 = LINE ( 'NONE', #4804, #7275 ) ;
#10784 = EDGE_CURVE ( 'NONE', #3565, #4018, #46, .T. ) ;
#10785 = ORIENTED_EDGE ( 'NONE', *, *, #3483, .T. ) ;
#10786 = ORIENTED_EDGE ( 'NONE', *, *, #179, .T. ) ;
#10787 = EDGE_CURVE ( 'NONE', #7178, #1722, #4276, .T. ) ;
#10788 = ORIENTED_EDGE ( 'NONE', *, *, #10276, .F. ) ;
#10789 = AXIS2_PLACEMENT_3D ( 'NONE', #1845, #5199, #2623 ) ;
#10790 = VERTEX_POINT ( 'NONE', #9224 ) ;
#10791 = ORIENTED_EDGE ( 'NONE', *, *, #9718, .F. ) ;
#10792 = ORIENTED_EDGE ( 'NONE', *, *, #7329, .F. ) ;
#10793 = DIRECTION ( 'NONE',  ( 0.000000000000000000, 0.000000000000000000, -1.000000000000000000 ) ) ;
#10794 = VECTOR ( 'NONE', #6897, 1000.000000000000000 ) ;
#10795 = LINE ( 'NONE', #7697, #7255 ) ;
#10796 = LINE ( 'NONE', #3952, #7965 ) ;
#10797 = DIRECTION ( 'NONE',  ( 0.000000000000000000, 0.000000000000000000, -1.000000000000000000 ) ) ;
#10798 = EDGE_CURVE ( 'NONE', #1155, #9111, #5020, .T. ) ;
#10799 = ORIENTED_EDGE ( 'NONE', *, *, #732, .T. ) ;
#10800 = EDGE_LOOP ( 'NONE', ( #8023, #5807, #9975, #4739 ) ) ;
#10801 = AXIS2_PLACEMENT_3D ( 'NONE', #10702, #8918, #2248 ) ;
#10802 = EDGE_CURVE ( 'NONE', #2039, #2723, #10166, .T. ) ;
#10803 = AXIS2_PLACEMENT_3D ( 'NONE', #7644, #5810, #78 ) ;
#10804 = CIRCLE ( 'NONE', #8315, 0.1150000000000000883 ) ;
#10805 = AXIS2_PLACEMENT_3D ( 'NONE', #7341, #6505, #10719 ) ;
#10806 = ORIENTED_EDGE ( 'NONE', *, *, #5340, .T. ) ;
#10807 = DIRECTION ( 'NONE',  ( 7.608436298143875282E-16, 0.000000000000000000, -1.000000000000000000 ) ) ;
#10808 = ORIENTED_EDGE ( 'NONE', *, *, #6515, .T. ) ;
#10809 = LINE ( 'NONE', #1299, #9390 ) ;
#10810 = PLANE ( 'NONE',  #4247 ) ;
#10812 = LINE ( 'NONE', #1897, #9129 ) ;
#10811 = AXIS2_PLACEMENT_3D ( 'NONE', #2921, #6295, #7007 ) ;
#10813 = VECTOR ( 'NONE', #936, 1000.000000000000000 ) ;
#10814 = DIRECTION ( 'NONE',  ( 0.000000000000000000, 1.000000000000000000, -0.000000000000000000 ) ) ;
#10815 = VECTOR ( 'NONE', #3095, 1000.000000000000000 ) ;
#10816 = AXIS2_PLACEMENT_3D ( 'NONE', #10277, #1045, #4248 ) ;
#10817 = FACE_OUTER_BOUND ( 'NONE', #10869, .T. ) ;
#10818 = ORIENTED_EDGE ( 'NONE', *, *, #10276, .T. ) ;
#10819 = ADVANCED_FACE ( 'NONE', ( #5908 ), #9275, .F. ) ;
#10820 = EDGE_CURVE ( 'NONE', #894, #781, #2349, .T. ) ;
#10821 = AXIS2_PLACEMENT_3D ( 'NONE', #7927, #358, #3733 ) ;
#10822 = EDGE_LOOP ( 'NONE', ( #5252, #9584, #6875, #7081 ) ) ;
#10823 = EDGE_CURVE ( 'NONE', #5143, #5177, #9384, .T. ) ;
#10824 = AXIS2_PLACEMENT_3D ( 'NONE', #7895, #4470, #2876 ) ;
#10825 = DIRECTION ( 'NONE',  ( 0.000000000000000000, 0.000000000000000000, 1.000000000000000000 ) ) ;
#10826 = CIRCLE ( 'NONE', #3581, 0.1150000000000001993 ) ;
#10827 = CARTESIAN_POINT ( 'NONE',  ( 1.134999999999998899, 0.05000000000000000278, 8.635575198393304583E-16 ) ) ;
#10828 = DIRECTION ( 'NONE',  ( 0.000000000000000000, 0.000000000000000000, 1.000000000000000000 ) ) ;
#10829 = CARTESIAN_POINT ( 'NONE',  ( -2.500000000000002220, 0.1999999999999999833, -1.365000000000000213 ) ) ;
#10830 = CYLINDRICAL_SURFACE ( 'NONE', #709, 0.1150000000000000883 ) ;
#10831 = VECTOR ( 'NONE', #7360, 1000.000000000000000 ) ;
#10832 = MECHANICAL_DESIGN_GEOMETRIC_PRESENTATION_REPRESENTATION (  '', ( #10295 ), #4118 ) ;
#10833 = FACE_OUTER_BOUND ( 'NONE', #6044, .T. ) ;
#10834 = ADVANCED_FACE ( 'NONE', ( #270 ), #2047, .T. ) ;
#10835 = AXIS2_PLACEMENT_3D ( 'NONE', #5407, #6254, #441 ) ;
#10836 = EDGE_LOOP ( 'NONE', ( #9602, #7634, #847, #5310 ) ) ;
#10837 = EDGE_CURVE ( 'NONE', #483, #600, #10434, .T. ) ;
#10838 = STYLED_ITEM ( 'NONE', ( #5359 ), #9565 ) ;
#10839 = ORIENTED_EDGE ( 'NONE', *, *, #54, .F. ) ;
#10840 = DIRECTION ( 'NONE',  ( -1.000000000000000000, 0.000000000000000000, -7.608436298143875282E-16 ) ) ;
#10841 = VECTOR ( 'NONE', #9272, 1000.000000000000000 ) ;
#10842 = VERTEX_POINT ( 'NONE', #988 ) ;
#10843 = VERTEX_POINT ( 'NONE', #4467 ) ;
#10844 = FILL_AREA_STYLE ('',( #491 ) ) ;
#10845 = DIRECTION ( 'NONE',  ( 1.000000000000000000, 0.000000000000000000, 0.000000000000000000 ) ) ;
#10846 = CARTESIAN_POINT ( 'NONE',  ( 0.6350000000000007860, 0.2000000000000000111, -2.500000000000001332 ) ) ;
#10847 = PRESENTATION_STYLE_ASSIGNMENT (( #7459 ) ) ;
#10848 = DIRECTION ( 'NONE',  ( 0.000000000000000000, 0.000000000000000000, 1.000000000000000000 ) ) ;
#10849 = LINE ( 'NONE', #3200, #3934 ) ;
#10850 = MECHANICAL_DESIGN_GEOMETRIC_PRESENTATION_REPRESENTATION (  '', ( #7308 ), #9060 ) ;
#10851 = ORIENTED_EDGE ( 'NONE', *, *, #6732, .T. ) ;
#10852 = VERTEX_POINT ( 'NONE', #10221 ) ;
#10853 = EDGE_LOOP ( 'NONE', ( #10786, #3471, #3534, #8400 ) ) ;
#10854 = EDGE_CURVE ( 'NONE', #7611, #1010, #6963, .T. ) ;
#10855 = ORIENTED_EDGE ( 'NONE', *, *, #2637, .F. ) ;
#10856 = FILL_AREA_STYLE ('',( #7468 ) ) ;
#10857 = VERTEX_POINT ( 'NONE', #6246 ) ;
#10858 = FILL_AREA_STYLE_COLOUR ( '', #10294 ) ;
#10859 = ORIENTED_EDGE ( 'NONE', *, *, #496, .F. ) ;
#10860 = LINE ( 'NONE', #4104, #8553 ) ;
#10861 = FACE_OUTER_BOUND ( 'NONE', #51, .T. ) ;
#10862 = DIRECTION ( 'NONE',  ( 1.000000000000000000, 0.000000000000000000, -7.608436298143875282E-16 ) ) ;
#10863 = CYLINDRICAL_SURFACE ( 'NONE', #3919, 0.1150000000000000883 ) ;
#10864 = EDGE_CURVE ( 'NONE', #6946, #6727, #2656, .T. ) ;
#10865 = ORIENTED_EDGE ( 'NONE', *, *, #5290, .T. ) ;
#10866 = ORIENTED_EDGE ( 'NONE', *, *, #6000, .F. ) ;
#10867 = EDGE_CURVE ( 'NONE', #836, #4016, #1209, .T. ) ;
#10868 = CARTESIAN_POINT ( 'NONE',  ( 1.750000000000000666, 0.2000000000000000111, -2.215000000000001190 ) ) ;
#10869 = EDGE_LOOP ( 'NONE', ( #7955, #5730, #10299, #1110 ) ) ;
#10870 = CARTESIAN_POINT ( 'NONE',  ( -1.634999999999999343, 0.2000000000000000111, 2.500000000000001332 ) ) ;
#10871 = DIRECTION ( 'NONE',  ( 0.000000000000000000, -0.000000000000000000, 1.000000000000000000 ) ) ;
#10872 = DIRECTION ( 'NONE',  ( -7.608436298143888101E-16, 0.000000000000000000, -1.000000000000000000 ) ) ;
#10873 = CYLINDRICAL_SURFACE ( 'NONE', #10610, 0.1150000000000000883 ) ;
#10874 = EDGE_CURVE ( 'NONE', #2648, #10351, #1825, .T. ) ;
#10875 = LINE ( 'NONE', #4280, #8674 ) ;
#10876 = EDGE_LOOP ( 'NONE', ( #3499, #5420, #7138, #2340 ) ) ;
#10877 = VECTOR ( 'NONE', #8224, 1000.000000000000000 ) ;
#10878 = ORIENTED_EDGE ( 'NONE', *, *, #8288, .F. ) ;
#10879 = AXIS2_PLACEMENT_3D ( 'NONE', #5699, #8240, #7311 ) ;
#10880 = EDGE_CURVE ( 'NONE', #9251, #7528, #4354, .T. ) ;
#10881 = VECTOR ( 'NONE', #2308, 1000.000000000000000 ) ;
#10882 = DIRECTION ( 'NONE',  ( -0.000000000000000000, -1.000000000000000000, -0.000000000000000000 ) ) ;
#10883 = DIRECTION ( 'NONE',  ( 0.000000000000000000, 1.000000000000000000, 0.000000000000000000 ) ) ;
#10884 = ADVANCED_FACE ( 'NONE', ( #10273 ), #1042, .T. ) ;
#10885 = DIRECTION ( 'NONE',  ( -0.000000000000000000, -1.000000000000000000, -0.000000000000000000 ) ) ;
#10886 = DIRECTION ( 'NONE',  ( -0.000000000000000000, -1.000000000000000000, 0.000000000000000000 ) ) ;
#10887 =( NAMED_UNIT ( * ) PLANE_ANGLE_UNIT ( ) SI_UNIT ( $, .RADIAN. ) );
#10888 = DIRECTION ( 'NONE',  ( 0.000000000000000000, -0.000000000000000000, 1.000000000000000000 ) ) ;
#10889 = EDGE_LOOP ( 'NONE', ( #52, #4140, #9796, #1369 ) ) ;
#10890 = EDGE_LOOP ( 'NONE', ( #2304, #902, #5709, #329 ) ) ;
#10891 = ORIENTED_EDGE ( 'NONE', *, *, #116, .F. ) ;
#10892 = LINE ( 'NONE', #1589, #1265 ) ;
#10893 = EDGE_LOOP ( 'NONE', ( #8110, #6700, #4698, #1890 ) ) ;
#10894 = VERTEX_POINT ( 'NONE', #6013 ) ;
#10895 = LINE ( 'NONE', #4302, #4130 ) ;
#10896 = DIRECTION ( 'NONE',  ( -1.000000000000000000, 0.000000000000000000, 0.000000000000000000 ) ) ;
#10897 = ORIENTED_EDGE ( 'NONE', *, *, #5203, .F. ) ;
#10898 = FACE_OUTER_BOUND ( 'NONE', #5674, .T. ) ;
#10899 = CARTESIAN_POINT ( 'NONE',  ( 2.215000000000000746, 0.6614108798023753399, -1.750000000000000888 ) ) ;
#10900 = CARTESIAN_POINT ( 'NONE',  ( 2.215000000000000746, 0.1999999999999999833, -1.750000000000000888 ) ) ;
#10901 = PLANE ( 'NONE',  #6392 ) ;
#10902 = EDGE_CURVE ( 'NONE', #4367, #9117, #2869, .T. ) ;
#10903 = ORIENTED_EDGE ( 'NONE', *, *, #8412, .T. ) ;
#10904 = ORIENTED_EDGE ( 'NONE', *, *, #5402, .F. ) ;
#10905 = ORIENTED_EDGE ( 'NONE', *, *, #8720, .F. ) ;
#10906 = AXIS2_PLACEMENT_3D ( 'NONE', #3681, #7988, #7880 ) ;
#10907 = LINE ( 'NONE', #5024, #3406 ) ;
#10908 = ORIENTED_EDGE ( 'NONE', *, *, #2628, .F. ) ;
#10909 = SURFACE_STYLE_USAGE ( .BOTH. , #619 ) ;
#10910 = VERTEX_POINT ( 'NONE', #3589 ) ;
#10911 = PLANE ( 'NONE',  #451 ) ;
#10912 = CARTESIAN_POINT ( 'NONE',  ( 1.865000000000000879, 0.6614108798023734526, 2.215000000000001190 ) ) ;
#10913 = DIRECTION ( 'NONE',  ( -7.608436298143875282E-16, 0.000000000000000000, -1.000000000000000000 ) ) ;
#10914 = DIRECTION ( 'NONE',  ( 0.000000000000000000, -1.000000000000000000, 0.000000000000000000 ) ) ;
#10915 = VECTOR ( 'NONE', #1842, 1000.000000000000000 ) ;
#10916 = ORIENTED_EDGE ( 'NONE', *, *, #3087, .T. ) ;
#10917 = VERTEX_POINT ( 'NONE', #9382 ) ;
#10918 = EDGE_CURVE ( 'NONE', #1216, #10118, #6182, .T. ) ;
#10919 = VERTEX_POINT ( 'NONE', #1152 ) ;
#10920 = LINE ( 'NONE', #3335, #4656 ) ;
#10921 = ORIENTED_EDGE ( 'NONE', *, *, #7520, .T. ) ;
#10922 = FACE_OUTER_BOUND ( 'NONE', #6125, .T. ) ;
#10923 = CARTESIAN_POINT ( 'NONE',  ( 1.750000000000000666, 0.000000000000000000, -2.215000000000001190 ) ) ;
#10924 = CYLINDRICAL_SURFACE ( 'NONE', #9962, 0.2500000000000000000 ) ;
#10925 = CARTESIAN_POINT ( 'NONE',  ( -1.749999999999999112, 0.000000000000000000, 2.215000000000001190 ) ) ;
#10926 = CYLINDRICAL_SURFACE ( 'NONE', #4448, 0.1150000000000000883 ) ;
#10927 = EDGE_LOOP ( 'NONE', ( #10050, #3304 ) ) ;
#10928 = ORIENTED_EDGE ( 'NONE', *, *, #9497, .F. ) ;
#10929 = ADVANCED_FACE ( 'NONE', ( #8708 ), #321, .T. ) ;
#10930 = ORIENTED_EDGE ( 'NONE', *, *, #1939, .F. ) ;
#10931 = EDGE_CURVE ( 'NONE', #3037, #483, #4521, .T. ) ;
#10932 = CARTESIAN_POINT ( 'NONE',  ( -0.6349999999999990097, 0.1999999999999999833, 2.215000000000001190 ) ) ;
#10933 = LINE ( 'NONE', #5779, #476 ) ;
#10934 = ORIENTED_EDGE ( 'NONE', *, *, #9614, .T. ) ;
#10935 = CARTESIAN_POINT ( 'NONE',  ( 0.3650000000000009348, 0.04999999999999999584, 2.215000000000001190 ) ) ;
#10936 = DIRECTION ( 'NONE',  ( 0.000000000000000000, 1.000000000000000000, -0.000000000000000000 ) ) ;
#10937 = SURFACE_STYLE_USAGE ( .BOTH. , #3412 ) ;
#10938 = FACE_OUTER_BOUND ( 'NONE', #10315, .T. ) ;
#10939 = ADVANCED_FACE ( 'NONE', ( #3693 ), #7060, .F. ) ;
#10940 = ORIENTED_EDGE ( 'NONE', *, *, #477, .T. ) ;
#10941 = EDGE_LOOP ( 'NONE', ( #4346, #5194, #271, #1808 ) ) ;
#10942 = EDGE_CURVE ( 'NONE', #6492, #2226, #6905, .T. ) ;
#10943 = FACE_OUTER_BOUND ( 'NONE', #6735, .T. ) ;
#10944 = ORIENTED_EDGE ( 'NONE', *, *, #6618, .T. ) ;
#10945 = ORIENTED_EDGE ( 'NONE', *, *, #7595, .F. ) ;
#10946 = CARTESIAN_POINT ( 'NONE',  ( 2.500000000000001332, 0.000000000000000000, -1.634999999999999565 ) ) ;
#10947 = DIRECTION ( 'NONE',  ( -1.000000000000000000, 0.000000000000000000, 0.000000000000000000 ) ) ;
#10948 = SURFACE_STYLE_FILL_AREA ( #2608 ) ;
#10949 = DIRECTION ( 'NONE',  ( 1.000000000000000000, -0.000000000000000000, 7.608436298143876268E-16 ) ) ;
#10950 = DIRECTION ( 'NONE',  ( 1.000000000000000000, 0.000000000000000000, 1.521687259628770718E-15 ) ) ;
ENDSEC;
END-ISO-10303-21;
